TV,Radio,Social Media,Influencer,Sales,Total_Budget,ROI,TV_share,Radio_share,Social Media_share
16.0,6.566230788,2.907982773,Mega,54.73275715,25.474213561,2.1485553231678036,0.6280861217437291,0.2577599018818244,0.11415397637444656
13.0,9.237764567,2.409567204,Mega,46.67789698,24.647331770999998,1.8938316493520455,0.5274404597132001,0.37479775307236846,0.09776178721443154
41.0,15.88644602,2.913410175,Mega,150.1778288,59.799856195000004,2.5113409689529766,0.6856203778534855,0.2656602712922293,0.04871935085428511
83.0,30.02002826,6.922303959,Mega,298.2463398,119.94233221900001,2.4865811284662924,0.691999217160895,0.2502871813863608,0.057713601452744144
15.0,8.437407682,1.40599815,Micro,56.5941808,24.843405832,2.278036320088723,0.603781949280037,0.33962363047388794,0.05659442024607506
29.0,9.614382036,1.02716349,Mega,105.8891476,39.641545526,2.6711659748621477,0.7315557356606984,0.24253297666444773,0.025911287674853806
55.0,24.89381148,4.273602146,Micro,198.6798248,84.167413626,2.360531424701236,0.6534595472351553,0.295765432339602,0.05077502042524269
31.0,17.35504181,2.289854925,Nano,108.7339319,50.644896735,2.1469869406378996,0.6121051082838188,0.3426809595606533,0.045213932155527777
76.0,24.64889821,7.130115956,Macro,270.1894,107.779014166,2.5068832006930157,0.7051465499855628,0.2286984938648265,0.0661549561496107
13.0,0.431127823,2.229423022,Mega,48.28058223,15.660550845000001,3.082942784570998,0.8301112859098795,0.02752954396477361,0.14235917012534688
62.0,24.34518879,5.151483172,Nano,224.9610192,91.49667196200001,2.458679800872209,0.6776202748199363,0.26607731481327473,0.05630241036678898
42.0,15.8073374,3.194924641,Mega,145.5439916,61.002262041,2.385878600734166,0.688499058801648,0.25912706957285925,0.052373871625492695
64.0,20.24042393,3.921147972,Micro,229.6323807,88.16157190199999,2.604676569914819,0.7259398694835218,0.22958329228180235,0.04447683823467588
,22.35166709,3.031815334,Mega,276.1653513,25.383482424,10.879726693406203,,0.880559519637328,0.11944048036267192
34.0,0.226326491,2.372705624,Nano,121.3364193,36.599032115,3.315290385787843,0.9289863156262322,0.006183947441255988,0.06482973693251178
36.0,3.90019598,0.060401795,Nano,123.5261126,39.960597775,3.0911978167974246,0.9008874242247245,0.09760104195538402,0.0015115338198916622
60.0,22.35372075,0.940801841,Mega,212.7643968,83.294522591,2.554362402012125,0.7203354810569863,0.2683696364977465,0.011294882445267222
25.0,9.905842649,1.853224897,Micro,89.8199226,36.759067546,2.4434766330130677,0.6801043026653275,0.26948024828442424,0.050415449050248334
100.0,36.11609149,3.67429598,Macro,353.8046387,139.79038747,2.5309654340569656,0.7153567695880426,0.258358905384326,0.026284325027631315
92.0,40.73698967,4.636563904,Nano,329.3505396,137.37355357400003,2.397481400396229,0.6697067783897843,0.29654171862166984,0.033751502988545665
46.0,12.69509229,3.88458384,Macro,162.1913335,62.579676129999996,2.591757316913427,0.7350629284888247,0.2028628633939848,0.06207420811719053
78.0,35.56822382,2.832450089,Macro,276.4013399,116.400673909,2.3745682101126464,0.6700992131796335,0.3055671640510141,0.024333622769352345
37.0,2.828972458,4.556701242,Micro,128.4846619,44.385673700000005,2.8947327186789997,0.833602307133619,0.06373616129206122,0.10266153157431965
99.0,37.26381865,6.88653481,Nano,349.8615752,143.15035346,2.444014749134103,0.6915805487526319,0.2603124459655106,0.04810700528185759
75.0,20.34898797,1.227180495,Micro,272.2501078,96.576168465,2.8190195586260574,0.7765891025919155,0.21070403075034647,0.012706866657738037
54.0,27.807614,4.060781965,Nano,192.4619083,85.868395965,2.2413590720670684,0.6288693225620567,0.32383991441198456,0.047290763025958665
,34.11167359,4.624148295,Nano,342.9133724,38.735821885,8.852616408089931,,0.8806234624702608,0.11937653752973933
27.0,7.280088955,2.179478014,Micro,96.74937343,36.459566968999994,2.653607310044627,0.7405463708045941,0.19967568350962445,0.05977794568578164
21.0,9.282685174,3.055758381,Mega,76.99292807,33.338443555,2.3094337905421756,0.6299034316150757,0.2784378688430945,0.0916586995418299
40.0,13.05041081,1.971184795,Nano,139.2887894,55.021595605,2.5315294452737094,0.7269872776347668,0.2371870656694308,0.0358256566958024
67.0,24.13761593,5.573093351,Mega,234.8510253,96.71070928099999,2.4283869598931727,0.6927878049712843,0.24958576055797918,0.05762643447073656
90.0,29.02101661,6.431995293,Micro,323.0321827,125.453011903,2.5749256857202263,0.7174000738187761,0.2313297717589992,0.05127015442222467
12.0,3.567660711,3.558311365,Nano,40.79219533,19.125972076,2.1328168402581538,0.6274190902462969,0.1865348698002564,0.1860460399534466
81.0,27.33577511,5.263650376,Micro,290.7775735,113.599425486,2.559674683705469,0.7130317750593065,0.24063304011488035,0.04633518482581316
43.0,16.34871104,2.814013458,Mega,150.6264947,62.162724497999996,2.423099951239206,0.6917328728309434,0.2629986245298177,0.045268502639239004
47.0,17.37652562,1.905040273,Mega,161.7851523,66.28156589299999,2.4408770390424066,0.7090961018614631,0.26216226768165624,0.028741630456880798
43.0,18.23019243,4.079293023,Nano,155.5991953,65.30948545300001,2.3824899893289926,0.6584035948490968,0.2791354472256463,0.06246095792525673
75.0,23.62623841,6.199769157,Mega,263.0206872,104.826007567,2.5091167097238647,0.7154713008798262,0.22538527373466155,0.059143425385512184
79.0,23.51057067,2.188926056,Macro,281.5789422,104.69949672599999,2.6894011051160627,0.7545403986682389,0.22455285273746334,0.020906748594297923
65.0,24.56354623,3.41966808,Macro,231.6700477,92.98321431,2.4915254803692535,0.6990509037824206,0.26417183372588876,0.03677726249169069
43.0,12.84212842,2.593697318,Macro,148.7069665,58.435825738,2.544791052782162,0.7358499594545423,0.2197646436550471,0.04438539689041058
82.0,27.64758545,5.611221835,Macro,294.9524151,115.258807285,2.559044484736618,0.7114423785181024,0.2398739506442742,0.048683670837623316
68.0,21.63920124,3.223647705,Micro,242.8248811,92.86284894500001,2.6148764964535838,0.7322626946355527,0.2330232324965205,0.034714072867926694
98.0,37.57095206,8.529604366,Mega,351.7730679,144.100556426,2.441163841588954,0.680080649447915,0.26072732119736003,0.059192029354725006
26.0,10.59953251,0.679275349,Macro,91.92229739,37.278807859000004,2.465805712931556,0.6974471956919881,0.28433131633636766,0.018221487971644097
10.0,6.145248262,1.591116473,Macro,32.56682505,17.736364735,1.8361612166068257,0.5638133940866998,0.34647732801036135,0.0897092779029389
,34.85963715,7.781416681,Mega,318.9697838,42.641053830999994,7.480344765028049,,0.8175134997404094,0.18248650025959065
32.0,0.627618771,2.676075167,Micro,115.2625668,35.303693938,3.2648868699808857,0.9064207291225129,0.017777708250649858,0.0758015626268372
29.0,8.852094414,0.041494349,Macro,101.8731014,37.893588763,2.6883994027894973,0.765300963742873,0.2336040133164518,0.00109502294067528
32.0,11.52414895,2.566791358,Mega,111.8997121,46.090940308,2.427802760200524,0.6942796086641296,0.25003067572478566,0.05568971561108469
29.0,14.4341063,0.463277331,Macro,104.3526653,43.897383631,2.377195556281558,0.6606316277018484,0.3288147289445001,0.010553643353651655
91.0,40.10852728,7.236170474,Mega,326.3817124,138.344697754,2.359192059390388,0.6577772872930281,0.28991734364348143,0.052305369063490384
83.0,34.28141179,8.697487404,Nano,300.7305325,125.978899194,2.387150026107887,0.65884049258269,0.27212026783317633,0.06903923958413376
72.0,23.92269582,3.373809656,Mega,255.1551652,99.29650547600001,2.569628850248623,0.7251010461531541,0.24092183008174567,0.03397712376510018
47.0,24.16913194,2.087910259,Micro,161.7170871,73.257042199,2.2075295732074687,0.6415765445774656,0.32992230118089483,0.0285011542416396
10.0,3.455868379,2.400118071,Micro,39.62567824,15.85598645,2.4990988964928134,0.6306766237177253,0.21795354012805682,0.15136983615421795
49.0,10.06762616,1.729667405,Macro,169.0081129,60.797293565000004,2.7798624410691724,0.8059569287835616,0.16559332775621718,0.02844974346022108
14.0,5.197856187,0.413965989,Mega,50.98848158,19.611822176,2.599884963386892,0.7138551366803908,0.2650368813439929,0.021107981975616297
20.0,10.75005058,2.442173814,Macro,70.47172273,33.192224394,2.123139500790397,0.6025507589547179,0.32387255678903026,0.0735766842562519
17.0,10.44745162,3.356106421,Nano,58.59009126,30.803558041000002,1.9020559632109935,0.551884297826009,0.33916379419852355,0.10895190797546736
68.0,29.8927411,6.096743741,Mega,237.7721637,103.98948484099999,2.28650198684563,0.6539122691488669,0.2874592671144205,0.05862846373671267
91.0,25.04555745,6.109369688,Macro,322.1004964,122.154927138,2.636819520477622,0.7449556242393409,0.20503108664381348,0.05001328911684558
52.0,17.11323977,2.638642418,Mega,181.0796122,71.75188218800001,2.5236914583724226,0.7247196646877179,0.23850579591990226,0.03677453939237978
41.0,3.921540021,2.527850591,Nano,145.9192,47.449390612,3.0752597265832295,0.8640785365456528,0.08264679420368022,0.053274669250666914
65.0,11.65648785,0.358471532,Micro,228.5646491,77.014959382,2.9677954897866288,0.8439918753653444,0.15135355447222845,0.0046545701624272
82.0,31.60769079,3.952448108,Mega,288.9822393,117.56013889799999,2.458165174087901,0.6975153378403761,0.268864013655378,0.03362064850424604
14.0,18.64944183,4.529927084,Mega,49.81567405,37.179368914,1.339874115809474,0.3765529219278453,0.5016072723864201,0.12183980568573455
84.0,31.26640836,8.080731556,Nano,299.099052,123.347139916,2.4248559975017487,0.6810048458132423,0.25348304290875795,0.06551211127799977
99.0,30.14056912,6.546158024,Mega,351.3598902,135.686727144,2.589493442694015,0.7296218435199963,0.22213351117248759,0.048244645307516126
15.0,2.234293408,1.07771826,Mega,55.00971238,18.312011668,3.0040234452301466,0.8191344715126139,0.12201244999774648,0.05885307848963959
64.0,24.69852188,6.741382758,Micro,223.0991462,95.439904638,2.337587689826459,0.6705790438784449,0.25878611230470705,0.07063484381684804
70.0,15.2477262,4.587703384,Macro,247.1394014,89.835429584,2.751023761387082,0.7792025966163716,0.16972954067907828,0.05106786270455021
77.0,26.82235002,5.514187222,Nano,274.7071,109.336537242,2.5124913128717177,0.7042476553795742,0.24531918329032823,0.0504331613300975
81.0,20.39194685,3.212250256,Macro,289.1757587,104.604197106,2.764475677844605,0.7743475141625451,0.19494386854607706,0.03070861729137777
46.0,17.79013454,4.117631989,Micro,168.0365387,67.907766529,2.4744818934405686,0.6773893819693761,0.26197496176527507,0.060635656265348774
,6.48229344,0.866844994,Macro,91.17721555,7.349138434,12.406517630444734,,0.8820480792701312,0.11795192072986878
56.0,25.27608704,3.239265214,Mega,198.3215216,84.51535225399999,2.346573921906759,0.6626015097434513,0.29907095416269436,0.03832753609385436
98.0,33.05515873,6.063457718,Mega,349.7452965,137.118616448,2.5506769653895622,0.7147096618872675,0.2410698093831455,0.04422052872958697
47.0,18.2339617,0.827545346,Mega,166.1372196,66.06150704599999,2.5148869141649346,0.7114581864938826,0.27601492178044496,0.012526891725672609
18.0,8.808702773,2.414186295,Nano,59.28931563,29.222889068,2.028865643367332,0.6159555257563694,0.30143161932082246,0.08261285492280813
77.0,22.9553127,2.642504816,Mega,272.6321364,102.597817516,2.657289823513871,0.7505032939710627,0.2237407505907243,0.02575595543821295
22.0,6.041725794,2.136632357,Mega,77.41731834,30.178358151,2.5653257195979915,0.7289992348132763,0.20020061276261975,0.07080015242410395
99.0,37.7178052,3.590086383,Nano,349.4239745,140.30789158299999,2.490408561896863,0.7055911031307598,0.26882169473473844,0.025587202134501913
36.0,9.096779889,3.81883449,Mega,127.0926738,48.915614379000004,2.598202545618281,0.7359613174041045,0.18596883642343343,0.07806984617246199
12.0,1.648197979,1.30572513,Mega,43.06509252,14.953923109000002,2.87985247791473,0.8024650061747217,0.11021843344961657,0.0873165603756616
94.0,47.11629339,9.322957802,Micro,336.5934202,150.439251192,2.237404251437136,0.6248369308886769,0.31319149102827715,0.061971578083046
97.0,39.23230636,3.698661076,Nano,345.3131637,139.930967436,2.46773941485065,0.6931989521502074,0.2803690067957518,0.026432041054040813
44.0,16.91203429,4.034660177,Macro,154.2065565,64.946694467,2.3743557353539178,0.6774786670991669,0.2603986920164683,0.06212264088436475
86.0,31.52189727,6.398283645,Mega,304.7437748,123.920180915,2.4591940759756596,0.6939951133463046,0.2543725891719095,0.05163229748178584
93.0,33.05945096,5.78929841,Micro,335.2090696,131.84874936999998,2.5423757995559066,0.7053536756652818,0.2507376908614208,0.04390863347329754
30.0,10.64510759,1.915517115,Macro,104.1809671,42.560624705,2.447825139365515,0.7048768717080324,0.2501163379011544,0.04500679039081318
32.0,0.758066665,2.359200238,Mega,112.269694,35.117266903,3.1969940687613425,0.9112326448521625,0.021586721628819007,0.06718063351901848
29.0,2.172596338,4.208324504,Mega,103.6348659,35.380920841999995,2.9291172596326858,0.8196507979400771,0.061405873173909976,0.11894332888601308
72.0,25.40659637,3.215455403,Micro,262.4011715,100.62205177300001,2.6077899116186605,0.7155489152857825,0.25249531213412774,0.0319557725800897
14.0,8.001265854,4.18783431,Micro,51.44298395,26.189100164,1.9642898621127287,0.5345735406077314,0.3055189297797517,0.15990752961251686
95.0,38.41522497,7.673636553,Micro,336.7606331,141.088861523,2.3868690232864487,0.6733345139687963,0.2722768087808096,0.054388677250394146
20.0,3.934783488,0.328469804,Nano,72.62590273,24.263253292,2.993246695155508,0.8242917699167049,0.16217048227812728,0.013537747805167658
49.0,24.35904434,3.797367287,Nano,174.1981389,77.156411627,2.2577273259172848,0.6350735987682068,0.3157099173787371,0.049216483853056166
29.0,11.21368878,0.55883658,Macro,98.99963768,40.772525359999996,2.428096783456143,0.7112632770216027,0.27503051824700614,0.01370620473139121
,7.635819371,1.554145839,Macro,56.18672988,9.18996521,6.11392193507553,,0.8308866460877494,0.16911335391225055
39.0,13.18725635,2.766352269,Macro,140.4152859,54.953608619,2.555160424013573,0.709689517760184,0.23997070768234421,0.050339774557471816
87.0,33.70789822,3.327272719,Nano,309.3616681,124.03517093900001,2.4941447313531966,0.7014139565525833,0.27176080755818366,0.026825235889232895
38.0,9.437711713,4.377587812,Mega,133.5654887,51.815299525,2.57772298769704,0.7333741259503025,0.18214140996032388,0.0844844640893736
43.0,9.726736048,0.337998227,Macro,152.2546677,53.064734275,2.8692251036434686,0.8103310152682377,0.18329943946562804,0.006369545266134285
30.0,8.421994731,3.279480595,Macro,112.3081088,41.701475326,2.693144737015533,0.7193990084397716,0.201959155285546,0.0786418362746824
93.0,19.95638677,2.261406312,Mega,333.5791129,115.217793082,2.8952048462045545,0.8071669966270948,0.17320577174913537,0.01962723162376984
86.0,25.26070742,6.765663894,Nano,307.6190894,118.026371314,2.6063589516075463,0.7286507162980015,0.21402595995089815,0.05732332375110031
63.0,26.03598627,3.290816886,Nano,225.4862319,92.326803156,2.4422618805397946,0.6823587284133735,0.28199813466960716,0.03564313691701933
93.0,28.03820883,2.924281836,Nano,333.9664321,123.96249066600001,2.6940926267755216,0.7502269396197903,0.22618300648334924,0.023590053896860443
94.0,32.14620508,4.61092529,Macro,334.6459156,130.75713037,2.559293819412076,0.7188900500799511,0.2458466699983147,0.035263279921734184
63.0,21.84654391,2.64241023,Macro,222.4683071,87.48895414,2.542815939301386,0.7200909031234648,0.24970631006791003,0.030202786808625117
30.0,17.46901907,4.337634178,Nano,105.1853123,51.806653248,2.030343705015546,0.5790762019771688,0.3371964405107445,0.08372735751208663
18.0,7.291955516,2.317959067,Micro,62.31766345,27.609914583000002,2.2570755611236217,0.6519397206351002,0.26410641344358987,0.08395386592130985
24.0,3.426021221,0.00317676,Micro,86.11553566,27.429197980999998,3.1395571871861363,0.874980012781439,0.12490417048916923,0.00011581672939181517
56.0,14.88018119,2.367556821,Macro,197.225133,73.247738011,2.692576431102646,0.7645287284037384,0.20314867863585584,0.03232259296040584
40.0,17.42884965,3.306706147,Macro,143.8359148,60.735555797,2.3682324614061523,0.6585928040848813,0.28696287407418253,0.05444432184093609
74.0,29.56295098,2.060719698,Micro,263.105633,105.623670678,2.4909722537677474,0.7006005332421497,0.2798894489297234,0.01951001782812705
52.0,14.56589504,1.9982184,Mega,182.9860143,68.56411344,2.668830750070587,0.7584142402060643,0.2124419657631323,0.029143794030803413
74.0,20.22086793,4.540904518,Macro,267.7373384,98.761772448,2.7109410024103093,0.7492777637112825,0.20474387436339989,0.045978361925317554
,30.47048529,6.806918967,Micro,336.8186903,37.277404257,9.035465237275789,,0.8173982576664578,0.1826017423335421
70.0,15.3541893,1.049369556,Micro,250.7513879,86.403558856,2.9020955990701927,0.8101518146568691,0.1777032046282869,0.0121449807148439
99.0,33.87824351,8.091610987,Mega,356.5821434,140.969854497,2.529492171729442,0.7022778050899303,0.24032261103540378,0.0573995838746659
42.0,15.21523612,1.501445964,Nano,145.2164746,58.716682084,2.4731723497634546,0.7152992728695886,0.25912969840893096,0.02557102872148044
85.0,31.79693826,2.16250238,Mega,303.397391,118.95944064000001,2.5504271823045452,0.7145292508328996,0.26729226439644427,0.018178484770656027
38.0,8.872274678,1.605213404,Macro,132.3443679,48.477488081999994,2.730017027205259,0.7838689978268417,0.18301844895495592,0.03311255321820245
30.0,15.43267247,3.9865702,Macro,104.5039262,49.41924267,2.1146403820437176,0.6070509861983686,0.3122806347529971,0.08066837904863425
49.0,21.03218038,5.087016957,Micro,174.5641128,75.119197337,2.3238282488146123,0.6522966397015137,0.2799840936218389,0.06771926667664735
27.0,6.447508155,1.415638249,Mega,96.43343282,34.863146404,2.7660565028329103,0.7744567769965299,0.18493764390296827,0.04060557910050189
30.0,4.561312156,1.652759623,Mega,104.1503565,36.214071779,2.8759637175180957,0.8284072606659092,0.1259541369398024,0.04563860239428836
100.0,36.57380821,5.273156173,Mega,354.7973747,141.846964383,2.5012687176160786,0.704985125589228,0.25783990774203186,0.03717496666874018
21.0,1.380311071,5.286680958,Mega,80.94072509,27.666992029,2.9255339722207427,0.759027218354211,0.04989017488974533,0.1910826067560436
38.0,18.90360911,4.889993447,Macro,131.1015188,61.79360255700001,2.1216034245465556,0.6149503901305612,0.305915310449214,0.07913429942022468
39.0,9.722746017,0.903060425,Micro,135.5443199,49.625806442,2.7313272996060425,0.7858814354096416,0.19592116912726504,0.01819739546309336
14.0,4.828279786,0.28603859,Micro,49.18778559,19.114318376,2.573347614203201,0.7324352207912601,0.25260015507863487,0.014964624130105051
40.0,18.378401,1.320080106,Mega,141.3801238,59.698481105999996,2.368236530992588,0.6700337974927104,0.3078537453468457,0.022112457160443993
33.0,17.44947546,0.887761603,Macro,119.3308074,51.337237063,2.3244493515215803,0.6428082594219684,0.33989899843239246,0.017292742145638987
88.0,26.00963987,1.495600762,Nano,321.0466894,115.505240632,2.7794989010313014,0.7618701932353722,0.22518146992885615,0.012948336835771703
67.0,28.48182095,1.520803886,Mega,240.4027581,97.002624836,2.4783118859561086,0.6907029589485366,0.29361907472249876,0.01567796632896467
65.0,20.06155575,3.529274197,Nano,226.9989318,88.590829947,2.562329892786911,0.73371025013409,0.22645183211402295,0.03983791775188707
95.0,30.73728576,8.980234377,Micro,341.4281402,134.71752013699998,2.5344004243307565,0.7051792513949964,0.22816101223316718,0.06665973637183654
95.0,36.42230623,9.997472195,Nano,335.3014311,141.419778425,2.3709656091550335,0.6717589368193072,0.25754747062707395,0.07069359255361879
,9.164463979,1.096681429,Macro,65.25918923,10.261145408,6.359834758712348,,0.8931229033997526,0.10687709660024729
77.0,31.6532001,7.776978403,Nano,273.9603772,116.430178503,2.353001435902986,0.6613405647060481,0.2718642237517862,0.06679521154216572
70.0,21.43851856,5.708104984,Mega,249.3019048,97.14662354400001,2.5662436398222863,0.7205602978913141,0.2206820759991724,0.058757626109513364
34.0,16.19365273,0.792203039,Mega,117.0546557,50.985855769,2.2958260469400735,0.6668516098669153,0.3176106880184197,0.01553770211466508
59.0,13.45217597,1.50308216,Macro,208.7495053,73.95525813,2.8226458885865293,0.7977796507219087,0.1818961397762077,0.020324209501883593
30.0,12.1555835,0.932529328,Macro,106.0995933,43.088112828,2.4623866383642863,0.6962477126755262,0.2821099069370456,0.021642380387428186
68.0,22.38968684,1.506105779,Micro,243.0816632,91.89579261899999,2.6451881666423698,0.739968589007421,0.24364213204871799,0.01638927894386107
43.0,8.573864534,3.298362157,Micro,156.9537519,54.872226691,2.8603496042514918,0.7836386928881957,0.1562514417773074,0.06010986533449696
18.0,8.477135293,0.608817354,Mega,61.70848657,27.085952647,2.2782468600688017,0.6645511138037692,0.31297165004602173,0.022477236150209093
84.0,33.9556193,4.479871088,Nano,299.3466037,122.43549038799999,2.4449332685430174,0.6860755793422535,0.2773347759901489,0.03658964466759776
61.0,28.38518716,6.157704568,Micro,222.4507601,95.542891728,2.3282816343186745,0.6384567066868797,0.29709365758793943,0.0644496357251809
24.0,11.88643795,1.558209074,Micro,82.54907175,37.444647024,2.204562689483773,0.640946087290322,0.3174402456613207,0.04161366704835733
41.0,8.715248318,0.181466489,Nano,144.5920869,49.896714807,2.8978277920556645,0.8216973834567585,0.17466577412381745,0.003636842419424016
67.0,18.30464111,4.895171905,Micro,234.021177,90.199813015,2.5944751898885072,0.7427953313922954,0.2029343576017833,0.05427031100592132
51.0,24.00692574,4.152022007,Nano,183.3277351,79.158947747,2.31594456871678,0.6442733443476428,0.3032749477257904,0.05245170792656671
100.0,36.73413489,7.359714283,Micro,354.1039697,144.093849173,2.4574537479032883,0.6939921486859537,0.2549320120243076,0.05107583928973873
44.0,18.94795499,2.229813818,Micro,160.5796388,65.177768808,2.463717947649203,0.6750768061670652,0.29071193041014787,0.03421126342278703
10.0,0.758569411,0.527880863,Nano,35.54799802,11.286450274,3.1496172097519493,0.8860181684436667,0.0672106280171611,0.04677120353917222
21.0,1.397371107,1.444591132,Nano,77.54794767,23.841962239,3.2525824381664896,0.8807999857347647,0.05860973576722725,0.06059027849800798
32.0,5.471955572,0.672964457,Micro,110.3748636,38.144920029,2.8935665225169322,0.8389059401794978,0.14345175105465943,0.01764230876584282
98.0,31.36391464,5.657550436,Nano,351.4266721,135.021465076,2.6027466958841785,0.7258105216443801,0.2322883596496756,0.04190111870594439
39.0,4.856123013,0.874163256,Macro,131.0772545,44.730286269000004,2.9303915855070692,0.8718924749432838,0.10856454134445145,0.0195429837122646
,38.1184237,6.676611421,Micro,328.5551842,44.795035121,7.334633923436142,,0.8509519770893094,0.14904802291069064
40.0,19.63906306,0.795725948,Micro,146.1456862,60.434789007999996,2.418237717031727,0.6618704335131382,0.3249628795328515,0.013166686954010322
44.0,19.01537456,6.543306951,Mega,153.5822256,69.558681511,2.207951937325214,0.6325594310329451,0.27337169346708956,0.09406887549996533
49.0,24.87104934,5.036281432,Nano,174.9861639,78.907330772,2.2176160590910934,0.6209815934793664,0.31519313980932945,0.06382526671130419
78.0,30.11726533,3.357794085,Macro,278.955153,111.47505941499999,2.5023996799275445,0.6997080818734633,0.2701704353247238,0.03012148280181296
49.0,20.42365468,4.346777364,Mega,178.3746767,73.770432044,2.417969798436443,0.6642227602893013,0.27685420993357357,0.05892302977712516
55.0,22.37478299,5.066577857,Mega,197.0111372,82.441360847,2.389712338271878,0.6671408554508526,0.2714023975359233,0.061456747013224136
73.0,22.86737608,0.968984226,Nano,261.0908818,96.836360306,2.6962070959189357,0.7538490683594693,0.2361445226538851,0.0100064089866455
58.0,17.39877506,4.007447145,Nano,204.099035,79.40622220499999,2.5703153900595517,0.7304213497308011,0.21911097867220342,0.05046767159699561
82.0,23.43478708,5.914866129,Micro,288.0207452,111.34965320900001,2.5866335179274746,0.7364189976064714,0.2104612489094474,0.05311975348408109
27.0,10.33353047,1.130122514,Macro,97.61236339,38.463652984,2.5377819270209336,0.7019614078577348,0.26865702210599995,0.029381570036265278
94.0,29.34460985,3.436481014,Mega,336.3726161,126.78109086399999,2.6531765408205237,0.7414354882056917,0.23145888436532236,0.027105627428985965
69.0,23.29045109,5.671686076,Mega,245.979961,97.962137166,2.510969728877791,0.7043537635676248,0.23774952000622016,0.05789671642615499
94.0,37.09705521,7.596290451,Nano,334.643793,138.693345661,2.4128323634066065,0.6777542177817145,0.267475379104879,0.054770403113406516
70.0,23.80856837,3.766603039,Micro,246.4947988,97.575171409,2.526204107464823,0.7173956139578294,0.24400232176075867,0.03860206428141187
88.0,27.46149343,1.524062069,Macro,312.1429635,116.985555499,2.668217987840971,0.7522296203547303,0.23474259974116843,0.013027779904101304
64.0,23.08148805,3.056298128,Macro,219.5681841,90.137786178,2.435917204205645,0.7100240943749796,0.25606894764887755,0.0339069579761429
39.0,11.78254265,2.956726836,Micro,138.3753078,53.739269486,2.5749383853468486,0.7257262775066224,0.2192538671012183,0.055019855392159325
99.0,37.73241144,7.72405273,Macro,349.0483366,144.45646417,2.4162874164580903,0.6853275868880073,0.26120265130950143,0.05346976180249117
81.0,26.42542193,,Macro,288.649441,107.42542193,2.686975166716946,0.754011467162594,0.245988532837406,
,1.287060452,0.396178735,Macro,56.54529263,1.6832391869999999,33.59314176304286,,0.7646331323202494,0.23536686767975062
25.0,0.413849392,,Macro,92.35709194,25.413849392,3.6341244695135795,0.9837155959486297,0.016284404051370324,
94.0,30.49815694,8.823311925,Macro,331.4840935,133.321468865,2.4863519455794285,0.7050627389590454,0.22875653260977893,0.06618072843117562
73.0,25.34020889,,Mega,258.3589687,98.34020889,2.627195646787689,0.7423209775937665,0.2576790224062336,
36.0,8.840112507,0.962941668,Nano,125.3870645,45.803054175,2.737526279818217,0.7859737881769758,0.19300268652881816,0.021023525294205994
78.0,26.40676494,2.475101624,Macro,271.0264376,106.881866564,2.5357569652632472,0.7297776742446225,0.2470649679774056,0.0231573577779719
89.0,29.68238385,,Macro,320.2643973,118.68238385000001,2.698499869237333,0.7499006770245287,0.2500993229754712,
44.0,6.313173395,1.310027864,Macro,152.8312537,51.623201259,2.960514845509612,0.8523299393861018,0.12229333402487046,0.025376726589027825
79.0,27.88320654,7.467941688,Nano,282.7480985,114.351148228,2.472630164904338,0.6908544533587471,0.2438384482541866,0.06530709838706632
41.0,13.14265735,,Nano,142.6268646,54.14265735,2.634278987785959,0.757258731040101,0.24274126895989895,
26.0,15.26673306,2.205879856,Macro,88.96782897,43.472612916,2.046525916026906,0.5980776920457604,0.3511804797539812,0.05074182820025826
17.0,8.197932469,2.119872253,Mega,63.25378214,27.317804722,2.3154782305424226,0.6223047632487575,0.3000948484853145,0.07760038826592795
34.0,12.66039824,,Mega,117.1141409,46.66039824,2.509925875420475,0.728669305930896,0.27133069406910404,
13.0,8.077501591,0.013230147,Nano,48.30375112,21.090731738000002,2.2902833206573496,0.6163844935060925,0.3829882097663993,0.0006272967275081652
98.0,,6.399729574,Nano,345.9528384,104.399729574,3.31373308926805,0.9386997495097553,,0.06130025049024462
12.0,3.556576557,0.360014914,Micro,37.24327179,15.916591471,2.3399024758446036,0.7539302633898707,0.2234508916987708,0.022618844911358474
11.0,3.785254654,1.569644569,Micro,45.55251127,16.354899223,2.7852517248127833,0.6725813378617845,0.23144469448498783,0.09597396765322765
89.0,,4.535458014,Micro,316.7256236,93.535458014,3.386155692449743,0.951510816215588,,0.04848918378441201
39.0,13.22123736,3.660566126,Micro,135.7731514,55.881803486,2.4296487036968135,0.6979015988589312,0.23659288954967783,0.06550551159139087
86.0,27.14817277,4.409399375,Nano,308.3930492,117.557572145,2.623336324261752,0.7315564487324077,0.2309351262929657,0.03750842497462671
22.0,,4.132525561,Macro,78.03149813,26.132525561,2.985991459105417,0.84186275638175,,0.15813724361824988
76.0,26.19267329,4.127600897,Macro,269.6030059,106.320274187,2.535762891523515,0.7148213318781366,0.2463563369290354,0.03882233119282804
33.0,13.36586735,0.012138363,Macro,116.2374967,46.378005713,2.506306489746669,0.7115441790277309,0.28819409425906983,0.0002617267131992601
12.0,,1.230026167,Micro,50.00921016,13.230026167,3.779978174551104,0.9070276844902933,,0.09297231550970672
83.0,28.40915338,4.085216067,Micro,292.857168,115.494369447,2.535683509094279,0.7186497523421559,0.24597868723840144,0.03537156041944273
77.0,25.59837924,5.514786646,Nano,,108.113165886,,0.7122166793375813,0.23677393063294647,0.051009390029472176
37.0,10.25291621,0.86532872,Nano,135.5300789,48.11824493,2.8166047846749676,0.7689391010379896,0.2130775182036549,0.017983380758355517
,17.00707465,5.199634828,Macro,208.8163817,22.206709478,9.403301371906208,,0.765852980913213,0.234147019086787
92.0,16.70376892,1.888403291,Macro,325.5137107,110.592172211,2.9433702602291674,0.8318852786838493,0.15103934199005242,0.01707537932609819
100.0,32.920194,9.904286084,Nano,357.1245732,142.82448008400002,2.5004437123801373,0.700160084189955,0.23049405802589654,0.0693458577841484
94.0,30.37270595,5.94611293,Mega,334.0892379,130.31881888,2.563630032648129,0.7213079492882525,0.23306461960776173,0.04562743110398577
100.0,36.46675337,5.635992458,Mega,,142.102745828,,0.7037161697145471,0.25662244003461454,0.039661390250838355
27.0,3.438824491,0.749518789,Mega,97.50795879,31.188343279999998,3.126423161198449,0.8657080550127895,0.11025992820866502,0.024032016778545606
53.0,19.04450325,2.715095722,Macro,191.6180402,74.759598972,2.56312290107077,0.7089390623918447,0.2547432505240272,0.03631768708412809
73.0,28.4645976,5.545684409,Mega,256.4252258,107.01028200900001,2.3962671715829473,0.6821774378078959,0.265998715876723,0.05182384631538103
78.0,26.39407008,3.83736988,Mega,279.5906387,108.23143996,2.5832663669940144,0.7206778365771268,0.24386694004768555,0.03545522337518755
59.0,25.68728652,6.903109247,Macro,209.8956538,91.590395767,2.2916775502746036,0.6441723447739232,0.28045829810962697,0.07536935711644985
44.0,15.72633981,5.470316628,Mega,159.6309441,65.196656438,2.448452924143496,0.6748812347737899,0.24121390066920473,0.08390486455700533
74.0,24.22063365,0.285897607,Micro,,98.50653125699999,,0.7512192243064235,0.24587845436166297,0.0029023213319135503
82.0,33.67469531,8.243045066,Nano,290.0198478,123.91774037600001,2.3404223392066474,0.6617293032554481,0.2717503983515342,0.06652029839301755
47.0,14.16232438,4.388114516,Nano,170.1261872,65.550438896,2.5953477972880727,0.7170051153214784,0.21605231968727837,0.06694256499124325
22.0,3.598474281,4.325620528,Micro,78.81257166,29.924094809000003,2.633749564123699,0.7351935001015723,0.12025340462153994,0.14455309527688776
78.0,24.89028294,3.531093274,Macro,277.0940713,106.42137621399999,2.603744484029211,0.73293545690625,0.2338842422968556,0.03318030079689456
19.0,8.726782674,0.49783849,Mega,,28.224621164,,0.6731711256494795,0.3091904271555239,0.01763844719499669
15.0,9.809647258,2.175099221,Macro,51.15173712,26.984746479,1.895579680906292,0.55586959142541,0.36352564088879025,0.08060476768579984
78.0,36.13477932,6.812528936,Micro,275.8154126,120.94730825600001,2.280459289066627,0.6449089369967895,0.29876464256249713,0.056326420440713204
63.0,19.10204333,4.773049696,Micro,225.791715,86.875093026,2.5990385406830585,0.7251790795912626,0.21987940000574313,0.05494152040299422
45.0,12.22739961,1.306053839,Nano,162.3039063,58.533453449,2.7728400894954,0.7687911330775716,0.2088959200169813,0.022312946905447162
22.0,6.809751696,0.011450525,Macro,,28.821202221,,0.7633269365831705,0.23627576822726046,0.00039729518956904583
31.0,8.843924649,0.104810858,Micro,111.1277488,39.948735507,2.781758856435586,0.7759945241462783,0.2213818419221386,0.002623633931583005
23.0,2.201752448,0.376547887,Nano,80.45443519,25.578300335,3.1454175663075774,0.8991997004792383,0.08607891920743607,0.014721380313325655
19.0,4.894410734,0.147196027,Macro,69.99070666,24.041606761,2.9112324877361386,0.7902965965994239,0.20358084975999413,0.006122553640581943
40.0,11.90789251,1.958036191,Nano,138.6769979,53.865928700999994,2.574484488511669,0.742584430726754,0.2210653895173432,0.03635017975590292
27.0,1.384415461,2.39812919,Nano,,30.782544651,,0.877120468957815,0.04497404216239888,0.07790548887978613
35.0,5.392624287,0.020639976,Macro,118.5011567,40.413264263,2.9322342270800594,0.8660522884820253,0.13343698870514573,0.0005107228128289736
63.0,20.77468172,6.259153285,Micro,229.0903237,90.033835005,2.5444914535438543,0.6997369377468072,0.2307430503082123,0.06952001194498046
78.0,23.80959139,1.915047092,Nano,276.9190626,103.724638482,2.669752015072634,0.7519910518997455,0.22954614967524645,0.01846279842500806
91.0,22.27671374,3.290079821,Mega,322.6677652,116.56679356100001,2.7680933423903977,0.7806682951468441,0.19110685864703383,0.02822484620612202
44.0,16.60931402,5.15906663,Mega,157.490072,65.76838065,2.3946168423716543,0.66901449549374,0.2525425418088046,0.07844296269745545
16.0,12.25135762,1.463118167,Mega,56.81533661,29.714475787,1.9120423667328013,0.5384580941185559,0.412302667151878,0.04923923872956595
40.0,12.7084063,5.838251913,Nano,139.792394,58.546658213,2.3877091924088636,0.683215767063511,0.2170645889602314,0.09971964397625763
60.0,21.43888957,3.147751404,Nano,212.1691189,84.586640974,2.508305288600075,0.709331867409685,0.25345479289796863,0.037213339692346296
49.0,16.31903668,0.463311511,Micro,177.5025509,65.782348191,2.698331023158656,0.7448806761614498,0.2480762260510592,0.007043097787491081
71.0,26.02394936,3.116428483,Mega,253.9861099,100.14037784300001,2.5363006947926556,0.7090047144750515,0.2598746871197183,0.031120598405230043
59.0,21.27291211,3.385121455,Nano,215.9054823,83.658033565,2.580809912681576,0.7052520539364414,0.25428415184384573,0.04046379421971297
92.0,33.29585958,1.229454172,Macro,327.6536439,126.525313752,2.589629175251271,0.7271272227811073,0.2631557163751644,0.009717060843728325
60.0,19.01558716,5.895165277,Mega,214.4576138,84.910752437,2.5256826449526284,0.7066242881844361,0.2239479290224017,0.06942778279316215
28.0,10.93200857,1.867646115,Nano,97.20055286,40.799654685,2.382386655241369,0.6862803182080413,0.26794365428830835,0.04577602750365043
29.0,9.197032332,3.246667727,Micro,99.10933661,41.443700059,2.3914210475634694,0.6997444716257254,0.22191629412689837,0.07833923424737621
97.0,31.70701011,4.365166691,Nano,347.1547599,133.072176801,2.6087704300437293,0.7289277317906704,0.23826926764274384,0.03280300056658573
11.0,9.398839224,3.206508472,Mega,41.35123045,23.605347696,1.7517738345793186,0.46599610146238113,0.3981656760596101,0.13583822247800878
49.0,13.76198317,2.502653025,Nano,173.1550912,65.264636195,2.653122752153878,0.7507894451996341,0.21086432059287757,0.038346234207488485
38.0,4.338843042,0.028073247,Mega,139.8343646,42.366916289,3.3005556421935314,0.8969262653148581,0.10241111277495836,0.0006626219101834617
18.0,12.38447814,1.637157501,Nano,65.125304,32.021635640999996,2.0337906760957143,0.5621199429598495,0.3867534525357946,0.05112660450435609
42.0,10.01903472,0.191093711,Nano,152.9496029,52.210128431,2.929500606422287,0.8044416143412954,0.19189829676900685,0.003660088889697832
76.0,32.31926372,6.494517858,Mega,270.6378511,114.813781578,2.357189593273166,0.661941440787477,0.2814928946316741,0.056565664580848926
86.0,29.91962703,6.312902998,Mega,303.6096465,122.232530028,2.483869444823335,0.7035770263472403,0.24477630482774318,0.05164666882501649
70.0,30.47388738,5.704360367,Nano,248.0514829,106.178247747,2.33617985004851,0.6592687436959309,0.2870068778363412,0.053724378467727846
69.0,24.36246064,5.463176008,Macro,239.7328932,98.825636648,2.4258168359075443,0.6981993978522616,0.24651964273981775,0.05528095940792061
47.0,14.59516994,0.573235814,Nano,162.1479537,62.168405754,2.608205112121074,0.7560110224794683,0.23476828403406383,0.009220693486467878
46.0,17.87483166,3.918941935,Micro,167.5332259,67.793773595,2.471218476505578,0.6785283892707314,0.26366479858141906,0.057806812147849426
98.0,33.5556744,5.401715328,Micro,343.7047069,136.95738972799998,2.5095740184783324,0.715551020610351,0.24500813330804724,0.03944084608160181
63.0,18.31721305,5.106410106,Mega,222.4538087,86.42362315599999,2.573993088654211,0.7289673552135288,0.21194683098319422,0.05908581380327707
66.0,15.81007671,0.495169721,Mega,229.5582512,82.305246431,2.7891083637353358,0.801892988138133,0.19209075235871217,0.006016259503154783
76.0,21.43025018,3.608351353,Nano,269.0373261,101.038601533,2.6627182286576905,0.7521877663278801,0.2120996317729191,0.03571260189920072
12.0,12.84827976,2.810375342,Nano,42.65152205,27.658655102,1.5420678226294473,0.4338605747729317,0.46453017012641873,0.10160925510064954
75.0,38.27143199,8.586450249,Micro,263.5238127,121.85788223899999,2.162550405915889,0.6154710604021694,0.3140661177332641,0.07046282186456668
85.0,25.24181707,5.969538042,Nano,296.2485996,116.21135511199999,2.5492224861717436,0.7314259429991183,0.21720611592277636,0.05136794107810541
12.0,3.188668313,0.276135877,Nano,46.84859882,15.46480419,3.02936902688323,0.7759555085579134,0.20618872853636822,0.017855762905718366
90.0,33.5117751,4.663526779,Macro,322.4697556,128.175301879,2.5158493943272924,0.7021633550351359,0.2614526715266548,0.036383973438209344
88.0,35.4551909,4.091396616,Macro,312.3107698,127.54658751599999,2.448601533622547,0.6899439782264728,0.2779783574809663,0.032077664292561
35.0,18.81472652,3.041468747,Mega,123.9521411,56.856195267000004,2.180099117042805,0.6155881489367686,0.3309177906056666,0.05349406045756466
89.0,26.11806108,4.020019107,Nano,320.5882954,119.138080187,2.690896939893628,0.7470323498608081,0.21922512968989344,0.0337425204492984
54.0,22.45001505,3.389499568,Nano,188.8286445,79.83951461800001,2.3651026112003457,0.6763568172773632,0.2811892727230908,0.04245390999954588
16.0,1.095054697,1.784711655,Mega,55.33417257,18.879766351999997,2.930871682325574,0.8474681148956626,0.05800149623588944,0.09453038886844801
98.0,32.07909439,4.158338824,Mega,342.6522282,134.237433214,2.552583284676989,0.7300497160413472,0.23897279337023544,0.030977490588417447
23.0,7.989787362,0.508955059,Mega,84.70733843,31.498742421000003,2.6892292174028563,0.730187881553838,0.25365416990975687,0.016157948536405158
93.0,33.74742661,2.79805324,Mega,333.0773697,129.54547985,2.5711230533529115,0.7178945966133607,0.2605064001389779,0.02159900324766137
52.0,17.45288044,3.909853584,Nano,188.1163762,73.362734024,2.564195278470119,0.7088067353513384,0.237898446291416,0.053294818357245574
27.0,8.301393097,0.297735659,Mega,98.16192205,35.599128756,2.757424843816029,0.7584455278403218,0.23319090626904332,0.008363565890634854
13.0,5.358821718,3.103557138,Nano,47.50814092,21.462378856,2.213554296042942,0.6057110484919864,0.2496844247301083,0.14460452677790528
83.0,21.93601248,4.436259637,Micro,294.4933353,109.37227211700001,2.692577648793548,0.7588760697154713,0.2005628305548425,0.040561099729686065
66.0,21.57823348,8.87423765,Macro,231.9942926,96.45247112999999,2.405270594750391,0.6842748477749655,0.2237188246936313,0.0920063275314033
19.0,7.789507227,4.06782199,Macro,62.0795245,30.857329217,2.0118242918379012,0.6157370220340544,0.25243620963503816,0.13182676833090742
85.0,23.77346122,4.542661031,Mega,304.9042152,113.316122251,2.6907399330575776,0.7501139141676717,0.20979769469467707,0.0400883911376513
63.0,19.71906624,5.481915242,Nano,220.7061299,88.200981482,2.502309228214672,0.7142777658642835,0.22356969172757168,0.06215254240814481
62.0,25.07908112,5.066101233,Nano,225.469526,92.145182353,2.4468943491396686,0.6728512377617695,0.2721692060245133,0.05497955621371736
45.0,15.53732896,0.125813206,Mega,157.6872981,60.66314216599999,2.5993921921897964,0.7418013375710243,0.2561246978846447,0.002073964544331085
23.0,6.621635323,0.113631173,Mega,79.93998662,29.735266496,2.6883897822389975,0.773492310993546,0.22268626124103325,0.0038214277654207577
50.0,11.36398701,2.32129586,Mega,185.3102927,63.68528287,2.9097820461639725,0.7851107468905241,0.1784397665815063,0.03644948652796963
60.0,19.49995648,4.912336165,Macro,216.2681567,84.41229264500001,2.5620457628076307,0.7107969481688279,0.23100849259014933,0.05819455924102273
25.0,13.00455149,5.277124394,Micro,91.95954527,43.281675883999995,2.1246761681886452,0.5776116448679796,0.3004632150763694,0.1219251400556512
31.0,12.22596591,0.397207276,Macro,111.1431062,43.623173186,2.547799668907836,0.7106314771697727,0.2802631036919543,0.009105419138272954
77.0,21.03196536,1.86728813,Micro,275.3886734,99.89925349,2.7566639767490018,0.7707765304543318,0.21053175699761678,0.01869171254805139
27.0,9.235845656,2.963209488,Nano,93.35175941,39.199055144,2.3814798358548925,0.6887921124836794,0.23561398666553535,0.07559390085078527
77.0,25.58343965,3.870991902,Macro,276.0838978,106.454431552,2.593446733733586,0.7233141812643813,0.24032291823852545,0.036362900497093245
95.0,25.54636769,1.963490079,Micro,333.3682547,122.50985776899999,2.721154532140481,0.7754478025689039,0.2085249967245026,0.016027200706593615
48.0,25.37723103,3.997027881,Micro,172.8854592,77.374258911,2.234405364694505,0.6203613537056576,0.3279802790640004,0.051658367230342006
14.0,4.643175727,0.637375788,Micro,53.97461493,19.280551515,2.799433143186205,0.7261203077675551,0.2408217277077201,0.033057964524724856
24.0,4.014313143,1.258968767,Macro,91.49656896,29.273281909999998,3.1255999665942484,0.8198602423119972,0.1371323227556756,0.043007434932327344
65.0,23.29031005,7.389827731,Mega,229.1969742,95.680137781,2.3954498761760097,0.6793468478147153,0.24341844180145975,0.07723471038382491
35.0,9.531452188,0.103503553,Nano,125.3393415,44.634955741000006,2.8080982588466634,0.7841387858227515,0.2135423241664551,0.0023188900107931664
86.0,24.29320314,8.041212299,Micro,306.6065875,118.334415439,2.5910178908016164,0.7267539175391625,0.20529279711127538,0.06795328534956215
48.0,14.41875328,3.117413536,Nano,170.2833159,65.536166816,2.5983105844150014,0.7324200106906661,0.2200121548225766,0.047567834486757235
59.0,19.34086431,1.602340512,Micro,210.5717703,79.943204822,2.6340171221413384,0.7380239525218968,0.24193256141111677,0.02004348606698644
88.0,26.30065656,4.204039947,Nano,314.1805472,118.50469650699999,2.6512075593682614,0.7425866028423768,0.2219376728115281,0.03547572434609518
78.0,23.32245121,3.866739527,Mega,280.8316239,105.18919073699999,2.6697764469179277,0.7415210579480552,0.22171908583565514,0.03675985621628978
79.0,31.05740864,3.806952761,Micro,286.677508,113.86436140100001,2.517710585407826,0.6938079573623831,0.2727579398669269,0.033434102770689804
22.0,1.060644401,1.093882341,Macro,73.09318596,24.154526742,3.0260657449729798,0.9108023616023202,0.0439107920568672,0.04528684634081248
46.0,17.61333015,3.480429694,Macro,160.6150905,67.09375984399999,2.3938901452750136,0.685607724279498,0.262518156546195,0.05187411917430717
83.0,23.77898268,2.930681192,Micro,295.4915271,109.709663872,2.6933956104792616,0.7565422868931347,0.21674464983999328,0.026713063266872027
26.0,12.10537618,4.007434704,Macro,94.00245512,42.112810884,2.232158175784807,0.6173893277182841,0.2874511562133512,0.09515951606836465
34.0,2.089999917,0.217752116,Nano,123.1219261,36.307752033,3.391064420295007,0.9364391375455442,0.05756346234546292,0.0059974001089928616
50.0,3.497200302,3.337071447,Nano,174.7450326,56.834271749,3.0746418881152398,0.8797508697008992,0.06153330014405495,0.058715830155045765
79.0,19.15584406,0.014711851,Macro,281.5928898,98.170555911,2.868404759317937,0.8047219379262786,0.19512820195666825,0.00014986011705319822
75.0,25.27194402,7.717105296,Nano,267.8036097,107.989049316,2.4799145042600292,0.694514864933511,0.23402321050210068,0.0714619245643883
32.0,13.45746031,0.91765612,Mega,116.7838444,46.37511643,2.5182436916633315,0.6900252217868125,0.290187094846718,0.019787683366469556
29.0,9.487993613,0.250432849,Micro,105.7767079,38.738426462,2.7305370290081457,0.7486106857863007,0.24492460018496454,0.006464714028734728
96.0,36.72307745,3.950392592,Nano,343.0877465,136.67347004200002,2.510273181726991,0.7024040581577318,0.2686920690512572,0.028903872791010844
74.0,27.96329539,2.837584957,Nano,258.3754265,104.800880347,2.4653936650580452,0.7061009387992064,0.2668230963080881,0.02707596489270548
49.0,20.26585723,3.446132597,Micro,171.8566675,72.711989827,2.363525849160365,0.6738916115015317,0.27871410586091155,0.047394282637556906
34.0,16.85678293,3.886005263,Mega,118.9163836,54.742788193,2.1722748790352244,0.6210863772617925,0.30792700712594484,0.07098661561226262
37.0,12.22871601,1.749290106,Mega,129.0148388,50.978006115999996,2.5307941331881025,0.7258032006157092,0.2398821951210423,0.03431460426324847
37.0,8.823525102,3.405839489,Mega,132.5496146,49.229364591,2.692490868026203,0.7515839440016713,0.17923296746375428,0.0691830885345745
59.0,15.29205006,3.340436207,Macro,208.2744516,77.63248626699999,2.682825987096246,0.7599911175984031,0.19698003755034113,0.043028844851255944
48.0,14.11561705,3.328378357,Mega,175.5461581,65.443995407,2.6823875438574354,0.733451551994728,0.215690025680953,0.050858422324319016
80.0,24.55463481,4.832325799,Micro,285.5962329,109.386960609,2.6108800474021225,0.7313485954322957,0.22447497099558067,0.044176433572123704
28.0,5.313706473,2.473598787,Nano,91.49752891,35.78730526,2.5567035082763874,0.7824003455017334,0.1484802064417856,0.06911944805648103
64.0,25.52828252,3.140870036,Nano,226.276965,92.669152556,2.4417722484648894,0.6906289551026679,0.2754776731617703,0.03389337173556185
50.0,21.17480421,4.486404533,Macro,180.3195365,75.661208743,2.383249481415174,0.6608406187355007,0.2798634143147897,0.059295966949709504
46.0,18.54842127,2.45558294,Nano,164.7562034,67.00400421,2.4589008573820577,0.6865261344057813,0.27682556421354504,0.03664830138067356
86.0,24.78624404,6.349962293,Mega,309.2043274,117.136206333,2.6396990057965533,0.7341880251398563,0.21160190188793176,0.0542100729722119
69.0,29.59440206,8.243715012,Nano,246.091519,106.83811707199999,2.3034056172494584,0.6458369156159851,0.2770022803757936,0.07716080400822135
85.0,29.50102223,2.518222112,Mega,300.5584458,117.01924434200001,2.568453141960044,0.7263762510000433,0.25210402268348636,0.021519726316470252
52.0,9.837592493,2.080182174,Macro,183.7118744,63.917774667,2.8741907138836655,0.8135452191649436,0.15391012193794404,0.032544658897112284
54.0,17.44304527,5.549219531,Nano,191.0034733,76.992264801,2.4808138037461545,0.7013691588313768,0.22655581460143567,0.07207502656718737
17.0,2.249203812,0.395150251,Nano,61.86530832,19.644354063,3.149266609713722,0.8653885969210552,0.11449619594448052,0.02011520713446428
93.0,26.50281649,3.537618612,Mega,331.6478588,123.040435102,2.695437955214197,0.7558490826442819,0.2153992422737231,0.02875167508199503
85.0,24.48397916,5.918985615,Micro,297.0564909,115.402964775,2.5740802368393916,0.7365495346304459,0.212160746543524,0.05128971882603005
21.0,1.505943316,2.438904189,Mega,73.87341975,24.944847505,2.9614700885701004,0.8418572210469804,0.060370916907715934,0.09777186204530378
88.0,37.96929695,4.739682162,Macro,314.311367,130.708979112,2.4046654570737447,0.6732513756732492,0.29048728869242735,0.03626133563432341
75.0,29.4842347,7.237783972,Nano,268.7997822,111.722018672,2.405969614540872,0.6713090301401495,0.26390710667842054,0.06478386318142985
38.0,3.046308751,1.743629417,Macro,132.3260378,42.789938168,3.092456859378185,0.88805924072164,0.07119217464254599,0.0407485846358141
95.0,36.36570198,1.944664898,Macro,339.115278,133.310366878,2.543802750991931,0.7126227481388598,0.27278975245248815,0.014587499408651955
46.0,25.28199938,2.798757505,Mega,163.6396214,74.080756885,2.208935603263714,0.6209439797086382,0.34127620239148965,0.03777981789987215
75.0,26.07549862,5.143706423,Mega,269.4449939,106.219205043,2.53668810448094,0.7060870015891971,0.24548760847385398,0.048425389936948865
64.0,10.93089931,3.085375073,Mega,225.0640548,78.016274383,2.8848346909659943,0.8203416595595061,0.14011050125692592,0.039547839183568
35.0,8.978475946,0.05362699,Nano,125.3289243,44.032102936,2.8463079422339583,0.7948745952668209,0.2039074981054182,0.0012179066277607958
30.0,6.122317863,2.606806497,Mega,104.5246807,38.72912436,2.6988650641416156,0.7746108515426297,0.15808046177576943,0.06730868668160098
86.0,27.73800583,5.293540405,Macro,307.8933318,119.031546235,2.586653215376506,0.7224975455684083,0.23303071082717672,0.04447174360441509
79.0,23.18345295,0.762159967,Nano,282.7108546,102.945612917,2.7462156627105214,0.767395499055349,0.22520098033406902,0.00740352061058194
16.0,16.92417111,6.447476349,Nano,54.65466518,39.371647459,1.3881731831749002,0.4063838074508245,0.4298568183519404,0.16375937419723507
63.0,22.81607513,4.717042117,Nano,228.4241305,90.533117247,2.5231002471371244,0.6958779495918399,0.25201910443171066,0.05210294597644939
78.0,22.76810931,2.964101681,Micro,277.3993307,103.732210991,2.6741870056550483,0.7519361561354112,0.21948928970554193,0.028574554159046806
24.0,12.79448447,3.973162998,Nano,86.22925533,40.767647468,2.115139349104813,0.5887021079359183,0.3138391657267654,0.09745872633731635
34.0,14.44535454,1.270283967,Nano,124.595707,49.715638506999994,2.506167289442674,0.6838894364237679,0.29055956986182696,0.025550993714405237
36.0,14.75867975,0.807413059,Micro,125.0736865,51.566092809,2.4255024898487263,0.6981331731559232,0.28620899792943244,0.015657828914644463
64.0,17.61714144,5.116676896,Micro,228.5424705,86.733818336,2.6349868469371938,0.737889801554326,0.20311732814243896,0.05899287030323508
79.0,37.37903665,4.767527236,Macro,281.1147925,121.14656388600001,2.3204520498371832,0.6521026883960135,0.30854392771035594,0.03935338389363058
11.0,7.228354408,5.250181854,Micro,46.52969738,23.478536262000002,1.9817971981204079,0.4685130230117239,0.30787074319019997,0.2236162337980761
22.0,5.120816808,2.205299711,Micro,74.74160402,29.326116519,2.548636263228918,0.750184566229439,0.17461626072045,0.075199173050111
46.0,3.159829936,4.261809686,Nano,161.1829547,53.421639622,3.0171847184117864,0.8610742823598466,0.059148875967833914,0.07977684167231942
49.0,15.44552256,0.062410122,Mega,174.556761,64.507932682,2.705973571661327,0.759596501744238,0.23943601845281035,0.0009674798029516552
39.0,8.437964502,2.926366891,Mega,141.5900868,50.364331393,2.8113167172845506,0.7743575447408898,0.16753849934306422,0.058103955916045925
38.0,0.857280644,0.218739353,Nano,137.697369,39.076019996999996,3.523833005781334,0.9724634188158721,0.02193879120918191,0.005597789974946102
23.0,4.037914202,2.876505548,Micro,78.65146156,29.91441975,2.6292156831823554,0.7688599742938353,0.13498220041523618,0.09615782529092846
17.0,8.482697909,0.946148453,Nano,58.92532301,26.428846362,2.2295836224892573,0.6432365517264116,0.32096360896011783,0.03579983931347052
57.0,17.50937376,3.912910486,Macro,204.4533806,78.422284246,2.607082700609149,0.7268342225431585,0.22327038708889788,0.04989539036794355
24.0,8.822604644,0.388314589,Mega,86.78602638,33.210919233,2.6131774845233777,0.7226538907767546,0.2656537321988193,0.011692377024426099
38.0,13.97381157,2.937255499,Nano,133.3876269,54.911067069000005,2.429157436193839,0.6920280742723514,0.25448078713241584,0.053491138595232746
55.0,13.23675142,0.603918273,Mega,199.1316965,68.84066969300001,2.892646126018854,0.798946324102838,0.19228097981949127,0.008772696077670622
84.0,27.93352343,3.978525877,Macro,300.5678307,115.912049307,2.593068041648786,0.7246873858430453,0.2409889532365733,0.034323660920381416
23.0,3.424421953,1.254887329,Nano,82.71102545,27.679309282,2.988189647629228,0.8309455906458266,0.12371775314591826,0.045336656208255166
25.0,21.57160034,0.182594127,Micro,89.0932451,46.754194467000005,1.9055668933165708,0.5347113833315099,0.4613832103390348,0.003905406329455176
61.0,24.02670153,4.468540014,Macro,214.5067384,89.495241544,2.396850767697393,0.6816004845353658,0.2684690394202396,0.0499304760443946
92.0,36.2813941,7.693023889,Mega,334.2548231,135.974417989,2.4582184505253073,0.6765978583371659,0.26682514723420314,0.05657699442863104
52.0,14.71875781,5.067918073,Micro,184.2832675,71.786675883,2.5670957072918403,0.7243684062589986,0.20503467571042092,0.07059691803058049
42.0,25.04344301,7.954162784,Macro,151.1302268,74.99760579400001,2.015134019279463,0.560017877308826,0.33392323321344664,0.10605888947772721
87.0,26.26344606,4.66625435,Mega,314.0867756,117.92970041000001,2.66333904443097,0.7377276436515285,0.22270425489669907,0.03956810145177235
23.0,3.511058483,1.668667492,Nano,82.1296575,28.179725975,2.9144945402543074,0.8161896258467787,0.12459519606808384,0.0592151780851375
16.0,1.114215614,0.124305507,Micro,55.74975786,17.238521120999998,3.234022075831409,0.9281538646902123,0.06463522051451737,0.00721091479527039
97.0,31.59758582,6.09616703,Macro,345.6002412,134.69375285,2.5658223480109976,0.720152181876043,0.2345883543328713,0.04525946379108554
83.0,22.12318389,4.548473435,Mega,301.0213397,109.67165732500001,2.744750531196552,0.7568044654786108,0.20172198022357185,0.041473554297817294
32.0,7.235169671,4.165978174,Micro,114.2225515,43.401147845000004,2.6317864197492398,0.7373076885957646,0.16670456958509963,0.09598774181913575
81.0,30.51678552,4.253765851,Mega,286.3361747,115.770551371,2.4733075148135293,0.6996597929332324,0.2635971338013712,0.036743073265396484
81.0,35.74400862,8.48557931,Mega,290.1991827,125.22958793000001,2.3173372003923993,0.6468119981779133,0.2854278226961822,0.06776017912590443
32.0,9.445032076,0.904710414,Nano,115.3592435,42.349742490000004,2.723965642228867,0.755612622852574,0.22302454562103288,0.021362831526393063
24.0,11.04100773,0.581803233,Nano,82.90996955,35.622810963000006,2.327440404299236,0.6737256087097631,0.30994206890264375,0.016332322387593048
93.0,28.27465769,2.404138725,Mega,328.3217343,123.678796415,2.6546323526494193,0.7519478091292355,0.22861362262230747,0.019438568248457033
52.0,20.59744192,5.687517289,Mega,183.6120012,78.284959209,2.3454313964679327,0.664239983330308,0.263108547645919,0.07265146902377305
21.0,2.027718364,0.54277143,Nano,70.90876724,23.570489794,3.0083705455306333,0.8909445744884634,0.08602784166649634,0.023027583845040233
15.0,7.888210849,3.998362072,Macro,53.54400783,26.886572921,1.991477604353918,0.5578992921140989,0.2933884832469237,0.14871222463897746
62.0,19.93974943,1.581668395,Mega,222.4692477,83.521417825,2.663619146961003,0.7423245631426756,0.23873815781934135,0.018937279037983094
45.0,14.76514666,4.973730489,Mega,159.8115953,64.738877149,2.4685567982927017,0.6951001003064987,0.2280723316534703,0.07682756804003091
84.0,29.28103583,4.182346523,Micro,300.7539331,117.46338235300001,2.560405865005459,0.7151164755971684,0.2492779898164763,0.03560553458635514
12.0,8.46670897,4.076583625,Mega,41.86991628,24.543292594999997,1.705961664187217,0.4889319537528009,0.344970379879872,0.16609766636732712
66.0,23.16259764,2.051333546,Mega,238.3714378,91.213931186,2.6133227095970897,0.72357368158396,0.2539370613548901,0.022489257061149993
71.0,21.68478521,4.362889043,Mega,253.4613277,97.047674253,2.6117197516679784,0.7315991912892771,0.2234446665199673,0.04495614219075561
30.0,2.763161925,1.491292036,Nano,108.7079901,34.254453960999996,3.173543219336329,0.8757985175929572,0.08066577059281008,0.04353571181423277
96.0,36.13679466,8.724352447,Nano,340.7979819,140.861147107,2.419389511581397,0.6815222080157926,0.25654195924267187,0.06193583274153565
81.0,36.01062277,9.307983043,Micro,291.8702502,126.318605813,2.310587963835509,0.6412357029962085,0.2850777408302743,0.07368655617351719
61.0,13.62383917,1.081630027,Mega,218.7967423,75.705469197,2.8901048315366666,0.8057542030585191,0.17995845365607846,0.014287343285402453
88.0,31.2965668,6.268563747,Nano,312.2336302,125.565130547,2.4866268910788776,0.7008315096447968,0.24924568360390031,0.04992280675130289
95.0,25.72170247,3.653918832,Micro,338.7265651,124.375621302,2.7234160646122794,0.7638152799199112,0.2068066249698918,0.029378095110197
32.0,17.77874558,6.010796578,Macro,108.8352652,55.789542157999996,1.9508183969635509,0.5735842016658552,0.31867523719139534,0.1077405611427495
23.0,3.159149146,1.838038355,Mega,84.46857638,27.997187501,3.017037921290593,0.8215110892541791,0.11283808939334217,0.06565082135247868
19.0,11.84308384,1.411744529,Macro,63.78917282,32.254828368999995,1.9776627576573171,0.5890590947388464,0.3671724339845611,0.043768471276592585
99.0,35.30814816,8.233628806,Macro,347.8821393,142.54177696600001,2.4405626666417883,0.6945332246251856,0.2477038585566527,0.05776291681816159
21.0,17.72849806,1.316670346,Micro,72.79319186,40.045168406,1.8177771440984458,0.5244078333518396,0.44271253601080435,0.03287963063735604
83.0,22.64766991,1.815303053,Macro,294.3729329,107.462972963,2.739296380729705,0.7723590527183468,0.2107485888911495,0.01689235839050365
34.0,9.529038854,0.046324514,Macro,122.398031,43.575363368,2.8088814765887693,0.7802574062978036,0.2186795041392069,0.0010630895629895967
65.0,21.82868204,3.852364912,Macro,226.0680983,90.681046952,2.4930027376025348,0.7167980761669669,0.24071934294665265,0.04248258088638041
42.0,11.66685228,3.124114188,Nano,147.6703206,56.790966468,2.6002431334428473,0.7395542392057324,0.2054350014728825,0.055010759321385105
28.0,11.74288588,1.545790536,Nano,108.6542411,41.288676416,2.6315748173970235,0.6781520365993027,0.28440935625268554,0.037438607148011706
84.0,23.15883778,6.493394974,Macro,301.9796888,113.652232754,2.6570502090674664,0.7390967864381319,0.20376931643857144,0.05713389712329663
74.0,31.20063184,5.956147638,Macro,262.0000087,111.156779478,2.3570313023674343,0.665726376272407,0.28069031854395515,0.05358330518363779
58.0,31.49936776,5.37443682,Micro,203.0578945,94.87380458,2.140294630313644,0.6113384011188561,0.33201332970091796,0.056648269180226016
63.0,21.7928057,0.393588978,Nano,223.8418947,85.186394678,2.6276718899316065,0.7395547169021135,0.25582495634867086,0.00462032674921559
46.0,21.95980933,0.880593234,Micro,164.791014,68.840402564,2.3938124685833437,0.6682122458135601,0.3189959458703667,0.01279180831607317
51.0,24.91648619,4.628289393,Mega,180.3746086,80.544775583,2.23943275394848,0.6331881817393032,0.3093495016858541,0.05746231657484262
42.0,9.352963721,0.606126647,Mega,146.3577853,51.959090368000005,2.816788828738565,0.8083282386688297,0.18000630216498556,0.011665459166184607
98.0,31.2897755,4.623306125,Nano,343.9400859,133.913081625,2.5683830267093968,0.7318179733510408,0.2336573478879495,0.03452467876100974
18.0,10.13781443,3.181971706,Macro,66.54840294,31.319786135999998,2.1248038748102136,0.5747165680454697,0.32368721759396885,0.10159621436056157
72.0,19.46438929,1.767531142,Nano,258.0178365,93.231920432,2.7674838757417737,0.7722676918632627,0.20877387486828208,0.018958433268455234
90.0,29.94190176,8.348998109,Mega,320.7153444,128.29089986900001,2.4999072009588192,0.7015306626728826,0.23339069092643497,0.06507864640068237
47.0,13.85470607,3.72361948,Macro,167.0873958,64.57832555,2.5873603004870724,0.7277983688754841,0.21454111657436742,0.05766051455014847
11.0,15.25965583,1.938091205,Micro,42.71995548,28.197747035,1.5150130762920366,0.3901020881684777,0.5411657821832077,0.06873212964831465
59.0,13.0213872,3.264331675,Micro,211.0777734,75.28571887499999,2.803689418845309,0.7836811666494167,0.1729595917337251,0.043359241616858384
49.0,15.75874251,1.621958375,Macro,173.0991172,66.38070088500001,2.6076723338592385,0.738166354779669,0.2373994594799614,0.024434185740369496
51.0,23.28772776,6.650243242,Mega,178.2981283,80.937971002,2.2028984182911406,0.6301121632853852,0.2877231473893082,0.08216468932530654
49.0,23.08245994,5.745417559,Macro,173.7272456,77.82787749900001,2.2321981683521073,0.6295944534865362,0.2965834438989626,0.0738221026145011
88.0,25.7813623,5.715407905,Macro,313.6573391,119.496770205,2.624818550006935,0.7364215773282706,0.2157494487572456,0.047828973914483715
49.0,15.4419208,0.064057634,Mega,175.7308268,64.505978434,2.724256434305557,0.7596195141840207,0.23938743624824746,0.000993049567731792
21.0,5.092818753,1.400162555,Mega,81.00013719,27.492981308,2.946211481489289,0.7638313126081145,0.18524068728472437,0.050928000107161024
84.0,33.49221879,9.638966346,Nano,297.4868165,127.13118513600001,2.3399987672714615,0.6607348142797541,0.2634461305003279,0.07581905521991797
13.0,4.027757616,0.216286524,Micro,44.06889906,17.24404414,2.555601151459358,0.7538834796789148,0.23357384052717925,0.012542679793905933
55.0,11.31363936,1.457213766,Nano,192.8000619,67.77085312599999,2.8448817302261924,0.8115583243100638,0.16693960365181787,0.0215020720381185
73.0,18.96636214,4.058402635,Mega,260.8904476,96.024764775,2.7169079581845823,0.760220555302058,0.1975153199743936,0.04226412472354844
47.0,19.83138083,2.825675852,Micro,170.979336,69.657056682,2.4545874336976192,0.6747342227588725,0.28470024107585645,0.040565536165270956
34.0,16.2792597,5.187613793,Macro,119.4727749,55.466873492999994,2.1539482465165025,0.6129784835319924,0.2934951742332199,0.09352634223478784
98.0,26.23075658,4.307673455,Mega,347.5747397,128.538430035,2.7040530960690754,0.7624179008045716,0.2040693711044827,0.03351272809094567
72.0,29.40183996,0.883780673,Micro,255.2829028,102.28562063300001,2.495784854412264,0.7039112590256985,0.2874484192210513,0.008640321753250127
59.0,28.35102374,6.541167803,Macro,210.3998707,93.892191543,2.240866543237973,0.6283802628355911,0.3019529449050726,0.06966679225933636
88.0,33.99232228,5.781691282,Mega,311.6077516,127.774013562,2.4387412034200366,0.6887159411119196,0.2660347071551122,0.045249351732968304
94.0,31.21314927,6.894316975,Nano,334.3205757,132.107466245,2.530671317849557,0.7115419186503223,0.2362708948797309,0.05218718646994666
55.0,13.72729882,3.332910977,Nano,201.1568419,72.060209797,2.7915106334921402,0.7632506227075924,0.19049762495378542,0.046251752338622186
23.0,10.72553038,0.564039183,Nano,80.78641866,34.289569563,2.3560056218137015,0.6707579095661219,0.31279279724681447,0.016449293187063622
63.0,16.10084562,3.055372489,Micro,224.1978986,82.15621810900001,2.728921848648723,0.7668317925298768,0.19597841758780027,0.037189789882322875
31.0,7.047015203,4.181179206,Nano,107.972791,42.228194409000004,2.5568886501334283,0.7341066894726864,0.16687938713993616,0.09901392338737729
29.0,11.53545476,3.91664274,Micro,103.8823237,44.4520975,2.3369498750874467,0.6523876629218678,0.25950304729714946,0.08810928978098277
100.0,38.47062883,5.793620023,Macro,358.3505386,144.264248853,2.4839871378330614,0.6931724304189623,0.266667792858369,0.04015977672266874
21.0,6.286843929,0.13183582,Macro,71.40097342,27.418679749,2.604099616525267,0.7659012101326981,0.22929054157792883,0.004808248289373169
15.0,0.388039549,1.104823047,Macro,52.03837385,16.492862596000002,3.155205686526535,0.9094843246701113,0.023527725811170637,0.06698794951871798
63.0,13.47689876,3.355966243,Macro,226.1354247,79.832865003,2.8326106634341905,0.7891486795273169,0.16881391842186244,0.04203740205082065
43.0,27.20006849,8.702652377,Mega,153.6567212,78.902720867,1.9474198039254798,0.5449748694025603,0.3447291575134523,0.11029597308398736
97.0,42.33165435,8.486323788,Mega,348.3927363,147.817978138,2.35690367767544,0.6562124663174779,0.28637690004445865,0.057410633638063514
19.0,9.057538981,1.480035413,Macro,69.36480656,29.537574394,2.3483582515865,0.6432484856935136,0.3066446438756958,0.05010687043079073
100.0,32.40065311,3.784145331,Nano,355.0516262,136.184798441,2.6071311208337304,0.7342963469107272,0.23791681216194693,0.027786840927325848
62.0,11.56312736,1.926692956,Mega,220.6092421,75.48982031599999,2.9223707405386694,0.8213027894419185,0.15317465734580912,0.025522553212272505
37.0,7.258206804,4.58201222,Nano,131.7305548,48.840219024,2.6971737111839698,0.7575723602266866,0.14861126647350476,0.09381637329980866
88.0,25.02655962,4.133996812,Nano,314.9454726,117.160556432,2.688152755426647,0.7511060264644203,0.21360908809378537,0.03528488544179433
33.0,8.177614367,3.447205649,Nano,119.4005846,44.624820016,2.6756541439761445,0.7394987809064107,0.18325260167028032,0.07724861742330887
37.0,5.264623343,2.531732224,Nano,130.9591588,44.796355567,2.9234333271627415,0.8259600481262517,0.11752347431759103,0.05651647755615736
66.0,23.9153958,3.955480444,Mega,240.6929268,93.870876244,2.56408522462668,0.7030934688246139,0.2547690695656909,0.042137461609695205
79.0,20.55638571,2.57738922,Macro,281.2953957,102.13377493,2.7541858302289617,0.7734953501341224,0.20126922483858886,0.025235425027288767
67.0,27.53356057,10.45392075,Macro,242.5873706,104.98748131999999,2.310631396714795,0.6381713244056707,0.26225565394866646,0.09957302164566302
43.0,14.10622944,0.750124734,Macro,146.5321116,57.856354174,2.5326883052345854,0.7432200077917063,0.24381469661182317,0.012965295596470503
61.0,27.24136991,4.250422344,Nano,214.4367376,92.491792254,2.3184407218655254,0.6595179800655439,0.2945274304469096,0.045954589487546466
81.0,30.66125373,7.211115245,Micro,291.1435571,118.872368975,2.4492113651847074,0.681403093910201,0.2579342364788604,0.06066266961093849
17.0,8.797291422,2.409158219,Macro,61.21910758,28.206449641,2.1703939474542677,0.6026990357300885,0.31188935629858705,0.08541160797132455
90.0,25.22566644,3.061937926,Micro,321.0701137,118.287604366,2.7143174926982185,0.760857407522822,0.21325705745082063,0.025885535026357407
16.0,5.735731245,2.354334527,Macro,58.20951843,24.090065772,2.416328746501689,0.664174193272518,0.2380952920297407,0.09773051469774127
68.0,19.77617983,3.217632434,Micro,240.8030093,90.993812264,2.6463668606537682,0.7473035617269431,0.2173354356516402,0.035361002621416664
90.0,32.72547832,8.829536236,Mega,319.4375263,131.555014556,2.428166857630673,0.6841244349654876,0.2487588818293924,0.06711668320511997
61.0,22.23934576,8.19479117,Macro,214.3964426,91.43413693,2.3448183555791346,0.6671468889863343,0.2432280383094332,0.0896250727042325
32.0,10.57992982,0.064459595,Mega,117.0207161,42.644389415000006,2.7441057945793546,0.7503917968806494,0.2480966421406552,0.0015115609786952788
29.0,12.99586641,0.270843681,Nano,107.4545729,42.266710091,2.542298008731952,0.6861191689053431,0.3074728641528988,0.006407966941758065
92.0,31.4612923,1.744870623,Micro,330.0147603,125.206162923,2.6357708965408864,0.7347881114812111,0.25127590819429746,0.013935980324491459
82.0,29.60111386,6.481908539,Macro,292.2098585,118.083022399,2.4746136452421514,0.6944266697622606,0.250680523403089,0.05489280683465037
24.0,7.47427064,0.440111075,Mega,84.23363563,31.914381715,2.639362917389985,0.7520120619701625,0.23419756982122691,0.013790368208610617
45.0,18.09700717,0.102153377,Micro,160.4351038,63.199160547,2.5385638418517837,0.7120347740463161,0.28634885358234474,0.001616372371339181
81.0,24.06207496,1.540092049,Nano,292.5465306,106.602167009,2.744283149284399,0.7598344599614142,0.22571844114546502,0.014447098893120777
90.0,28.16502069,6.91914746,Mega,322.2334226,125.08416815000001,2.5761327541754127,0.7195155176798447,0.22516854935809874,0.05531593296205647
62.0,27.59890985,3.606600914,Nano,218.2020915,93.205510764,2.3410857331440007,0.6651967195049918,0.2961081337763549,0.03869514671865331
43.0,17.65544444,2.395348967,Micro,154.2261706,63.05079340699999,2.446062329532519,0.681989831950728,0.28001938573607016,0.03799078231320186
68.0,19.13141921,6.834952137,Micro,240.226864,93.966371347,2.556519535195072,0.723663146987861,0.20359857399783263,0.07273827901430627
20.0,6.416720778,2.258860613,Nano,66.76720286,28.675581390999998,2.3283643999962726,0.6974575241315637,0.22376950934337206,0.07877296652506431
45.0,6.359354009,0.7043668,Mega,159.7073365,52.063720809,3.0675359735793637,0.8643254708030984,0.12214559217405546,0.01352893702284604
60.0,15.52766221,2.055274228,Macro,210.9051685,77.582936438,2.7184478724718515,0.7733659327002746,0.20014274946152433,0.02649131783820095
17.0,9.150564563,4.636304292,Macro,56.48493055,30.786868855,1.8347085186230772,0.5521834675707556,0.29722296886043625,0.15059356356880807
22.0,20.34673491,5.491167097,Mega,76.96167134,47.837902007,1.608801141169159,0.45988638876305227,0.42532665640359213,0.1147869548333556
24.0,4.799850688,0.570028459,Macro,90.33315235,29.369879147,3.0757073223853264,0.8171637302243204,0.16342766219691046,0.01940860757876921
56.0,17.73673383,2.094383195,Micro,201.0215385,75.831117025,2.6509109503652337,0.7384831214017054,0.23389783146874327,0.027619047129551363
36.0,6.101045822,3.262967852,Micro,136.9397266,45.364013674000006,3.018686300204645,0.7935805737716962,0.1344908734452825,0.0719285527830211
15.0,3.518069641,2.293790324,Micro,55.26128448,20.811859965,2.6552785081648036,0.7207428853176026,0.16904157758684016,0.11021553709555724
44.0,15.66926662,1.086781261,Nano,153.1171757,60.756047881,2.5201964420053025,0.7242077379058743,0.2579046393980506,0.017887622696075082
26.0,17.83664974,5.109696734,Micro,91.75121422,48.946346473999995,1.8745263095119404,0.5311938862241954,0.36441228048501473,0.10439383329078995
100.0,37.403986,6.441653552,Nano,354.5724021,143.845639552,2.4649506457359283,0.6951896512917942,0.2600286398426316,0.044781708865574275
21.0,5.417999563,4.626973896,Mega,72.73897901,31.044973459,2.343019526367571,0.6764380078383367,0.17452099194593806,0.14904100021572514
62.0,26.58627729,4.520665601,Micro,222.122981,93.106942891,2.3856758057241625,0.6659009314974845,0.28554559374937777,0.048553474753137676
41.0,12.50160407,1.247269966,Macro,148.4917921,54.748874036,2.7122346297452538,0.7488738484930402,0.22834449639602816,0.022781655110931786
85.0,36.0777564,11.40362504,Macro,304.9706255,132.48138144,2.3019885676397425,0.6415995898902668,0.27232322012236404,0.08607718998736913
88.0,31.02302738,7.352545034,Macro,318.149536,126.375572414,2.517492343834916,0.6963371031208186,0.24548278427076178,0.05818011260841956
25.0,5.384656349,0.63199073,Mega,83.57435437,31.016647079,2.6944999618151666,0.8060187787649812,0.1736053653796033,0.020375855855415556
14.0,7.388485707,0.120490397,Mega,49.97649711,21.508976104000002,2.323518184610653,0.6508910481050948,0.3435070861241959,0.005601865770709212
100.0,31.35903037,6.512735644,Macro,355.5244546,137.871766014,2.5786603369097247,0.7253116638097291,0.22745070493124522,0.04723763125902568
42.0,7.277728631,0.277136782,Macro,146.9372915,49.554865413,2.9651435893407374,0.8475454357501273,0.14686204009123982,0.0055925241586328115
54.0,21.46940881,1.186421596,Macro,197.6658547,76.655830406,2.5786147466289573,0.7044473944642482,0.28007535364615327,0.015477251889598424
23.0,10.05141481,0.156850984,Micro,82.3199865,33.208265794,2.4789004945531783,0.6925986482605061,0.3026781004570275,0.004723251282466533
44.0,12.01934706,4.631654336,Nano,160.0522949,60.651001396,2.638906056224747,0.7254620531772762,0.19817227718176947,0.07636566964095441
46.0,17.78260917,3.773452773,Macro,170.7813251,67.556061943,2.527994086512853,0.6809159485763425,0.2632274389381069,0.055856612485550544
69.0,28.00048104,7.370702567,Micro,243.0910198,104.37118360699999,2.329100920377953,0.6611020170070419,0.2682778911987164,0.07062009179424177
55.0,19.95572923,5.245123382,Micro,197.7353291,80.200852612,2.4655015833387033,0.685778245601477,0.24882190874631843,0.06539984565220447
40.0,9.100429136,2.705529895,Macro,147.5935729,51.805959031,2.8489690309889246,0.7721119490532842,0.17566375193545639,0.05222429901125944
40.0,13.9310362,3.935940555,Nano,143.1728885,57.866976755,2.4741726029022093,0.6912405355018619,0.2407424230745956,0.0680170414235424
48.0,16.36000105,3.914305454,Macro,166.6182043,68.274306504,2.4404232401868238,0.7030463209053294,0.23962163642103806,0.05733204267363261
70.0,17.06761498,3.299867282,Macro,248.668284,90.367482262,2.751745182841797,0.7746149195243804,0.18886898863151155,0.03651609184410808
99.0,24.97844292,2.640894757,Macro,355.5253057,126.61933767699999,2.807827873866537,0.7818710934387003,0.19727194422481373,0.020856962336486064
72.0,24.18358539,4.736877628,Mega,249.4279628,100.920463018,2.4715301073828053,0.713433112045455,0.23963014701673194,0.046936740937812964
49.0,12.07216987,4.381532375,Macro,176.8355255,65.453702245,2.7016886659533217,0.7486207551192126,0.18443830457156746,0.06694094030921993
74.0,26.31231351,5.591730811,Macro,264.5447223,105.904044321,2.4979661919062583,0.6987457417178764,0.24845428405213849,0.0527999742299851
17.0,6.837294843,2.314950178,Macro,61.65362493,26.152245021,2.35748880757628,0.6500397952967008,0.2614419847133475,0.08851821998995182
88.0,30.24576552,6.376378066,Macro,313.2604593,124.62214358599999,2.513682161820811,0.7061345397198406,0.2426997694765844,0.05116569080357498
61.0,26.66674418,3.698028588,Micro,215.7972985,91.364772768,2.3619311027891245,0.6676533870980623,0.29187118155171377,0.040475431350224016
13.0,7.430197108,1.294086175,Micro,44.84905295,21.724283283000002,2.064466402217095,0.5984086945769551,0.3420226578344421,0.0595686475886027
45.0,18.80608405,1.052299168,Nano,156.5741622,64.858383218,2.4140928964221593,0.6938193301665783,0.2899561030806082,0.016224566752813502
50.0,9.960473773,0.904872702,Micro,179.7250572,60.865346475,2.952830594233465,0.8214855068727348,0.16364769692210973,0.014866796205155422
33.0,23.17995162,4.492850796,Macro,120.6552943,60.672802415999996,1.9886224056824189,0.5439010344987392,0.38204847471965836,0.07405049078160254
12.0,1.228081695,1.523414744,Macro,33.50980953,14.751496439,2.271621029674439,0.8134767919730778,0.08325132979412164,0.10327187823280062
35.0,13.94233165,1.387046445,Mega,123.5529594,50.329378095,2.4548874648676504,0.6954188850483152,0.27702173517190964,0.02755937977977512
60.0,29.73254005,2.01239532,Mega,212.6020547,91.74493537,2.3173165237142834,0.6539870539776914,0.3240782712428871,0.02193467477942156
29.0,10.37725789,0.061983883,Mega,102.7747905,39.439241773,2.605901784104768,0.7353082538177325,0.2631201165004202,0.001571629681847332
93.0,37.34778216,8.278557955,Nano,333.8742928,138.626340115,2.4084477201304493,0.6708681764435976,0.2694133173321713,0.05971850622423106
58.0,14.75741985,1.887767552,Mega,208.8963401,74.645187402,2.798523888418866,0.7770092355404279,0.19770088821030407,0.025289876249268015
52.0,25.30055871,2.365394438,Mega,186.342862,79.665953148,2.339052689846316,0.6527255112782825,0.3175830792232876,0.029691409498429917
26.0,1.218353879,1.270443869,Micro,90.05422241,28.488797748,3.161039760490492,0.9126394251517784,0.042766068606230744,0.044594506241990815
68.0,21.07696395,1.240824206,Macro,247.3166842,90.31778815599999,2.7382942967206647,0.7528970913520165,0.23336448312479866,0.013738425523184933
70.0,22.9508713,5.688322892,Mega,251.1300326,98.639194192,2.5459457029948807,0.7096570544133384,0.23267496747110894,0.05766797811555261
74.0,29.20318144,5.343637998,Mega,265.6949003,108.54681943800001,2.4477446845115542,0.6817334711706359,0.26903765205833907,0.049228876771024964
28.0,15.73250128,7.952641069,Mega,101.2398192,51.685142349,1.9587799239554338,0.5417417603483052,0.30439117636104157,0.15386706329065314
97.0,34.85516799,8.128920858,Macro,349.2786694,139.984088848,2.495131212942779,0.692935895774028,0.2489937840567513,0.05807032016922073
61.0,17.99966763,0.689676121,Nano,210.8050442,79.68934375100001,2.6453354272647607,0.7654724851368163,0.22587295594053786,0.00865455892264573
25.0,8.466518679,0.64854834,Mega,89.25059861,34.115067019,2.616163660481537,0.7328140374479268,0.24817534945145112,0.01901061310062203
73.0,15.85081095,3.055215876,Mega,262.6417301,91.906026826,2.8577204256391515,0.7942895860160116,0.17246758996566525,0.033242824018323104
29.0,18.18480338,1.570359462,Macro,102.5334308,48.755162842000004,2.103027142628531,0.5948088019720043,0.372982107329457,0.03220909069853866
67.0,12.84948587,3.413281045,Mega,237.559992,83.262766915,2.853135931004029,0.8046814018131048,0.15432451197685496,0.04099408621004029
89.0,33.39187931,6.297544404,Mega,319.4471722,128.68942371400001,2.4823110010185525,0.6915875246888511,0.2594764849068737,0.04893599040427512
31.0,14.30082434,2.954928662,Nano,109.7745496,48.255753002,2.274848961437827,0.6424104499771287,0.2963548064291379,0.06123474359373338
55.0,10.56917499,2.990738288,Mega,194.9974458,68.559913278,2.8441903800157258,0.8022180509036437,0.15415969018431525,0.0436222589120411
97.0,34.03091596,4.107471029,Mega,349.6290275,135.13838698900003,2.587192546026608,0.7177827274784299,0.2518227183129694,0.030394554208600547
96.0,38.34982728,5.625677284,Nano,343.7161569,139.975504564,2.455545046760986,0.6858342843558503,0.2739752744557215,0.04019044118842816
21.0,6.701206992,0.8861581,Macro,73.72119644,28.587365092,2.5788034749879913,0.7345902615514825,0.23441149509351922,0.03099824335499832
75.0,27.69457686,6.330322063,Mega,264.9503875,109.024898923,2.4301823722590563,0.6879162534511456,0.2540206607259466,0.058063085822907826
28.0,7.46265367,2.487820224,Micro,100.2251531,37.950473894,2.640946022965096,0.7378036985310695,0.19664190994937356,0.06555439151955693
47.0,15.89286029,2.001411881,Mega,167.7246684,64.894272171,2.5845835508877615,0.7242549831848395,0.24490389919346708,0.03084111762169347
95.0,43.12933167,10.17498349,Micro,339.8717323,148.30431516,2.2917184299952775,0.6405747526463276,0.29081643122433337,0.06860881612933913
13.0,1.311583983,0.91786893,Micro,48.23208285,15.229452913,3.1670266243660437,0.8536091266222099,0.0861215429400238,0.06026933043776633
28.0,12.99050602,3.381622724,Micro,98.90352508,44.372128744,2.228956055965057,0.631026745675035,0.29276274065973396,0.07621051366523098
99.0,36.87630184,7.618605058,Mega,351.8073281,143.494906898,2.4517060271001396,0.6899199570223898,0.2569868341474493,0.053093208830160825
64.0,18.66967958,3.045508873,Mega,227.315652,85.71518845300001,2.651988009390464,0.7466588028922431,0.21781063446225868,0.03553056264549819
70.0,24.70391519,5.052822575,Mega,253.9387745,99.756737765,2.545580180240169,0.7017069881024092,0.24764157031874648,0.05065144157884442
31.0,9.847549535,0.553308611,Micro,109.5537687,41.400858146,2.646171446825063,0.7487767497639444,0.23785858496634654,0.013364665269709117
70.0,24.12286029,1.07874688,Nano,252.0882419,95.20160717,2.64794103160307,0.735281704593517,0.25338711191003516,0.011331183496447688
96.0,33.73717368,8.701501372,Micro,343.0460478,138.438675052,2.477963962535367,0.6934478386472618,0.24369760594232587,0.06285455541041231
100.0,32.38632069,6.903400294,Mega,350.8437408,139.28972098399998,2.518805683014477,0.7179280660019907,0.23251048577891953,0.049561448219089935
75.0,20.77119006,1.930360197,Nano,268.8629865,97.701550257,2.7518804542278676,0.7676439094642359,0.2125983672251077,0.019757723310656436
98.0,27.66981156,1.605374723,Nano,345.5559312,127.275186283,2.7150298600360836,0.7699851232752801,0.21740146188806503,0.012613414836654834
71.0,30.93431708,4.066906068,Macro,251.1436688,106.001223148,2.369252555221468,0.6698035918026066,0.2918298125372496,0.03836659566014388
25.0,10.69837915,1.359456063,Mega,87.9565535,37.057835213000004,2.3734941071016626,0.6746211659776047,0.2886941206497398,0.036684713372655366
30.0,7.377348336,4.990927845,Macro,106.4830485,42.368276181,2.51327309246894,0.7080769553105741,0.1741243449340137,0.11779869975541217
17.0,7.759342529,1.962255801,Nano,61.87297616,26.721598330000003,2.315466889214332,0.6361894894930111,0.2903771860191718,0.07343332448781703
83.0,37.71626504,4.007700088,Macro,293.8381677,124.723965128,2.355907843359885,0.6654695423996495,0.30239789924328553,0.032132558357065
20.0,11.47823414,0.69576991,Nano,74.53185747,32.17400405,2.316524152672257,0.6216198633194366,0.35675491686276456,0.021625219817798837
89.0,36.06087241,2.325705692,Nano,316.5823616,127.386578102,2.4852097161013984,0.6986607327558214,0.28308219709870547,0.01825707014547309
16.0,13.82810314,0.890157941,Mega,54.74192597,30.718261081,1.7820646105472169,0.5208628170002889,0.4501590472044337,0.02897813579527731
20.0,14.68531892,2.331899828,Mega,68.63989903,37.017218748,1.8542694819207222,0.540289105352643,0.396715891055252,0.0629950035921051
13.0,14.52212352,2.823846857,Nano,48.8572496,30.345970377,1.6100078195894563,0.4283929575655632,0.4785519572973252,0.09305508513711154
83.0,28.82671381,5.519575003,Macro,292.0895775,117.346288813,2.4891249689665633,0.7073082654728574,0.2456550957136574,0.0470366388134852
47.0,22.14974584,5.275784898,Micro,169.5980174,74.425530738,2.27876127611418,0.6315037263953679,0.297609511418517,0.07088676218611503
68.0,14.02880622,1.276217736,Nano,241.2374276,83.30502395600001,2.8958328819089783,0.8162772996250045,0.16840288320917746,0.015319817165817895
38.0,7.736680237,2.05960976,Mega,137.8130938,47.796289997,2.8833429081765556,0.7950407866883626,0.16186779847317861,0.04309141483845867
77.0,29.76975537,2.856585742,Macro,270.4881539,109.626341112,2.467364605589227,0.7023859340642663,0.27155659003145655,0.02605747590427708
64.0,27.02480286,3.399217629,Macro,226.7540305,94.424020489,2.401444349919583,0.6777936341680741,0.2862068647367994,0.03599950109512647
94.0,16.78014184,2.965429418,Nano,334.7867143,113.745571258,2.9432945001491975,0.8264058016534754,0.14752347413983216,0.026070724206692434
34.0,16.68732493,0.377600773,Mega,119.2920553,51.064925703,2.336085946620534,0.665819043735582,0.32678643315875106,0.007394523105666957
50.0,14.95740704,1.952884786,Mega,178.3745522,66.91029182599999,2.665876165416562,0.7472691963446348,0.22354419076360765,0.029186612891757682
97.0,32.09708248,6.671544862,Micro,340.8415755,135.76862734199997,2.510459022624005,0.7144507674490798,0.23641015681146815,0.04913907573945222
65.0,16.00937858,1.309538333,Micro,226.1451265,82.31891691300001,2.7471829681506246,0.7896119438584965,0.19447994677723657,0.01590810936426685
66.0,21.83513317,6.269988283,Mega,232.6222384,94.10512145300001,2.4719402600864946,0.7013433379708577,0.23202916943160598,0.06662749259753617
93.0,36.81227531,3.083608295,Mega,331.0288348,132.895883605,2.490888549895955,0.6997959415840103,0.2770008694882931,0.02320318892769666
55.0,20.48868764,5.290458667,Mega,202.3547575,80.77914630699999,2.50503708879212,0.6808687949111679,0.25363832841378436,0.06549287667504788
63.0,14.58661204,2.221679639,Nano,226.0192733,79.808291679,2.8320274566091554,0.7893916618763714,0.18277063364129348,0.02783770448233503
62.0,18.22598841,6.618429614,Nano,219.8899849,86.84441802399999,2.5319990611167666,0.7139203809606498,0.20986942885567078,0.07621019018367946
51.0,14.76555949,4.811434198,Nano,180.7565911,70.576993688,2.5611262488605195,0.7226150808499424,0.20921207773845069,0.06817284141160682
20.0,12.30120609,1.12340663,Mega,75.22126744,33.42461272,2.25047536287505,0.598361457993282,0.36802838055441206,0.03361016145230598
79.0,19.48177541,2.244635012,Macro,277.4437268,100.726410422,2.7544288100571737,0.7843027431338438,0.19341278348329705,0.022284473382859094
83.0,28.18172312,6.851154679,Nano,294.4679527,118.032877799,2.494796011001731,0.7031939028152984,0.23876163697364974,0.05804446021105184
84.0,22.32668218,0.165284697,Micro,297.0710659,106.49196687700001,2.7896100955964314,0.7887918916646679,0.2096560222780718,0.0015520860572601366
41.0,14.81924744,6.158927918,Nano,145.2317251,61.978175358,2.3432720350528005,0.6615231855919393,0.23910428718497542,0.09937252722308514
78.0,23.93088014,3.943732847,Mega,275.0988049,105.874612987,2.5983453175293163,0.7367205206178875,0.22603039071262904,0.037249088669483385
73.0,31.3271272,10.26055357,Nano,259.8590832,114.58768077,2.267775047490386,0.6370667379726914,0.2733900100734188,0.08954325195388978
62.0,30.09534582,8.267241169,Nano,220.8539255,100.36258698900001,2.2005603096321753,0.6177600823182782,0.2998661824380685,0.0823737352436532
97.0,35.16687525,5.677768967,Mega,342.7315272,137.844644217,2.4863608531678585,0.7036907422191835,0.2551196344969271,0.04118962328388945
97.0,35.73461699,6.814448789,Micro,347.6784806,139.54906577900002,2.4914425521888393,0.6950960184399673,0.2560720617549094,0.04883191980512326
24.0,9.225854712,3.542555386,Micro,90.49426422,36.768410098000004,2.4611960098030563,0.6527342339805295,0.2509179670105408,0.09634779900892955
43.0,12.32309593,1.312615046,Macro,154.6999619,56.635710976,2.7314914783281488,0.7592382837433033,0.21758526056505312,0.02317645569164365
17.0,1.161547765,0.126207259,Nano,60.62366983,18.287755024000003,3.3149869817503737,0.9295837557803015,0.06351505493570088,0.006901189283997485
39.0,16.97491196,5.187082923,Micro,144.8229801,61.161994883,2.3678590009537706,0.6376508822939009,0.2775401945680844,0.08480892313801477
35.0,6.464550157,1.375936383,Mega,125.9820861,42.84048654,2.940724914091977,0.8169841854461815,0.15089814983693225,0.03211766471688629
63.0,25.44021521,3.473814317,Mega,222.9887428,91.91402952700001,2.4260577405595782,0.6854231103152056,0.27678272121153025,0.037794168473264
70.0,20.26713398,5.456285569,Mega,247.4390273,95.723419549,2.5849371916068886,0.7312734995239863,0.21172597129822998,0.05700052917778365
18.0,8.61923361,0.380371928,Mega,66.16931358,26.999605538,2.450751122525529,0.6666764066114335,0.3192355383810719,0.014088055007494606
66.0,19.70536729,6.268882402,Macro,235.4197611,91.974249692,2.559626872612335,0.7175921545543278,0.2142487419684163,0.0681591034772559
73.0,33.44696021,5.205860619,Mega,260.7418065,111.652820829,2.335290810962445,0.6538124111687417,0.2995621602899324,0.04662542854132587
75.0,32.98398494,5.622825529,Nano,267.7448033,113.606810469,2.3567671884693904,0.6601716894469573,0.29033457416710395,0.04949373638593882
78.0,18.1590474,4.246496176,Mega,274.0939965,100.40554357599999,2.7298691560046184,0.7768495366090962,0.18085701997375142,0.04229344341715255
57.0,17.89151781,4.776428455,Micro,203.5732333,79.667946265,2.555271509357767,0.7154696797429739,0.22457611434449848,0.05995420591252767
69.0,19.03006896,2.701390218,Micro,246.2403062,90.731459178,2.713946280935674,0.7604859507950105,0.2097405809672495,0.029773468237740148
54.0,24.36575611,5.020143563,Macro,194.5312641,83.38589967300001,2.332903582774299,0.6475915018217998,0.2922047517092332,0.060203746468966875
51.0,13.35489142,6.071647853,Macro,180.6283071,70.426539273,2.564776133608044,0.7241588260116636,0.1896286763180478,0.08621249767028857
90.0,23.85096981,1.784880296,Macro,319.6358643,115.63585010599999,2.764158900609103,0.7783053431742807,0.2062593027001273,0.01543535412559213
58.0,25.10416247,6.380922006,Macro,203.6774283,89.48508447600001,2.276104777602646,0.6481527099139707,0.2805401885353638,0.07130710155066534
78.0,24.99209995,4.209574548,Macro,277.2413366,107.201674498,2.586166101399585,0.7276005749467579,0.23313161913778,0.039267805915462035
42.0,25.88765729,3.593714636,Nano,150.9429499,71.481371926,2.111640359340912,0.5875656673668751,0.36215949124199526,0.050274841391129685
91.0,35.43036545,4.872217981,Nano,324.8525007,131.302583431,2.474075469129754,0.69305567051406,0.26983753498360363,0.03710679450233643
53.0,12.94363013,1.404957117,Mega,187.1575553,67.348587247,2.7789381032389335,0.7869504345447255,0.19218859161112645,0.0208609738441482
65.0,18.74248941,2.46078708,Micro,231.2809731,86.20327649000001,2.682971953239268,0.7540316638375145,0.21742200729660455,0.0285463288658809
61.0,24.66064552,3.371495534,Mega,217.4423705,89.03214105400001,2.4422907045233955,0.6851458279881433,0.2769858753036475,0.03786829670820914
46.0,15.57567824,3.61510014,Nano,168.7156804,65.19077838,2.588029850120038,0.7056212725650232,0.23892456306026394,0.0554541643747129
53.0,22.58564193,2.507439565,Mega,185.5270333,78.093081495,2.3757166415808366,0.6786772782604741,0.28921437722298193,0.03210834451654391
65.0,23.57866143,2.856656795,Mega,232.5550232,91.435318225,2.5433828821784035,0.7108850415990335,0.25787258017715503,0.03124237822381134
28.0,15.04649578,4.417364136,Macro,97.30120741,47.463859916000004,2.0500062064526676,0.5899225231482119,0.3170095269670187,0.09306794988476932
26.0,3.205844812,1.792202945,Macro,95.06003466,30.998047757,3.0666458547710795,0.8387624989747512,0.1034208617630139,0.05781663926223495
89.0,29.19640099,5.766582735,Mega,314.8741782,123.962983725,2.540066145055997,0.7179562585992442,0.23552515527352438,0.04651858612723143
86.0,28.01877818,4.629252433,Macro,303.3890111,118.648030613,2.5570505429591037,0.7248329327986095,0.23615038560050103,0.039016681600889405
27.0,13.2703404,0.858878019,Micro,92.40045362,41.129218419000004,2.246589095826698,0.6564676168883169,0.32264995324758344,0.020882429864099578
70.0,18.78284141,3.505200696,Micro,249.5859488,92.288042106,2.7044234887259946,0.7584947995711031,0.20352410758076808,0.037981092848128735
52.0,19.83234262,1.810460465,Macro,188.8523237,73.642803085,2.564436927828818,0.7061110905838356,0.2693045591584708,0.024584350257693618
58.0,24.29613986,3.260725855,Macro,207.138848,85.556865715,2.421066343056604,0.6779116966860945,0.2839765068175043,0.03811179649640114
10.0,2.112089417,2.920708705,Mega,32.23703002,15.032798121999999,2.144446413660154,0.6652121527106343,0.14049875477999185,0.1942890925093739
22.0,3.119413491,2.819735385,Micro,80.24244109,27.939148876,2.8720431479904183,0.7874255618036458,0.1116502691203885,0.10092416907596566
33.0,12.12654395,0.210453262,Macro,117.4527316,45.336997212,2.5906597000851237,0.7278823483983499,0.26747567540247885,0.00464197619917131
55.0,16.34726096,1.401877027,Micro,193.3989459,72.749137987,2.658436254386405,0.7560227037992986,0.22470728055803485,0.019270015642666588
59.0,24.11862064,4.750725408,Micro,213.9125352,87.869346048,2.4344386844889794,0.671451452111301,0.27448276019745077,0.05406578769124835
63.0,14.02166314,2.265041568,Nano,226.1960569,79.286704708,2.852887602442846,0.7945846687918072,0.17684759622233637,0.02856773498585644
59.0,24.99656438,7.915971311,Nano,206.9934179,91.91253569099999,2.252069495676732,0.6419146154160258,0.27196033916456996,0.08612504541940438
54.0,27.34182453,5.53069564,Mega,188.9448767,86.87252017,2.1749671395540915,0.621600477277831,0.31473502180545754,0.06366450091671147
31.0,11.16309579,2.308968966,Micro,105.850716,44.472064756,2.38016194167641,0.6970668029488691,0.2510136610757187,0.051919535975412136
42.0,6.888967892,1.847115421,Micro,151.0677477,50.736083312999995,2.9775208852452404,0.8278132101939062,0.13578044346664922,0.03640634633944473
41.0,5.526393657,0.482566921,Micro,147.427697,47.008960578,3.1361615995609897,0.8721741450115753,0.11756043079978946,0.010265424188635205
10.0,6.090843306,1.41702401,Macro,37.33877488,17.507867316,2.1326855068108173,0.5711717949142356,0.34789179036293766,0.08093641472282678
81.0,27.93114808,4.88405347,Micro,284.7101658,113.81520155,2.5015126443801483,0.7116799768123769,0.24540788664095636,0.04291213654666677
56.0,20.84734986,4.647692649,Mega,202.3921238,81.495042509,2.483490008335766,0.6871583629619626,0.2558112643195161,0.057030372718521204
91.0,29.89437658,5.836856118,Macro,324.7810603,126.731232698,2.5627546847425675,0.7180550371261094,0.23588799653861314,0.04605696633527746
75.0,31.43960904,5.03708252,Micro,258.3127255,111.47669155999999,2.317190453763768,0.6727863820719224,0.2820285442636974,0.04518507366438029
16.0,1.342911026,2.244921251,Mega,55.67769137,19.587832277,2.8424631466431665,0.8168336227172607,0.06855842989715834,0.11460794738558093
50.0,10.70249963,3.106184502,Nano,181.4839824,63.808684131999996,2.844189390029843,0.7835924009428843,0.16772794762324061,0.04867965143387515
17.0,9.736331095,0.598563708,Micro,53.74971174,27.334894803,1.9663405375205973,0.6219156913724158,0.35618688731633386,0.0218974213112504
53.0,17.31799684,3.417844432,Mega,185.4875495,73.735841272,2.5155683626876297,0.7187820615552656,0.23486538623892028,0.04635255220581407
45.0,11.70794329,3.509534146,Nano,166.6248154,60.217477436,2.767050738335747,0.7472913498880228,0.19442766101325598,0.0582809890987211
74.0,22.67960376,3.535072235,Mega,259.9159326,100.214675995,2.5935915076247715,0.7384148006794142,0.22631020391795262,0.035274995402633194
92.0,25.05226608,7.118749557,Micro,333.0185055,124.171015637,2.6819342967568387,0.740913646619044,0.20175615018916718,0.057330203191788845
64.0,22.85140519,0.667171404,Micro,221.5444894,87.51857659400001,2.531399595628117,0.7312733192279505,0.26110348316115806,0.0076231976108914355
18.0,7.022067609,0.289604731,Micro,61.84675049,25.31167234,2.4434083082003104,0.7111343635542652,0.2774240877756242,0.01144154867011051
11.0,6.244162288,0.759346585,Macro,42.1961076,18.003508872999998,2.3437713113404146,0.6109920059248443,0.34683029469685317,0.04217769937830274
42.0,11.75924833,5.010336123,Mega,147.8598054,58.769584453,2.5159239558388986,0.7146553849396162,0.2000907176637307,0.08525389739665308
82.0,28.87955407,0.832748001,Micro,287.8613141,111.712302071,2.576809436055185,0.7340283789683609,0.2585172226747711,0.007454398356867964
24.0,6.816992888,3.927796211,Macro,90.57296989,34.744789099,2.6068073008567145,0.6907510628893341,0.19620187846229295,0.11304705864837288
28.0,4.140973909,2.501202365,Macro,97.13687326,34.642176274,2.8040060904864155,0.808263308244143,0.11953561682289361,0.07220107493296338
31.0,9.9541245,3.674953196,Mega,107.2140847,44.629077695999996,2.4023370016810666,0.6946143994093443,0.22304123261978517,0.08234436797087066
83.0,32.56646841,5.179906086,Nano,295.7818291,120.746374496,2.449612506666181,0.6873912392520701,0.2697096997399192,0.04289906100801061
100.0,33.3317102,6.057539518,Macro,355.8934821,139.389249718,2.5532347926401227,0.7174154405903694,0.23912683558763514,0.04345772382199544
42.0,12.81137191,2.234517357,Mega,150.5288403,57.045889267,2.638732470195327,0.7362493694054171,0.2245801069037089,0.03917052369087403
59.0,16.97645374,4.517268013,Nano,208.1119326,80.493721753,2.5854430391304852,0.7329764199628535,0.21090407264424058,0.05611950739290597
31.0,14.95348305,0.048020677,Micro,109.541122,46.001503727,2.3812508967115837,0.673891014171455,0.32506509219226337,0.0010438936362816085
87.0,27.14848005,1.178327441,Micro,308.2334271,115.326807491,2.6726953932549833,0.754377944666416,0.2354047652981172,0.010217290035466868
32.0,25.48626583,4.172270036,Mega,115.3396212,61.658535866,1.870618878311722,0.5189873478271412,0.4133452971602873,0.06766735501257158
80.0,29.3511274,5.061329165,Nano,287.8993425,114.412456565,2.51632865112409,0.6992245634945388,0.2565378655542199,0.04423757095124129
53.0,15.46760824,3.337645908,Mega,191.3995094,71.805254148,2.6655362712803803,0.7381075469875795,0.21541053539228816,0.04648191762013231
81.0,28.10521,5.05968854,Micro,282.7692806,114.16489854,2.476849576500311,0.7095000392929005,0.24618083455969408,0.044319126147405415
20.0,8.529031827,4.146156202,Macro,76.28530204,32.675188029,2.334655334570531,0.6120852306113596,0.26102472063604604,0.12689004875259444
74.0,24.55606412,3.088863718,Mega,260.0143108,101.644927838,2.5580647881850678,0.7280245219706385,0.24158671408707227,0.030388763942289176
15.0,12.09400595,1.192826643,Mega,54.9276914,28.286832593,1.9418113081205381,0.5302820650097096,0.42754896329371433,0.042168971696575984
15.0,13.12882152,2.864042827,Macro,51.85463333,30.992864347,1.6731152290226876,0.48398237194400995,0.42360787867194416,0.09240974938404585
82.0,27.87458605,2.319345751,Micro,287.7861637,112.193931801,2.5650777994878586,0.7308773182621372,0.24845003292550222,0.02067264881236052
37.0,12.70924201,4.63850598,Macro,129.6371619,54.347747989999995,2.385327206637031,0.6808009783001131,0.23385038902326746,0.08534863267661959
55.0,14.4918081,3.340074777,Mega,195.9514284,72.831882877,2.690462207752158,0.7551637803032656,0.19897615614955427,0.04586006354718013
22.0,8.781468479,5.393660696,Mega,76.39933461,36.175129175,2.1119298355622247,0.6081526314273348,0.24274878015000206,0.1490985884226632
78.0,26.46683247,3.613317648,Macro,280.4982549,108.080150118,2.595280026848195,0.7216866363975344,0.24488152950476086,0.03343183409770475
14.0,1.173467778,1.04234225,Nano,54.05961472,16.215810028,3.333759745992012,0.8633549588843271,0.07236565894480519,0.06427938217086764
13.0,2.320134594,0.98234869,Micro,49.43055198,16.302483284,3.032087266638291,0.7974245256708095,0.14231786370099125,0.06025761062819931
83.0,31.67189416,3.754571593,Micro,296.6386935,118.42646575299999,2.5048344693380797,0.7008568521593108,0.26743932581807783,0.03170382202261143
29.0,19.64763273,0.856130365,Mega,105.8301332,49.503763095,2.137819967280207,0.5858140510317906,0.39689170078434827,0.017294248183861223
33.0,21.12198513,5.403303971,Nano,119.5591274,59.525289101,2.008543414163636,0.5543862196789501,0.35484052994956655,0.09077325037148332
91.0,32.53312607,5.651035573,Micro,319.9299447,129.184161643,2.4765415561090633,0.7044207187834542,0.25183525330222123,0.04374402791432449
48.0,26.55069861,6.375071446,Macro,173.8700185,80.925770056,2.1485123759673006,0.5931361538701995,0.3280870678354636,0.0787767782943369
74.0,24.31771749,5.292837316,Mega,265.5225104,103.61055480600001,2.562697506032694,0.7142129500083974,0.23470309116221216,0.05108395882939038
47.0,12.13185864,2.877687142,Macro,166.7506926,62.009545782000004,2.6891132727568543,0.7579478192798351,0.19564501702126014,0.046407163698904706
65.0,16.2577251,3.206348981,Nano,231.6574682,84.464074081,2.7426745716509404,0.7695579535704825,0.1924809485794995,0.037961097850017875
43.0,26.15918496,5.231818374,Mega,152.0813142,74.391003334,2.0443508943841877,0.578026885952042,0.3516444702667975,0.07032864378116038
68.0,20.31684589,2.650210785,Nano,238.7782899,90.967056675,2.6248874991425573,0.747523361593913,0.2233428961276217,0.02913374227846534
54.0,17.13626299,3.315389379,Nano,190.214326,74.451652369,2.5548704420588653,0.7253029084212024,0.2301663219651409,0.04453076961365674
33.0,5.809820873,1.228691086,Mega,112.8110661,40.038511959,2.8175639048604038,0.8242064548700627,0.1451058140959219,0.030687731034015377
89.0,32.42627304,5.848850272,Nano,319.5034464,127.275123312,2.5103369620532585,0.699272549764709,0.2547730632364881,0.04595438699880283
77.0,17.66608651,1.874090882,Macro,275.6752779,96.540177392,2.855549734289637,0.7975953854667431,0.18299206596925038,0.019412548564006475
20.0,8.17845257,0.768759682,Micro,74.80941764,28.947212251999996,2.584339278986402,0.6909128183360101,0.28252988573830423,0.026557295925685745
55.0,17.46309474,4.0178371,Nano,202.9779971,76.48093184,2.653968671885889,0.7191334974194792,0.22833266174807107,0.05253384083244978
35.0,14.07835325,1.116862626,Mega,121.2157974,50.195215876,2.414887460578834,0.6972776068233758,0.2804720132049741,0.022250379971650032
30.0,10.78600157,0.476179479,Nano,107.7561749,41.262181049,2.6114997356062326,0.727058028376497,0.26140163451833337,0.011540337105169586
46.0,12.45429943,2.053708325,Mega,171.1083392,60.508007755,2.8278627168295865,0.7602299547897253,0.20582894549144787,0.0339410997188268
19.0,4.71875797,1.231213712,Nano,71.68777576,24.949971681999997,2.8732608066132075,0.7615239104141923,0.18912879061118612,0.04934729897462174
73.0,15.9583118,3.916944379,Nano,259.254776,92.875256179,2.7914299961696365,0.7860005237488218,0.17182522510886306,0.042174251142315114
41.0,16.68829782,4.329400124,Macro,144.3539082,62.017697944000005,2.3276244198929628,0.6611016106567142,0.26908928214441297,0.06980910719887265
18.0,8.202802332,0.104486847,Mega,64.16784653,26.307289178999998,2.439166046086668,0.6842210110484755,0.3118072058351018,0.0039717831164226315
41.0,20.37854572,3.688392213,Mega,145.4082544,65.066937933,2.2347486914126518,0.6301203238151157,0.3131935567796961,0.056686119405188085
94.0,35.77368976,2.094505692,Nano,332.9227403,131.868195452,2.524662896605602,0.7128329896211856,0.27128368320639995,0.015883327172414363
60.0,26.91641432,5.854134269,Nano,215.8550141,92.770548589,2.326762290220998,0.6467569817423104,0.2901396480821451,0.06310337017554446
15.0,13.56012868,3.317589703,Mega,54.25437178,31.877718382999998,1.7019527912302908,0.470548105726391,0.4253795242520071,0.104072370021602
83.0,30.59480726,4.644486108,Mega,294.980643,118.23929336799999,2.4947767751108096,0.701966306088082,0.2587532992503498,0.03928039466156834
24.0,23.86128886,6.666099409,Macro,83.22987557,54.527388269,1.5263866143634461,0.440145782915565,0.4376019027774645,0.12225231430697042
49.0,17.97929137,1.427125794,Micro,176.9483511,68.406417164,2.5867215158451824,0.7163070663754489,0.26283047870926785,0.020862454915283126
48.0,14.96439256,0.029690363,Mega,172.7051377,62.994082923,2.741608889061912,0.7619763281365994,0.23755235199298846,0.00047131987041214063
96.0,25.18516071,5.737247752,Micro,344.5442238,126.922408462,2.714605151092409,0.7563676198970174,0.19842958398902685,0.045202796113955765
83.0,30.05661135,4.918533475,Macro,297.3589613,117.975144825,2.520522112866158,0.7035380217004111,0.2547707094963509,0.04169126880323794
62.0,29.01072891,3.913406431,Macro,219.2352407,94.924135341,2.309583752461183,0.6531531709746397,0.30562015451374436,0.04122667451161608
43.0,12.21216027,3.794746614,Micro,151.4086258,59.006906883999996,2.565947510138939,0.7287282501442158,0.2069615391636701,0.06431021069211414
30.0,6.374571472,2.643270095,Mega,108.4419045,39.017841567,2.7792901950710824,0.7688790254705685,0.1633758100394616,0.06774516448996991
48.0,16.38246157,4.722281354,Micro,170.1684126,69.104742924,2.462470814588628,0.6945977652038938,0.2370671082304307,0.06833512656567536
36.0,14.77598499,8.008030729,Mega,124.1659072,58.784015718999996,2.1122392827590963,0.6124113767948008,0.2513605919784781,0.13622803122672117
25.0,0.981140161,1.377660378,Nano,92.30243141,27.358800539,3.373774785134413,0.9137827502474924,0.0358619581878739,0.05035529156463361
35.0,19.15649829,3.724764606,Macro,130.4787495,57.881262896,2.2542484903005975,0.6046861842473507,0.33096199584345704,0.06435181990919218
12.0,9.359062905,5.249310703,Mega,46.28755521,26.608373608,1.739586037535316,0.4509858504238723,0.3517337452818285,0.19728040429429916
65.0,23.90796255,2.558253102,Macro,234.1814534,91.466215652,2.56030548252905,0.7106449035489172,0.26138571908301345,0.027969377368069356
54.0,25.98585962,5.632778725,Macro,192.5204901,85.618638345,2.248581545109832,0.6307037935175656,0.30350704148423935,0.06578916499819512
66.0,18.4512205,5.734660378,Macro,237.6357535,90.185880878,2.634955174651612,0.7318218700916418,0.20459101048156422,0.06358711942679396
25.0,0.965159981,2.585389556,Nano,85.23426236,28.550549537,2.985380797996232,0.8756398880379281,0.03380530310806115,0.09055480885401075
45.0,17.48619727,2.355668427,Micro,160.0859022,64.841865697,2.4688663794479093,0.693996070536909,0.26967449320029396,0.03632943626279692
89.0,29.61754574,4.126546307,Micro,312.5500486,122.744092047,2.546355131131862,0.7250858148506323,0.24129508187375026,0.033619103275617554
36.0,19.40384887,3.950262553,Micro,128.5800848,59.354111423000006,2.1663214513253517,0.6065291710533438,0.3269166769545962,0.06655415199205988
33.0,18.64876502,2.010872689,Nano,115.0849847,53.659637709,2.144721612250049,0.6149873798805972,0.347538034474507,0.03747458564489579
45.0,13.66591101,1.50638398,Mega,158.8647624,60.172294990000005,2.640164587812408,0.7478524794089791,0.22711300960468817,0.02503451098633258
68.0,18.16783386,7.064557009,Macro,244.8659231,93.232390869,2.626403987044148,0.7293602509405362,0.19486611563493486,0.07577363342452888
63.0,20.34360352,2.500255148,Macro,228.6476926,85.843858668,2.663529996761818,0.7338905890012666,0.23698379634446093,0.029125614654272523
35.0,5.926629445,2.13583865,Mega,124.0794271,43.062468095,2.881382154554372,0.8127727357100525,0.13762865221578285,0.04959861207416472
84.0,23.67261088,3.107645702,Micro,298.9033009,110.780256582,2.69816400613543,0.7582578574172452,0.21368980006358296,0.028052342519171797
96.0,25.060946,8.261168242,Micro,338.015537,129.322114242,2.613748924391019,0.742332435273642,0.19378701119209624,0.0638805535342618
45.0,14.19071291,3.321536823,Nano,159.7279843,62.512249733000004,2.5551469509132088,0.7198589107287344,0.22700691417459531,0.05313417509667025
60.0,24.1929876,8.82769045,Micro,209.9028365,93.02067805,2.2565180226613064,0.6450178740661201,0.2600818238176667,0.09490030211621318
52.0,18.40548389,4.588627993,Micro,182.230109,74.994111883,2.4299255558129853,0.6933877699775466,0.2454257198047069,0.06118651021774645
73.0,18.81071051,3.011655016,Macro,262.4962475,94.82236552600001,2.7682946533117683,0.7698605660706029,0.19837841426601152,0.031761019663385355
15.0,4.649777313,2.389716886,Macro,53.43080271,22.039494199,2.4243207320258886,0.6805963814124463,0.21097477424009917,0.10842884434745462
69.0,21.91504373,1.356265564,Micro,245.8102151,92.271309294,2.663994008330214,0.7477947427856295,0.23750658680016193,0.014698670414208505
99.0,44.86129883,8.579322566,Macro,355.1480811,152.440621396,2.3297470047528877,0.6494331963054942,0.29428703726851346,0.05627976642599227
16.0,2.724758095,1.03482819,Micro,57.62937919,19.759586284999997,2.916527621519481,0.8097335525767564,0.13789550326103905,0.05237094416220467
65.0,15.60966355,6.728207899,Nano,233.5142029,87.33787144899999,2.6736878175048964,0.7442361363014903,0.17872731829874164,0.07703654539976812
79.0,31.42973368,3.255131985,Mega,280.6104663,113.684865665,2.4683185810052035,0.6949034028222599,0.2764636567598657,0.028632940417874397
44.0,12.77031589,2.776046037,Macro,155.3676653,59.546361927,2.6091882068374006,0.7389200377000557,0.21446005224728226,0.04661991005266205
42.0,15.79333037,1.878801595,Macro,148.7902583,59.672131965,2.4934630857042483,0.7038461442040418,0.2646684448825022,0.031485410913456045
22.0,11.78493468,0.009092532,Nano,80.96231466,33.794027211999996,2.3957581069607152,0.6510026124435377,0.3487283301889294,0.0002690573675330211
42.0,8.342327563,4.017463021,Nano,155.1794634,54.359790583999995,2.854673679439722,0.7726299080401918,0.15346504232956779,0.0739050496302405
62.0,23.55330281,5.89293156,Macro,219.5485134,91.44623437,2.4008480492667004,0.6779940194053504,0.2575644910068264,0.06444148958782325
23.0,7.956173782,0.912076126,Nano,83.03620465,31.868249908,2.605609184367389,0.721721464667761,0.24965832152592518,0.0286202138063138
89.0,34.21397898,4.786459552,Macro,318.7117311,128.000438532,2.4899268686514877,0.6953101178458078,0.2672957950175033,0.0373940871366889
67.0,27.11403284,2.646603229,Macro,236.0287822,96.76063606899999,2.439305814729121,0.6924303386371119,0.2802175961375966,0.027352065225291697
94.0,37.47520003,6.093510288,Macro,334.0609261,137.568710318,2.428320548530215,0.6832949133761028,0.2724107825345849,0.04429430408931225
50.0,10.37446633,4.32978936,Mega,176.586201,64.70425569000001,2.7291280784687433,0.7727466990664643,0.16033669222167354,0.06691660871186199
96.0,37.00648765,7.150101013,Mega,343.3204752,140.156588663,2.449549311060203,0.6849481777187624,0.2640367320795769,0.051015090201660694
86.0,32.60830419,4.793069167,Mega,306.0828436,123.401373357,2.480384417720399,0.6969128273086729,0.2642458775208621,0.03884129517046506
66.0,20.15441348,3.50221048,Micro,236.001644,89.65662396,2.6322834117119034,0.7361419277782049,0.2247955877637309,0.03906248445806413
60.0,26.09727976,1.525980545,Nano,217.2293131,87.62326030499999,2.4791283997407296,0.684749686226595,0.29783506878379445,0.01741524498961064
59.0,16.84366435,1.582101781,Micro,207.1893113,77.425766131,2.6759736668210357,0.7620202285137915,0.21754598232197633,0.020433789164232143
63.0,21.40157977,2.332838624,Nano,221.2850004,86.734418394,2.5512939902910303,0.7263552481993484,0.24674840929676992,0.026896342503881687
61.0,16.13495534,3.038417797,Macro,216.0157622,80.173373137,2.6943579114586207,0.7608511107018461,0.20125079822235548,0.03789809107579847
54.0,10.86707292,2.932960829,Nano,198.5214102,67.800033749,2.928042940729776,0.7964597805350866,0.16028123172077746,0.043258987744136036
80.0,26.45466629,7.956071282,Nano,279.1802705,114.410737572,2.440157946926167,0.6992350691704533,0.2312253801646176,0.06953955066492909
51.0,17.8984319,0.925631096,Micro,179.9306044,69.824062996,2.5769139846575193,0.7304072236948118,0.25633615593273834,0.013256620372449918
56.0,25.32563097,2.071338689,Macro,203.4231182,83.39696965899999,2.4392147464323015,0.671487228240752,0.3036756739909544,0.024837097768293626
100.0,39.52324828,9.351920567,Micro,355.9499829,148.875168847,2.3909291633839365,0.6717036882273542,0.2654791164040143,0.06281719536863149
47.0,13.94312816,6.153942854,Nano,169.7149304,67.097071014,2.5293940232441514,0.7004776704812243,0.20780531771782895,0.09171701180094675
55.0,25.73139014,3.820392929,Micro,193.0003865,84.551783069,2.2826294076199267,0.6504889430317071,0.3043269959073653,0.0451840610609276
20.0,12.35406098,4.3558596,Macro,72.20876316,36.70992058,1.9670095172949023,0.5448118569588035,0.33653194517480484,0.11865619786639155
89.0,25.89509413,2.400939144,Nano,315.4790544,117.29603327400001,2.689596959029726,0.7587639369875252,0.2207670064128242,0.020469056599650547
30.0,6.334378802,0.795481886,Mega,102.5736407,37.129860688,2.762564652798462,0.8079750218318406,0.17060066169456994,0.021424316473589458
54.0,23.74559638,3.850858082,Macro,187.4913834,81.596454462,2.2977883614699945,0.6617934609542153,0.2910126001989275,0.04719393884685724
66.0,12.05703979,3.722753612,Macro,236.7567928,81.77979340200001,2.895052468966128,0.8070453256780409,0.1474329940005098,0.04552168032144914
55.0,10.11533608,2.92221083,Mega,191.2725417,68.03754691,2.8112792184147253,0.8083771755138959,0.14867285108589462,0.04294997340020941
78.0,29.7134494,5.312680855,Nano,271.1260094,113.026130255,2.3987905167442998,0.6901059058115411,0.2628900886278511,0.047004005560607784
53.0,17.04016276,3.156623295,Macro,190.4596035,73.196786055,2.6020213969079027,0.7240755073614277,0.23279933011260956,0.04312516252596277
96.0,22.45101738,1.115810985,Nano,344.9342002,119.56682836499999,2.8848653503380066,0.80289827298038,0.18776961542765097,0.009332111591969132
44.0,8.517662372,0.443216978,Mega,153.0552548,52.960879350000006,2.8899681553342633,0.8308019153009021,0.16082932301236422,0.008368761686733586
65.0,19.80994369,6.390368242,Macro,232.3273365,91.20031193199999,2.54744015210415,0.7127168605351345,0.21721355190945535,0.07006958755541026
41.0,10.71151338,1.080983657,Micro,139.6303564,52.792497037,2.644890168808251,0.7766255112211279,0.2028984037730354,0.02047608500583681
68.0,26.11363167,2.738414665,Mega,239.7887643,96.852046335,2.475825481999611,0.7021018406239542,0.2696239538365145,0.028274205539531312
67.0,15.84088866,5.144712635,Macro,238.8459113,87.98560129500001,2.7146022506477205,0.7614882323229339,0.180039556778027,0.05847221089903901
87.0,28.65521764,4.32703635,Mega,306.9499787,119.98225399,2.5582948185452734,0.7251072313348195,0.23882879915215036,0.03606396951303015
69.0,19.65653268,3.380057305,Mega,245.0944279,92.03658998499999,2.663010743226636,0.7497018306658856,0.21357302224260588,0.03672514709150868
64.0,24.59745898,7.320931129,Nano,231.2683509,95.918390109,2.411095001044019,0.6672338842141898,0.25644153276600945,0.07632458301980069
61.0,27.02285841,2.95767597,Macro,218.3675799,90.98053438,2.4001571477689976,0.6704730898284267,0.2970180225270293,0.032508887644544085
97.0,26.74517188,8.197650451,Micro,344.687169,131.942822331,2.61239802901363,0.735166932814729,0.20270274204765298,0.062130325137618035
89.0,37.37620072,2.616112731,Nano,314.5549903,128.992313451,2.4385560804713315,0.6899635925500958,0.2897552553330862,0.020281152116818
46.0,12.56388433,5.640950375,Macro,169.4035697,64.204834705,2.638486189994156,0.716456949252417,0.19568439647460972,0.08785865427297342
25.0,3.894421609,1.756190542,Micro,87.35248595,30.650612150999997,2.849942621689207,0.815644394860295,0.12705852626414646,0.057297078875558544
80.0,24.16999806,3.53517966,Macro,286.0300404,107.70517772,2.6556758593685186,0.7427683765396604,0.22440887774991178,0.032822745710427856
31.0,9.246981499,2.709764692,Mega,109.0749985,42.956746191,2.539182041745346,0.721656148307036,0.21526261458176651,0.06308123711119747
74.0,29.66161056,6.605580895,Mega,264.2402183,110.267191455,2.396363005290076,0.6710971688274057,0.26899760634698755,0.059905224825606763
76.0,19.86221522,2.198497564,Nano,269.4416982,98.060712784,2.747702831749794,0.7750300588514637,0.20255018198522418,0.0224197591633121
70.0,14.86819499,5.769506631,Micro,245.7659287,90.637701621,2.71151986761167,0.7723055499873971,0.1640398501295973,0.06365459988300556
48.0,22.61030252,3.849709776,Nano,169.1387631,74.460012296,2.271538210705965,0.6446413117578623,0.3036569807444771,0.05170170749766055
30.0,9.820597494,3.39200924,Mega,104.1918592,43.212606734,2.411144966129087,0.6942418490203179,0.227262325423962,0.07849582555572011
25.0,12.54018005,1.757871648,Nano,90.33184491,39.298051698,2.298634181770321,0.6361638534175048,0.31910437052629276,0.04473177605620239
73.0,29.58800787,5.256752406,Macro,262.8823829,107.844760276,2.437599955966543,0.6768989036943093,0.27435739848906293,0.04874369781662771
50.0,16.07391542,2.133291153,Micro,176.445489,68.207206573,2.586903904518594,0.7330603687234515,0.23566300729229545,0.03127662398425314
43.0,5.53180147,0.738537115,Macro,150.8313558,49.270338585,3.061301386021316,0.8727360362222281,0.11227447646735104,0.014989487310420926
73.0,21.29185882,4.094001423,Mega,258.1435466,98.385860243,2.6237870560100784,0.7419765382921866,0.21641177672698028,0.04161168498083323
84.0,23.97771882,4.967358267,Micro,299.7485752,112.945077087,2.6539321848362447,0.7437243142106671,0.2122953867350084,0.04398029905432455
28.0,9.969769741,5.801150248,Macro,101.3861216,43.770919989,2.3162894822745144,0.6396941167112008,0.22777153743868045,0.1325343458501187
43.0,16.56616065,3.758375149,Mega,159.5372458,63.324535799,2.5193591044455688,0.6790416930411836,0.26160729709228453,0.05935100986653187
74.0,31.10028424,4.276767478,Nano,263.9106303,109.377051718,2.4128519296755613,0.6765587373006685,0.2843401220960308,0.0391011406033006
65.0,23.37873921,0.496559529,Mega,240.2716802,88.87529873899999,2.7034697335376126,0.7313618173131035,0.2630510337709955,0.005587148915901211
37.0,2.321754718,1.76389766,Nano,129.8158556,41.085652378,3.1596396329710483,0.9005576851887174,0.05651010957886658,0.04293220523241609
43.0,14.50355259,5.540172367,Macro,153.1050313,63.043724956999995,2.4285530622504905,0.6820662965160903,0.2300554511950616,0.08787825228884819
65.0,19.43854953,1.017771272,Macro,228.8209795,85.45632080200001,2.677636684478519,0.760622495679439,0.22746766239841515,0.011909841922145802
10.0,7.951313088,5.221649163,Mega,39.15997494,23.172962251,1.6898993972300669,0.43153740517436273,0.3431289017724469,0.22533369305319031
58.0,20.06195686,2.818226959,Mega,210.3024538,80.880183819,2.6001727972160804,0.7171101407212048,0.24804539150029895,0.03484446777849626
87.0,36.60536537,9.215618373,Nano,307.9358339,132.820983743,2.3184275949637287,0.6550169826203016,0.2755992640502423,0.06938375332945602
84.0,28.04443897,3.311678578,Micro,301.138568,115.356117548,2.6105123369351904,0.7281798467692653,0.24311184847505493,0.028708304755679745
42.0,6.69975335,2.161864768,Mega,147.9228529,50.861618118,2.90833949790618,0.825770031589619,0.13172513179695608,0.042504836613424864
64.0,14.23847068,0.455445095,Mega,227.245536,78.69391577500001,2.8877141741139893,0.8132776132653947,0.18093483517468284,0.005787551559922359
69.0,19.7854764,2.708754057,Mega,244.2201654,91.49423045699999,2.669241155208988,0.7541459134128494,0.21624835031864312,0.029605736268507633
38.0,10.73453527,0.51088457,Nano,136.5902837,49.245419840000004,2.7736647213849803,0.7716453656698076,0.21798037878196308,0.010374255548229273
62.0,19.80149851,7.431546241,Micro,220.3647427,89.23304475100001,2.4695418980145294,0.6948098674992841,0.2219076863874253,0.08328244611329053
35.0,16.17611461,2.801679964,Mega,127.0595564,53.977794574,2.3539227084539314,0.648414783824065,0.2996809102273271,0.051904305948607836
38.0,8.937947856,0.801876265,Micro,134.7800375,47.739824121,2.823220235549891,0.7959811478083012,0.18722205245972695,0.016796799731971932
29.0,8.217607504,1.975593443,Nano,103.8727026,39.193200947,2.6502735191357423,0.7399242546995839,0.20966921061416924,0.05040653468624689
61.0,23.67190912,3.362017203,Mega,217.368027,88.03392632299999,2.4691392975302278,0.6929146812808117,0.2688953010359531,0.03819001768323527
77.0,29.86234905,0.917605295,Macro,276.1736609,107.77995434500001,2.562384281737376,0.7144185620410043,0.27706774633074743,0.008513691628248202
74.0,22.36140177,2.046320049,Nano,271.2348159,98.407721819,2.7562350889382294,0.7519735101286787,0.22723218622141284,0.02079430364990838
74.0,24.71108346,0.793258638,Macro,262.5577619,99.504342098,2.6386563275943447,0.7436861391146002,0.24834176015818998,0.007972100727209814
94.0,24.21879807,3.462431445,Micro,336.1558034,121.68122951499998,2.7625937438326194,0.7725102743838758,0.19903479087556786,0.028454934740556482
55.0,22.93162206,2.01995944,Nano,195.8963478,79.95158149999999,2.4501872774086406,0.687916348471481,0.2868188674916956,0.02526478403682359
92.0,33.15174003,6.429606019,Macro,329.5311298,131.581346049,2.50439093150244,0.6991872538356602,0.2519486312114068,0.048864114952933066
47.0,16.5207045,0.595258971,Micro,171.7323311,64.115963471,2.6784644853332895,0.733046771125234,0.25766912958381116,0.009284099290954879
36.0,16.58347729,0.710402473,Mega,128.7500819,53.29387976300001,2.4158511722651212,0.6754997039077174,0.3111703888654266,0.013329907226855842
25.0,1.908465673,1.922723544,Nano,90.19350726,28.831189217,3.1283311479506497,0.8671165039997386,0.06619448329501074,0.0666890127052507
80.0,29.71334143,2.22160046,Micro,283.0834947,111.93494189,2.5290002381757613,0.7147008668536863,0.26545188596425684,0.01984724718205685
40.0,8.209850573,5.633470777,Macro,142.8491442,53.84332135,2.653052237833393,0.7428962217985463,0.15247667430530826,0.10462710389614553
66.0,24.9112458,3.124255381,Nano,236.6491764,94.035501181,2.5165939823566896,0.7018625856309616,0.2649132028557035,0.03322421151333493
23.0,6.115897898,2.00102528,Micro,80.9603373,31.116923178,2.6018104951083285,0.7391476293601306,0.19654571446588284,0.06430665617398658
82.0,17.35969287,4.361815987,Nano,295.518075,103.721508857,2.8491494026318915,0.790578549267469,0.1673683024987003,0.042053148233830655
82.0,23.57063476,5.577005503,Mega,286.6589042,111.147640263,2.579082232620516,0.7377574531134425,0.2120659935220095,0.05017655336454797
18.0,0.767382803,0.514440496,Mega,66.72337848,19.281823299,3.460428894370193,0.9335216758745799,0.03979824890521625,0.026680075220203894
53.0,20.03308237,4.304445001,Macro,190.4565967,77.33752737100001,2.4626672609579363,0.6853076611274479,0.25903443064449455,0.05565790822805746
93.0,29.60636034,4.53404604,Micro,331.0361116,127.14040638,2.6037049984769762,0.7314747738184789,0.2328635025084934,0.03566172367302763
14.0,5.24203637,1.379918092,Mega,49.39806523,20.621954462,2.395411420436682,0.678888125070674,0.2541968744843987,0.06691500044492728
22.0,16.10246464,4.881430652,Mega,74.81459598,42.983895292,1.740526201075225,0.5118195977946781,0.3746162261612649,0.11356417604405697
12.0,8.270664197,1.837365198,Micro,43.64177876,22.108029395000003,1.974023915938438,0.5427892185955725,0.37410227972966736,0.08310850167475996
60.0,23.6001629,1.991318497,Micro,209.3217765,85.591481397,2.445591232719764,0.7010043408607602,0.27573027729868443,0.02326538184055541
69.0,23.96530468,4.49419079,Micro,244.6548065,97.45949547000001,2.510322932826075,0.7079864272562296,0.24590015128261158,0.04611342146115873
75.0,20.35778359,6.382532621,Mega,269.0378784,101.74031621099999,2.644358582904739,0.7371708954045016,0.20009554076655162,0.0627335638289468
17.0,10.62493206,5.604877885,Mega,62.50050231,33.229809945,1.8808564482748202,0.511588842311689,0.3197409818950441,0.16867017579326693
45.0,25.54478363,4.020040406,Mega,153.9473267,74.564824036,2.064610608155851,0.6035017259381439,0.3425849113204766,0.05391336274137948
22.0,1.631346708,3.584063728,Micro,79.27951356,27.215410436,2.9130375875254355,0.8083655417115754,0.05994202115144614,0.13169243713697854
42.0,20.92321366,3.35024021,Mega,154.549281,66.27345387,2.331993761833497,0.6337379078263512,0.31571032499743173,0.05055176717621704
68.0,13.86615704,0.040676461,Micro,239.7627292,81.90683350100001,2.927261608728565,0.8302115598104496,0.16929182154051536,0.0004966186490349841
74.0,30.96750738,13.08395694,Mega,266.757198,118.05146432000001,2.2596686922654854,0.6268452528416718,0.26232209450665456,0.1108326526516736
65.0,18.5065161,4.245568702,Mega,234.1596648,87.752084802,2.6684228110175128,0.7407231423237771,0.21089545783165495,0.04838139984456799
75.0,19.12302371,1.254935551,Mega,266.5079866,95.377959261,2.7942303302035,0.7863451952747689,0.20049730417978645,0.013157500545444597
24.0,6.155116452,1.258231325,Micro,86.58322079,31.413347777000002,2.756255761233888,0.7640064398857911,0.19593952531562422,0.04005403479858465
48.0,22.65504441,5.973427536,Mega,168.7785465,76.628471946,2.202556598269871,0.6263990235095063,0.29564786866642706,0.07795310782406659
18.0,12.09442343,0.487387374,Macro,64.20709331,30.581810804,2.0995190154535233,0.5885851598312046,0.39547767486737867,0.015937165301416728
52.0,31.47852666,8.214623871,Mega,184.0322232,91.693150531,2.0070443880950695,0.5671088810763419,0.3433029236939308,0.08958819522972729
95.0,36.90617957,5.525357936,Macro,335.5569132,137.431537506,2.441629623661528,0.6912532721672598,0.2685422883258418,0.04020443950689828
80.0,27.53148648,8.330084621,Nano,281.6446174,115.861571101,2.4308717266960067,0.6904791574961607,0.23762396986659176,0.07189687263724756
72.0,25.93209391,0.237228908,Mega,253.9660258,98.169322818,2.5870202473621795,0.7334266747819342,0.26415679731311315,0.0024165279049526305
27.0,4.174456912,0.233593939,Mega,90.43207739,31.408050851,2.8792642312956755,0.8596521996251273,0.1329104098755969,0.007437390499275845
67.0,21.66430854,4.774567506,Micro,239.8007363,93.438876046,2.566391489790031,0.7170462963083575,0.23185540598042564,0.051098297711216885
17.0,16.6928453,2.12301111,Nano,58.79957954,35.81585641,1.6417192113709393,0.4746501048416505,0.46607416304414423,0.059275732114205226
35.0,14.50214433,3.448791566,Mega,125.1620963,52.950935896,2.363737187683116,0.6609892612425753,0.2738789047748543,0.06513183398257041
15.0,13.49819708,2.084050121,Micro,53.99688051,30.582247201,1.7656282795410263,0.4904806341212728,0.44137361755282084,0.06814574832590636
40.0,15.16117672,1.608331687,Nano,141.6279548,56.769508407000004,2.4947891707044705,0.7046036001091701,0.2670654924700835,0.02833090742074637
40.0,19.51414899,4.048576792,Micro,140.9935076,63.562725781999994,2.2181790643082713,0.6292996328884215,0.307006169888424,0.06369419722315459
28.0,4.51613662,2.92255466,Nano,100.4237046,35.43869128,2.833730619637035,0.7900968966030057,0.12743519743204243,0.08246790596495188
23.0,6.097325008,1.785855988,Micro,80.63484412,30.883180996,2.610963039411123,0.7447419358445935,0.1974318969535466,0.05782616720185996
66.0,29.203523,7.078862302,Micro,237.9509754,102.28238530200001,2.3264120669206485,0.6452723976384372,0.2855185955408977,0.06920900682066496
35.0,16.58991748,2.529490549,Mega,118.1016505,54.119408029,2.182242097635565,0.6467180864440567,0.30654284819801164,0.04673906535793162
67.0,17.5538255,3.39216147,Mega,237.7424954,87.94598697,2.7032784961649057,0.7618312365162828,0.1995977997948665,0.03857096368885062
68.0,23.5828261,4.234526407,Mega,241.230924,95.81735250700001,2.5176120784841833,0.7096835617017514,0.24612270620060325,0.04419373209764529
89.0,19.64677846,2.399579787,Micro,314.8906177,111.046358247,2.8356681179907763,0.8014670755977213,0.17692411322755622,0.021608811174722395
85.0,31.6447624,4.33936309,Macro,301.5561908,120.98412549000001,2.4925269292864813,0.7025715122189787,0.2615612773315092,0.035867210449512
98.0,17.53880402,2.351623952,Nano,342.5758538,117.890427972,2.9058835368836284,0.8312803820109623,0.14877207863021433,0.01994753935882336
67.0,22.92648803,5.522947611,Nano,237.9890855,95.44943564100001,2.493352463550581,0.7019423378467872,0.24019511352827738,0.05786254862493535
75.0,26.07350953,3.421472642,Macro,269.9365727,104.494982172,2.5832491387546357,0.7177378132525933,0.249519249518438,0.032742937228968705
95.0,30.06499774,4.96087232,Mega,341.4376388,130.02587006,2.6259208159302823,0.7306238362885984,0.23122319986112463,0.03815296385027705
97.0,37.34694168,3.515729693,Micro,348.2155671,137.86267137299998,2.525814737463422,0.7035987264279661,0.2708995938353353,0.025501679736698805
34.0,4.444784543,1.415729265,Micro,121.0460117,39.860513808,3.0367398745298178,0.8529744539614089,0.11150846083945692,0.03551708519913417
28.0,10.76096294,0.627232382,Micro,98.36075406,39.388195322,2.4972140321712404,0.7108728838957695,0.27320274138047496,0.015924374723755463
51.0,20.12090649,3.424064454,Nano,178.5207935,74.544970944,2.394806668233987,0.6841507797797982,0.2699163502943118,0.04593286992588998
41.0,11.21191726,5.767485022,Micro,143.1223978,57.979402282,2.4685041957466516,0.7071476832511028,0.19337759305395247,0.09947472369494476
59.0,13.99472911,5.248399204,Micro,212.3489244,78.24312831399999,2.713962605736005,0.7540598295511041,0.1788620855474657,0.06707808490143034
12.0,14.33248452,0.653011165,Nano,43.05887154,26.985495685,1.595630187513452,0.44468332692774104,0.5311180749578289,0.024198598114430005
98.0,34.03836813,3.568004941,Nano,349.2089862,135.606373071,2.575166478474896,0.722679899039035,0.2510086167718562,0.026311484189108756
93.0,25.64704705,5.12437604,Micro,334.5425852,123.77142309,2.7029065098228564,0.7513850748276146,0.20721299319109251,0.041401931981292855
43.0,13.84475165,5.092254231,Mega,156.982317,61.937005881,2.5345480422739715,0.6942537726575967,0.22352955963999968,0.0822166677024037
24.0,14.0009677,0.919025298,Nano,87.56752443,38.919992998000005,2.2499367981515275,0.616649648452745,0.35973715875846823,0.023613192788786635
38.0,6.353393738,2.851748052,Micro,137.7317373,47.20514179,2.9177274355561256,0.8049970524196153,0.1345911376829274,0.06041180989745736
95.0,37.81759713,4.893097259,Mega,342.1968478,137.710694389,2.4848966837199673,0.6898520149179378,0.27461626925774024,0.035531715824321984
50.0,17.478614,6.264962348,Micro,173.8536921,73.74357634799999,2.3575435408716126,0.6780251579343975,0.23701880035648745,0.08495604170911508
28.0,7.109081754,0.272962785,Macro,105.1633119,35.382044539,2.972222585500488,0.7913618436926925,0.20092343013598285,0.007714726171324715
13.0,4.418317603,0.015489152,Nano,44.87053361,17.433806755,2.573765686437426,0.7456776470389413,0.2534338980058289,0.0008884549552298855
80.0,25.7239637,4.586275674,Mega,283.975969,110.310239374,2.574339160276837,0.7252273266198342,0.23319651780270823,0.04157615557745748
21.0,15.22178197,2.481028664,Macro,69.01476779,38.702810634,1.783197826190206,0.5425962522099552,0.393299135660908,0.06410461212913678
30.0,13.94263904,2.597301175,Macro,106.6131284,46.539940215,2.290787824554149,0.6446076179171989,0.299584377968458,0.05580800411434306
53.0,19.74143007,1.555014748,Micro,192.110626,74.29644481800001,2.585731073278177,0.7133584942029357,0.26571163826693883,0.02092986753012524
85.0,29.38321484,5.319155045,Macro,301.0045726,119.702369885,2.5146082979742173,0.7100945460115858,0.24546894826083168,0.04443650572758249
11.0,3.634930909,1.388209091,Macro,41.02131018,16.023139999999998,2.5601292992509586,0.6865071390501488,0.226855092634777,0.08663776831507433
38.0,9.479729844,0.386659582,Mega,131.0365629,47.866389426,2.737548506819772,0.7938764643768852,0.19804564241586212,0.008077893207252745
24.0,5.617401248,3.243773719,Macro,89.24537133,32.861174967,2.7158301983913358,0.7303451572897619,0.17094340825126106,0.09871143445897712
72.0,23.59536842,4.882771183,Mega,257.3921996,100.478139603,2.561673619923542,0.7165737769875098,0.23483086483515572,0.048595358177334465
63.0,21.11777814,0.500862283,Macro,223.8704545,84.618640423,2.6456399367904555,0.7445168072314727,0.24956413899389504,0.0059190537746321645
59.0,18.5906666,1.662433769,Micro,207.7180998,79.253100369,2.6209460429039484,0.744450371345699,0.2345733670158319,0.020976261638469152
13.0,0.095046942,0.111191033,Nano,44.17945113,13.206237975,3.3453471922612388,0.9843832910333421,0.007197124736047322,0.008419584230610533
95.0,30.46523325,8.791080421,Mega,339.3760653,134.256313671,2.527822014625349,0.7076017313628987,0.22691843993762684,0.06547982869947454
90.0,25.69788544,4.923816865,Mega,321.7198206,120.621702305,2.6671802374875297,0.7461343877607448,0.21304528910577955,0.04082032313347561
55.0,21.8064834,2.570983167,Macro,193.559832,79.377466567,2.438473289351233,0.692891854309513,0.2747188130726475,0.03238933261783953
91.0,31.17432973,5.100238465,Micro,326.0744717,127.274568195,2.561976648786697,0.7149896581112498,0.24493761929120958,0.04007272259754061
95.0,26.64284202,6.894241261,Macro,339.9021026,128.537083281,2.644389416063896,0.7390863210449294,0.20727747463940058,0.05363620431566995
36.0,4.215084265,2.654877943,Micro,130.2854424,42.869962208000004,3.0390846105221736,0.8397488158569453,0.09832255611863867,0.061928628024415906
21.0,3.108359667,1.361972659,Mega,73.42838169,25.470332326,2.882898454177005,0.8244886533562538,0.1220384417138916,0.053472904929854584
83.0,30.64496663,6.844189108,Micro,286.0981654,120.489155738,2.3744723219914645,0.6888586735596436,0.25433796462676317,0.05680336181359326
55.0,18.58636671,2.324645797,Mega,197.7085755,75.911012507,2.604478177415545,0.7245325570506423,0.24484414179413155,0.030623301155226153
55.0,15.24125873,3.849375364,Mega,193.101443,74.090634094,2.606286818317806,0.7423340436015247,0.20571100404759887,0.05195495235087656
99.0,27.61422525,3.848628228,Micro,355.9147304,130.462853478,2.728092486954672,0.7588366907572998,0.21166350814683504,0.02949980109586516
21.0,16.05653873,3.539863843,Micro,71.91044065,40.596402573,1.7713500727235978,0.5172872143594013,0.3955162948521685,0.08719649078843024
43.0,15.09638769,5.999431004,Mega,155.8180547,64.095818694,2.43101746533407,0.6708705946215681,0.23552843223786094,0.09360097314057095
54.0,14.96723698,0.840083166,Nano,187.656447,69.807320146,2.6882058587483653,0.7735578430322287,0.21440784360001866,0.012034313367752698
74.0,19.29015403,4.359484985,Nano,266.9377139,97.64963901499999,2.7336272472957694,0.757811301162443,0.19754455033916546,0.04464414849839166
53.0,25.04916044,6.471099083,Mega,189.6099951,84.52025952300001,2.2433674029171966,0.6270685904079296,0.2963687118492995,0.07656269774277087
19.0,8.953284733,3.287141653,Nano,69.34213329,31.240426386,2.219628260934198,0.6081863213145711,0.28659291081290433,0.10522076787252464
35.0,15.36414061,8.140868283,Mega,128.073436,58.505008892999996,2.1891020687516503,0.5982393757774076,0.2626123967966491,0.13914822742594332
40.0,13.82530357,4.07349775,Nano,139.680993,57.898801320000004,2.412502328467894,0.6908605893052018,0.23878393429233777,0.07035547640246033
11.0,7.374947508,3.609159259,Nano,33.98000011,21.984106767,1.545662076250778,0.5003614709746556,0.33546723486034097,0.16417129416500345
29.0,8.714942563,0.956601942,Macro,100.2865105,38.671544505,2.5932895048201026,0.7499053986905145,0.22535801645763617,0.024736584851849326
63.0,18.07295181,4.072741693,Mega,221.5396409,85.145693503,2.601888971544924,0.7399082373764478,0.21225914155439018,0.04783262106916191
38.0,12.36743196,2.412970462,Micro,136.7709591,52.780402421999995,2.5913208847189644,0.7199641961077734,0.23431863707892062,0.04571716681330612
68.0,17.74223933,2.756638743,Mega,241.5453801,88.498878073,2.729360929307563,0.7683713226726885,0.20047982207599258,0.03114885525131893
87.0,30.99099652,5.461506605,Micro,307.3440522,123.45250312499999,2.4895732724738955,0.7047244713370409,0.25103578895132267,0.044239739711636576
70.0,19.86645844,1.948666468,Micro,251.2414921,91.815124908,2.7363845809908485,0.7624016203228057,0.21637457292473827,0.021223806752455984
94.0,34.4405617,5.361413902,Micro,329.0149287,133.801975602,2.4589691386820007,0.7025307330259998,0.2573995006056189,0.04006976636838134
58.0,21.59094563,5.880669368,Nano,208.7403273,85.47161499799999,2.4422181247526966,0.6785878563468958,0.2526095433028289,0.06880260035027543
90.0,29.55800369,3.425633439,Macro,316.8166518,122.98363712899999,2.576087837341196,0.7318046701253209,0.24034094599914962,0.027854383875529593
44.0,10.0147525,2.056042436,Nano,154.4962302,56.070794936,2.755377917797388,0.7847222435533904,0.1786090693279983,0.036668687118611314
58.0,20.50277946,2.798563099,Nano,203.4127627,81.301342559,2.501960684749877,0.7133953533167017,0.25218254477312263,0.03442210191017566
80.0,36.08842395,6.192077771,Micro,278.3891207,122.280501721,2.276643592248121,0.6542334949077258,0.29512819658150213,0.05063830851077213
38.0,14.81513871,6.190336545,Mega,135.2165181,59.005475255,2.291592729583888,0.6440080320644475,0.2510807454049715,0.10491122253058108
68.0,18.96855432,3.658658469,Macro,238.599751,90.627212789,2.632760554553437,0.7503265068773426,0.2093030750505695,0.04037041807208789
40.0,14.68525338,1.862294023,Micro,140.5312455,56.547547402999996,2.485187279626286,0.7073693172743668,0.2596974414352922,0.0329332412903411
22.0,5.920985622,4.016223339,Mega,79.15234748,31.937208961,2.4783739736511285,0.6888516785190971,0.18539458564555183,0.12575373583535104
77.0,26.93238832,1.123163783,Mega,269.618393,105.055552103,2.5664364005784015,0.7329455555524244,0.256363302851377,0.010691141596198672
60.0,26.00435306,2.260037943,Mega,210.2429543,88.264391003,2.381967993104423,0.6797758339256051,0.294618846450956,0.025605319623438903
89.0,29.91788025,7.203811959,Mega,322.5219911,126.121692209,2.5572285421411824,0.7056676646275524,0.23721438973735137,0.057117945635096215
56.0,20.89599208,2.781968992,Micro,199.5566597,79.677961072,2.504540239422958,0.7028292296460283,0.2622556074334984,0.034915162920473176
46.0,10.35752477,6.720744372,Macro,161.8992231,63.078269141999996,2.5666402281194034,0.729252730388751,0.16420115692590478,0.10654611268534418
41.0,11.74088996,1.639608836,Mega,144.5657092,54.380498796000005,2.65841087155739,0.7539467439201897,0.2159025794162743,0.03015067666353591
69.0,23.74410652,5.035551434,Nano,244.3754776,97.779657954,2.49924659907243,0.7056682488341363,0.2428327835956463,0.05149896757021744
36.0,19.22949803,3.440342386,Micro,130.5551089,58.669840416,2.2252507928144283,0.6136031689321307,0.3277578035606157,0.058639027507253555
38.0,12.93873682,0.763284304,Macro,134.9158375,51.702021124000005,2.609488653768939,0.7349809383440226,0.2502559191828936,0.014763142473083794
22.0,11.58937865,1.27196986,Macro,75.26994095,34.86134851,2.1591230450654764,0.6310713997104641,0.3324420639286395,0.0364865363608965
13.0,4.217292404,0.15064496,Nano,46.75765774,17.367937364,2.6921825407384627,0.7485056934248395,0.24282056732548682,0.008673739249673632
32.0,7.070616403,2.235482268,Nano,109.9416385,41.306098671,2.6616321085096164,0.7747040032726793,0.17117608853154911,0.054119908195771525
83.0,24.74086407,5.191617123,Macro,289.1890889,112.932481193,2.5607255401196753,0.7349524169061175,0.21907660053725567,0.04597098255662692
15.0,3.49629277,3.055316636,Mega,49.06284815,21.551609406,2.2765282733984975,0.6960037052185986,0.1622288481632665,0.14176744661813495
26.0,6.632048133,1.415371282,Macro,95.14128996,34.047419415,2.794375949622906,0.7636408411189421,0.19478856979328574,0.04157058908777213
68.0,30.72403855,7.606630452,Micro,237.6481109,106.33066900200001,2.2349912130763516,0.639514456536721,0.288948041410537,0.07153750205274195
99.0,31.83537627,7.836499255,Mega,354.7366744,138.67187552500002,2.558101078946231,0.7139154902549226,0.2295734167398685,0.0565110930052087
74.0,17.41828715,0.483527663,Micro,263.548753,91.901814813,2.867720877289135,0.8052071675687117,0.18953148189121605,0.005261350540072277
40.0,22.15892791,1.900721502,Mega,138.1138112,64.059649412,2.156018842871278,0.6244180286211024,0.3459108520479831,0.029671119330914517
48.0,13.25588319,0.879221889,Mega,174.4335283,62.135105079,2.8073265198187274,0.7725101605440547,0.2133396760679195,0.014150163388025772
24.0,7.565568515,3.761234624,Nano,84.80007397,35.326803139,2.400445736239932,0.6793708421780328,0.2141594438996316,0.10646971392233569
21.0,8.648684909,6.921289406,Nano,73.54132977,36.569974314999996,2.0109757019937358,0.5742415846156714,0.23649688223741921,0.18926153314690947
93.0,21.69683624,2.925124833,Nano,330.5522981,117.621961073,2.8102940563526952,0.7906686740436268,0.18446245957873666,0.02486886637763651
50.0,16.96804126,3.494945946,Mega,178.1287616,70.46298720600001,2.527976298808293,0.7095923971236695,0.24080786144353458,0.049599741432795816
30.0,10.30888202,1.221518819,Macro,106.4715349,41.530400838999995,2.56370111410087,0.7223623994456579,0.2482249583856467,0.02941264216869554
18.0,11.9832318,1.622753899,Macro,60.98689674,31.605985698999998,1.9295995803076504,0.5695123756437539,0.3791443783504321,0.05134324600581413
61.0,21.37665498,5.541438341,Micro,214.2909215,87.918093321,2.4373927300447353,0.6938276035773585,0.2431428409389083,0.06302955548373317
57.0,24.12221974,5.012811682,Macro,205.3616835,86.135031422,2.384183068255641,0.6617516596788686,0.2800512096154977,0.058197130705633704
89.0,25.7685786,4.213173006,Nano,320.4051437,118.981751606,2.6928931485308762,0.748013865981041,0.21657588875755418,0.03541024526140476
97.0,27.51449463,5.63036929,Mega,347.7660195,130.14486392,2.672145554001821,0.7453233041883686,0.21141437165674976,0.04326232415488164
98.0,31.34901485,7.63837211,Micro,350.5680637,136.98738696,2.5591265844231703,0.7153943306372854,0.22884599484442927,0.05575967451828529
52.0,10.65220223,0.81995501,Macro,184.1597004,63.47215724,2.901424946117051,0.8192568562523935,0.167824802136818,0.01291834161078846
50.0,16.66951578,4.302800082,Macro,177.7978825,70.972315862,2.50517233854555,0.7045000489658673,0.23487349366494595,0.06062645736918675
87.0,30.20364198,9.267802669,Micro,305.6362173,126.471444649,2.4166420977339302,0.6879023185150902,0.2388178775361116,0.07327980394879817
96.0,36.92625445,8.933148973,Micro,336.436557,141.85940342299997,2.3716197085420196,0.6767263761412048,0.26030177456683895,0.06297184929195641
83.0,32.19193052,4.530124006,Macro,293.065592,119.722054526,2.4478830835329095,0.6932724327911941,0.26888889141982514,0.03783867578898084
29.0,12.05821148,2.638573422,Nano,101.255978,43.696784902,2.317240918916337,0.663664387781369,0.27595191515905093,0.06038369705958006
74.0,20.42705084,6.319060522,Macro,261.9314465,100.746111362,2.599916194867615,0.7345196653209163,0.20275771008770463,0.06272262459137912
75.0,22.3029843,5.177042419,Macro,268.7675389,102.480026719,2.62263338042407,0.7318499262851466,0.21763249887858374,0.050517574836269695
72.0,25.9071224,4.715780067,Micro,260.1696705,102.62290246699999,2.5352008591226665,0.7015977746600252,0.2524497142178457,0.045952511122129225
13.0,1.825468861,1.445952711,Macro,49.09088568,16.271421572,3.0170004177432173,0.798946787929735,0.11218865253551553,0.08886455953474941
42.0,12.97234194,4.980146826,Mega,148.9565486,59.952488766,2.484576564976158,0.7005547370006574,0.21637703800141186,0.08306822499793069
12.0,7.759455368,3.181063753,Mega,44.33881055,22.940519121,1.9327727640396668,0.5230919115956303,0.3382423617823413,0.13866572662202833
71.0,23.35785141,4.385036868,Macro,250.3608641,98.742888278,2.53548248857311,0.7190391251277471,0.23655224003817346,0.04440863483407939
89.0,40.0286937,8.219310183,Micro,313.914923,137.248003883,2.2872093882516755,0.6484611614160156,0.2916522832209882,0.05988655536299622
40.0,13.94665782,2.117291138,Macro,138.0239566,56.063948958,2.461902152190526,0.7134709691956552,0.24876338679688909,0.037765644007455794
88.0,34.49346538,5.891364406,Nano,311.6825535,128.384829786,2.427721047880285,0.685439238784551,0.26867243923986894,0.04588832197557999
47.0,8.321261321,2.224663337,Mega,164.7158591,57.545924658000004,2.8623375170165293,0.8167389833307003,0.14460209598601317,0.03865892068328645
86.0,31.98979236,4.802363644,Mega,303.3188357,122.79215600399999,2.4701808777599714,0.7003704698954755,0.2605198361282778,0.039109693976246834
10.0,9.848337664,3.852180825,Micro,36.57490709,23.700518489,1.5432112637947277,0.4219316975973014,0.41553258290829626,0.16253571949440232
60.0,27.28676842,4.912130766,Mega,216.626332,92.198899186,2.3495544297441433,0.6507669888656408,0.2959554686759576,0.05327754245840156
69.0,18.07400354,7.33292569,Mega,249.0581027,94.40692923,2.6381337125501587,0.7308785548134706,0.19144784908708337,0.07767359609944596
88.0,25.62127221,4.608967452,Mega,312.5595409,118.230239662,2.6436514194131226,0.7443104255863553,0.21670659116691998,0.038982983246724764
88.0,24.87143894,3.514416989,Mega,313.0012579,116.385855929,2.6893410320489735,0.756105622092804,0.21369812286445328,0.03019625504274277
70.0,23.98839121,3.972950181,Micro,249.6839655,97.961341391,2.548801006137909,0.7145675937674645,0.2448760997897471,0.04055630644278832
54.0,19.40177699,3.531377136,Mega,196.8309025,76.933154126,2.558466564072405,0.701908047492237,0.2521900630542724,0.04590188945349052
13.0,1.68598522,1.511993819,Nano,49.08014383,16.197979039,3.030016504641064,0.8025692568622171,0.10408614654585244,0.09334459659193044
68.0,29.43517599,3.224934232,Micro,240.1918751,100.660110222,2.3861674159731283,0.6755406868721877,0.29242145597776953,0.03203785715004281
100.0,28.18902322,7.08946877,Macro,351.0759614,135.27849199,2.5952090109487034,0.7392158097636996,0.20837771626020032,0.0524064739761001
99.0,29.46090412,3.652058045,Nano,352.6886614,132.112962165,2.669599224938399,0.7493587183092285,0.22299783183428554,0.027643449856485928
36.0,9.430653096,1.800419039,Mega,126.6813489,47.231072135,2.6821611954500684,0.7622100954452534,0.19967052767814542,0.038119376876601156
91.0,25.72782083,1.843733021,Micro,323.9925226,118.571553851,2.7324641710197803,0.7674690686296722,0.2169813922007822,0.015549539169545516
76.0,26.11945389,2.807858549,Micro,274.1270839,104.927312439,2.612542697682885,0.7243109370992702,0.24892902794193522,0.026760034958794567
62.0,22.51118185,5.611983098,Macro,217.5702553,90.123164948,2.4141435270891285,0.6879474332240026,0.2497824156862299,0.062270151089767516
10.0,2.60914311,2.819618562,Micro,38.76776157,15.428761672,2.5126943039346727,0.6481401561959392,0.16910904228529586,0.18275080151876494
15.0,3.290238601,2.496801639,Macro,54.25755446,20.78704024,2.6101625740635024,0.7216034522863848,0.15828316888850166,0.1201133788251136
86.0,24.31804069,4.732207886,Mega,301.588153,115.050248576,2.621360290245497,0.7474994714434714,0.21136886700367244,0.041131661552856136
74.0,22.33691421,3.305106634,Nano,260.4652558,99.642020844,2.6140101695426834,0.742658562855271,0.22417162980837949,0.033169807336349486
56.0,18.73208697,5.045613626,Macro,195.7680131,79.777700596,2.4539189728140105,0.7019505398330295,0.2348035457284064,0.06324591443856409
58.0,13.0236864,2.801238068,Mega,202.8761601,73.824924468,2.7480713534348182,0.7856425240928022,0.17641313545326037,0.037944340453937325
64.0,17.73913594,7.069535685,Mega,229.3025507,88.808671625,2.5819837917207447,0.720650346739155,0.19974553853146884,0.07960411472937623
15.0,4.49022906,3.840346443,Macro,56.72556568,23.330575503000002,2.4313830437961483,0.6429331328784067,0.19246113579249755,0.1646057313290957
15.0,0.987432188,1.921882034,Nano,50.35337311,17.909314222,2.811574607817499,0.8375530081198662,0.05513511995825208,0.1073118719218818
45.0,19.26995186,2.34568982,Micro,154.8236528,66.61564168,2.3241336253086438,0.6755170237069164,0.2892706783876168,0.03521229790546694
80.0,32.87300062,3.930685527,Macro,286.1047156,116.803686147,2.449449371314626,0.6849098914508421,0.28143804107884585,0.03365206747031208
35.0,16.29976047,0.058387425,Macro,124.0293839,51.358147894999995,2.4149894220012356,0.6814887497803916,0.3173743824120042,0.0011368678076041825
71.0,18.53215998,2.698179495,Nano,246.8109839,92.23033947500001,2.6760281411183646,0.7698117604700488,0.20093344647206177,0.02925479305788926
80.0,21.82701759,1.183157336,Macro,284.2934679,103.01017492599999,2.759858121823689,0.776622309955983,0.21189186025244594,0.011485829791571091
38.0,2.589298485,4.232246203,Macro,138.1027677,44.821544688,3.081169305103713,0.8478065685713343,0.05776905956775802,0.0944243718609076
32.0,17.63131395,5.079566756,Micro,114.6591031,54.710880706,2.095727607021059,0.5848927962238166,0.3222633911661089,0.09284381261007442
43.0,14.86636304,1.188064861,Micro,151.7736207,59.054427901,2.570063348246067,0.7281418435224882,0.25174002303302745,0.020118133444484387
98.0,28.93749129,5.478686281,Mega,341.5305096,132.416177571,2.579220423553424,0.7400908393345939,0.21853441037809795,0.04137475028730831
40.0,7.646082707,2.037287337,Micro,141.5940632,49.683370044,2.8499287201049994,0.8050983651989725,0.15389621718954585,0.0410054176114817
85.0,19.84397609,1.989410201,Nano,302.8650743,106.833386291,2.8349290873831863,0.7956314308756558,0.1857469540088118,0.018621615115532425
44.0,15.99054487,2.975989378,Mega,157.3036932,62.966534248,2.4982110747979815,0.6987838941032009,0.2539530730247855,0.047263032872013694
20.0,7.92425546,1.392122965,Mega,72.9067845,29.316378425,2.4868960088817658,0.6822125062673051,0.27030130888344883,0.04748618484924609
98.0,32.21629028,5.011827563,Mega,346.2070486,135.228117843,2.5601705778523574,0.7247013532627742,0.23823662411247304,0.03706202262475277
77.0,27.14371231,5.714889719,Macro,271.3634202,109.858602029,2.470115359090103,0.7009009634008803,0.24707862478383552,0.05202041181528424
77.0,24.18854494,5.133802599,Micro,280.5497002,106.322347539,2.6386710479383635,0.7242127528434763,0.22750198335422778,0.048285263802295884
90.0,26.32104188,4.477032317,Mega,325.7829853,120.79807419699999,2.69692201192468,0.7450449901479899,0.21789289320188251,0.03706211665012774
38.0,8.781974568,3.023611644,Nano,131.7340053,49.805586212,2.644964457184934,0.7629666246322465,0.17632509194087348,0.06070828342687994
61.0,19.56867636,4.721144433,Micro,214.0505181,85.289820793,2.5096842285494376,0.7152084437842605,0.22943741912054835,0.05535413709519107
100.0,31.63231852,6.437839912,Mega,351.8656104,138.070158432,2.5484551795694137,0.7242694665933213,0.22910322461590438,0.04662730879077435
66.0,23.34851007,1.951877827,Nano,235.1678552,91.30038789700001,2.5757596502799442,0.7228884950024255,0.2557328682583527,0.021378636739221735
79.0,20.47557359,4.375098213,Nano,276.5465088,103.850671803,2.6629246012447196,0.7607076452029065,0.19716361227630025,0.04212874252079334
85.0,30.20696161,8.387590266,Macro,297.8406918,123.59455187600001,2.4098205566440964,0.6877325797117565,0.24440366627410934,0.0678637540141341
31.0,0.417441168,1.904980213,Macro,111.3940251,33.322421381,3.3429150849018248,0.9303045431649151,0.012527335970789307,0.05716812086429573
58.0,22.86918182,6.281662732,Nano,208.923077,87.150844552,2.3972582029924285,0.6655127703942483,0.26240918189099965,0.07207804771475211
21.0,15.77276268,1.943856468,Nano,70.43434129,38.716619148,1.8192275782333764,0.5424027320082985,0.4073899794738348,0.05020728851786674
91.0,34.15101221,7.847444243,Micro,329.7585643,132.99845645300002,2.4794164766606333,0.684218467092949,0.25677750795603055,0.0590040249510203
27.0,2.400931141,1.783291031,Nano,95.82210034,31.184222172000002,3.072775065912585,0.8658224614703722,0.07699185593783295,0.05718568259179474
30.0,10.89003569,3.371902326,Mega,104.4081903,44.261938015999995,2.3588707358963377,0.677783245486347,0.24603612444767833,0.07618063006597475
79.0,21.04641738,4.585300693,Micro,279.0002133,104.631718073,2.6664974869794804,0.7550291771457186,0.20114758476312342,0.04382323809115801
80.0,29.63068625,7.527312834,Nano,285.7209185,117.157999084,2.4387657755672634,0.6828385652322515,0.25291219107246254,0.06424924369528591
39.0,16.53246746,1.140112518,Mega,135.1027922,56.672579978,2.3839181532311784,0.6881634825014071,0.291718984143969,0.020117533354623802
36.0,11.33544306,0.147556766,Micro,134.9564752,47.482999826000004,2.8422061726205983,0.7581660832702419,0.23872634630369569,0.003107570426062322
51.0,20.08311019,3.352908382,Macro,183.5747596,74.436018572,2.4662087403618047,0.6851521746917327,0.26980365924023914,0.04504416606802821
23.0,12.66874316,2.059276863,Macro,82.44643572,37.728020023,2.1852839261042183,0.6096264788339963,0.3357913601688294,0.05458216099717426
32.0,11.59153516,1.284588077,Macro,115.6143077,44.876123237,2.5762989171194035,0.7130740735112399,0.2583007248371863,0.02862520165157376
30.0,15.5239034,2.819391995,Macro,104.0397523,48.343295395,2.1521030258677922,0.6205617501843453,0.32111802211989027,0.058320227695764434
62.0,24.48263709,3.48394074,Macro,222.8035563,89.96657782999999,2.4765147421857874,0.6891448079436191,0.2721303586345383,0.03872483342184274
81.0,36.12313135,4.584246415,Mega,289.653414,121.70737776499999,2.3799166436670784,0.6655307302438126,0.2968031356303538,0.0376661341258337
56.0,23.96574055,6.276644732,Micro,197.9449499,86.24238528199999,2.2952165487161444,0.6493326896848712,0.2778881923503801,0.07277911796474888
92.0,37.09719741,5.853243068,Micro,325.2583679,134.95044047800002,2.410206048590293,0.6817317503680034,0.274894970913768,0.0433732787182285
13.0,2.528946519,1.071299959,Mega,44.47479316,16.600246478,2.6791646267988622,0.7831209022847136,0.15234391382992812,0.06453518388535821
84.0,23.49099467,6.384877693,Macro,300.4119733,113.87587236299998,2.638065176285828,0.7376452821563007,0.2062859689462417,0.0560687488974578
85.0,28.16013453,5.626379201,Micro,303.1471178,118.786513731,2.552033124623027,0.7155694474920627,0.23706508125805012,0.0473654712498871
75.0,19.53226006,3.961231768,Micro,268.4892435,98.493491828,2.725959233619872,0.7614716323691023,0.19831015935661359,0.04021820827428407
41.0,11.40108428,5.818696764,Nano,145.4168513,58.219781044,2.497722401087359,0.7042280006002422,0.19582836066290857,0.09994363873684925
71.0,25.76614235,4.75250808,Macro,256.2236007,101.51865043,2.5239066872414098,0.6993788796370626,0.2538069826663672,0.046814137696570245
28.0,10.37265122,2.055377225,Macro,97.55871052,40.428028445,2.4131453912654433,0.6925888072452602,0.2565707905868176,0.05084040216792224
46.0,10.17876113,0.774718817,Micro,162.0752637,56.953479947,2.845748211537287,0.8076767221740773,0.1787206179406806,0.013602659885242148
34.0,6.508500471,0.278443512,Macro,121.0297707,40.786943983,2.967365506727967,0.8336000857080933,0.15957313383696367,0.006826780454943015
27.0,7.772636971,0.026536086,Micro,91.73914461,34.799173057,2.636244960756224,0.7758805060044046,0.22335694466844527,0.0007625493271502369
30.0,13.41725958,6.440215299,Micro,102.6531694,49.857474879,2.0589323797310395,0.601715190606976,0.26911229685343246,0.12917251253959158
95.0,33.33366031,6.90988426,Micro,343.089786,135.24354457,2.536829296295336,0.7024364845068775,0.24647135962002978,0.051092155873092696
34.0,13.97282035,1.019281898,Mega,122.689542,48.992102248,2.5042718391413494,0.6939894072699846,0.28520556801724933,0.020805024712766025
20.0,1.969917453,0.236860685,Nano,72.1769941,22.206778138,3.2502235872069845,0.9006259204155426,0.08870793596253833,0.010666143621919045
86.0,26.940963,6.458130779,Macro,306.4351806,119.399093779,2.5664782780277355,0.7202734734250198,0.2256379185747086,0.05408860800027162
38.0,7.154535323,0.92859048,Nano,134.7922876,46.083125802999994,2.9249814384601724,0.8245968418558581,0.15525282190242057,0.020150336241721457
66.0,18.14144822,6.39581212,Macro,240.2914041,90.53726034,2.6540609158883233,0.7289816342149767,0.20037549349154515,0.07064287229347811
25.0,5.573783213,0.880543705,Nano,85.23426956,31.454326918,2.709778841626523,0.7948032099104795,0.17720243156150184,0.027994358528018654
44.0,16.08347915,1.731768931,Macro,152.1679478,61.815248081,2.461657156185894,0.7117984860684264,0.2601862752200705,0.028015238711503118
61.0,10.3847837,2.257493687,Nano,223.6785915,73.64227738700001,3.0373665703538624,0.8283285385029152,0.1410166017195065,0.03065485977757816
69.0,34.17860922,5.927940808,Nano,240.0350217,109.106550028,2.2000056058815884,0.6324093281502581,0.3132590042598611,0.05433166758988084
76.0,31.57443225,5.668187006,Mega,273.0425221,113.242619256,2.411128635966562,0.6711254163787213,0.27882110514082864,0.0500534784804501
89.0,30.98092574,4.599569215,Nano,318.0452073,124.580494955,2.5529293924773846,0.7143975470008197,0.24868199272438826,0.036920460274791976
11.0,1.877361105,1.31866338,Micro,36.9718167,14.196024485,2.6043782003240183,0.7748648230089327,0.13224555275906175,0.09288962423200554
88.0,26.8080032,5.01968692,Nano,314.6571263,119.82769012,2.6259133092266937,0.734387852355941,0.22372127154544538,0.04189087609861372
27.0,5.176451181,3.561284656,Nano,100.1458568,35.737735836999995,2.8022440273431366,0.7555039335213385,0.14484552699728437,0.0996505394813773
65.0,20.46492633,4.853305007,Micro,230.5179505,90.318231337,2.552285923756408,0.7196775118134088,0.22658688093260176,0.053735607253989515
48.0,21.5039439,4.735400459,Mega,168.0564913,74.239344359,2.2637119542345014,0.6465574341266523,0.2896569748247391,0.06378559104860858
48.0,7.639383814,0.025406846,Mega,171.0015671,55.66479066,3.071987967124064,0.8623045093833827,0.13723906482755469,0.0004564257890626908
46.0,15.49815546,0.169996911,Macro,166.9833119,61.668152371,2.7077722532599404,0.7459279746742001,0.2513153850752977,0.002756640250502179
10.0,2.197709315,1.486695536,Mega,31.40226244,13.684404851,2.2947481298542005,0.7307588535185175,0.16059955393963665,0.1086415925418458
66.0,16.3660306,1.939179561,Macro,235.0669849,84.305210161,2.788285379409956,0.7828697642050588,0.1941283411635572,0.02300189463138393
42.0,16.58242049,2.233249823,Nano,149.8920675,60.815670313000005,2.464694818433317,0.6906114786507919,0.2726669031954307,0.03672161815377736
71.0,24.04424273,3.088346775,Mega,247.7805991,98.13258950500001,2.5249573087783967,0.7235109188307156,0.24501791760804303,0.03147116356124123
51.0,24.64687638,6.444050052,Micro,189.4984681,82.09092643199999,2.3083972411612512,0.6212623272347383,0.30023874076285684,0.07849893200240501
81.0,32.00621358,5.572236777,Nano,287.9609379,118.57845035700001,2.4284424111889304,0.6830920774907762,0.26991593737007025,0.046991985139153536
10.0,5.139773121,4.751055878,Nano,38.051637,19.890828999,1.9130241882785792,0.5027442546765016,0.25839914069234615,0.2388566046311522
21.0,9.687797959,3.394478002,Nano,78.44892035,34.082275961,2.301751222241387,0.6161560344159552,0.2842473891733535,0.0995965764106912
83.0,20.72620775,4.608829289,Nano,292.3664313,108.335037039,2.698724616623796,0.766141797414261,0.19131583203814923,0.04254237054758977
96.0,27.15106798,3.544254764,Macro,337.9430533,126.695322744,2.66736802891174,0.7577233154374386,0.21430205466117583,0.027974629901385592
83.0,24.57464264,6.190653254,Macro,293.2635124,113.765295894,2.577794133926801,0.7295722245326435,0.21601176744529585,0.05441600802206058
84.0,27.81758246,6.171058415,Micro,298.3224774,117.988640875,2.5283999814528757,0.7119329401293097,0.2357649198575871,0.05230214001310319
56.0,11.87274594,2.349050432,Nano,201.742012,70.221796372,2.872925821083693,0.7974731905652196,0.16907493902753673,0.0334518704072437
82.0,25.51805538,2.738878738,Mega,288.5305831,110.25693411799999,2.616892854931071,0.7437173966060162,0.23144172821538714,0.024840875178596723
45.0,17.94359103,0.169790571,Macro,158.7647386,63.113381601,2.5155479641972542,0.7130025179840308,0.28430723524590373,0.0026902467700654744
21.0,6.397648245,0.151215719,Nano,70.77050774,27.548863964,2.568908388835224,0.762281886739219,0.23222911309011685,0.00548900017066417
45.0,10.84335506,1.303214039,Micro,156.8679569,57.146569099,2.745010931946657,0.7874488479272057,0.1897463877702808,0.022804764302513568
18.0,5.104034315,2.428498516,Micro,60.2661565,25.532532831,2.3603673360140993,0.7049829376169656,0.19990317250480538,0.09511388987822897
42.0,8.898194437,2.816417418,Macro,144.07533,53.714611855,2.6822371981189104,0.7819101460395352,0.16565686932673454,0.05243298463373025
36.0,5.363569955,0.89945807,Mega,127.6646972,42.263028025000004,3.020718182437899,0.851808346025391,0.12690926811555642,0.02128238585905251
38.0,19.20198497,2.827452097,Mega,131.7523427,60.029437066999996,2.1947955725946375,0.6330227611094783,0.3198761459076869,0.04710109298283485
55.0,19.7220372,4.378775534,Micro,195.5614761,79.100812734,2.4723067859951526,0.6953152325369127,0.24932787057853897,0.05535689688454826
61.0,20.91410383,1.168951922,Micro,221.3886753,83.083055752,2.6646669804832093,0.7342050608018421,0.2517252602314949,0.014069678966662953
67.0,18.89763578,4.219195092,Micro,242.9308757,90.11683087200001,2.6957325657074396,0.7434793184767599,0.2097015129930811,0.04681916853015895
96.0,33.9560652,7.22447439,Mega,344.2504657,137.18053959000002,2.5094701240342303,0.6998077153430154,0.24752829593385908,0.05266398872312526
74.0,25.36070505,3.636620364,Micro,260.1040896,102.997325414,2.5253479986446825,0.718465258224477,0.24622683111490606,0.03530791066061691
54.0,24.82051231,3.394682094,Micro,191.0424682,82.215194404,2.323688091780578,0.6568128968308168,0.30189689983622314,0.04129020333296006
64.0,16.07763967,2.392235948,Mega,224.5155382,82.469875618,2.722394529124243,0.7760409424702862,0.1949516662844447,0.02900739124526904
37.0,15.40876685,1.935104705,Macro,133.6114088,54.343871555,2.4586288200827835,0.6808495409193155,0.2835419415123045,0.03560851756837993
55.0,20.83503638,3.654609898,Mega,199.5215959,79.489646278,2.5100325041353306,0.6919140111360907,0.2621100653427668,0.045975923521142534
28.0,8.907131624,3.91181952,Nano,101.3116574,40.818951144,2.4819760077272797,0.6859558909591368,0.21821069317968655,0.09583341586117654
58.0,20.92488055,6.059807429,Micro,207.3106406,84.984687979,2.439388147794661,0.6824758833536224,0.24621941961086694,0.07130469703551066
44.0,8.447034198,1.086840262,Mega,164.238952,53.53387446,3.0679444306374237,0.8219095001778057,0.15778858308325028,0.020301916738943986
74.0,23.42012989,2.281383027,Nano,262.5986449,99.701512917,2.6338481455001532,0.742215417148222,0.23490245237799853,0.022882130473779436
49.0,15.61022141,3.431273747,Mega,175.9628547,68.041495157,2.586110935598646,0.7201487840168215,0.22942208095193575,0.05042913503124271
17.0,1.61910271,2.938538282,Macro,57.90089101,21.557640992,2.6858639603232524,0.7885835006858435,0.07510574606010212,0.1363107532540544
92.0,27.07432784,7.76501425,Micro,326.6822053,126.83934209,2.575558970245996,0.72532700409878,0.21345370761060212,0.061219288290617783
45.0,12.22453623,6.078835059,Nano,159.171002,63.303371289,2.514415879579838,0.7108626141656927,0.19311035069824495,0.0960270351360623
40.0,20.13539246,4.956791317,Micro,142.7437996,65.092183777,2.192948389764084,0.6145131055525257,0.3093365638028377,0.0761503306446366
49.0,13.85687212,0.150053364,Nano,173.7564969,63.006925484,2.757736480002088,0.777692287373125,0.21992617499672823,0.002381537630146778
89.0,34.72354863,6.137642552,Macro,315.2344468,129.861191182,2.42747231817857,0.6853471710055917,0.2673897283241078,0.047263100670300456
67.0,28.63117245,9.072549075,Mega,238.4197656,104.703721525,2.277089697743673,0.6399008461604918,0.27344942503465614,0.08664972880485204
40.0,18.81042973,0.847597289,Macro,139.8707439,59.658027018999995,2.3445418980324932,0.6704881471735686,0.31530425443015775,0.014207598396273743
88.0,20.58313089,3.181661603,Macro,312.2713228,111.764792493,2.79400440724263,0.7873678108918922,0.1841647126154612,0.028467476492646575
14.0,6.082044887,1.15443211,Nano,49.04490098,21.236476997,2.3094650297659256,0.659243056274246,0.2863961328359308,0.054360810889823315
42.0,6.180146182,1.886427524,Micro,145.2658074,50.066573706,2.9014529385019867,0.8388830489306421,0.12343856838079112,0.037678382688566714
38.0,12.90576954,0.090806236,Micro,136.2445207,50.996575776,2.6716405685441997,0.7451480696843876,0.25307129632954123,0.0017806339860711828
56.0,12.97856308,1.005704299,Macro,204.3764128,69.984267379,2.9203193868301707,0.8001798418026131,0.18544972414606492,0.014370434051321927
55.0,15.76697775,3.123576476,Nano,197.7312739,73.89055422599999,2.676002040737488,0.7443441259322299,0.21338285948939395,0.042273014578376275
84.0,27.6452302,5.916649652,Nano,300.9241889,117.561879852,2.5597088893001447,0.71451732573304,0.23515471371164612,0.050327960555313835
85.0,30.35464777,7.753122794,Micro,305.6120608,123.107770564,2.482475796612055,0.6904519480012115,0.24656971392573093,0.0629783380730576
67.0,25.58280593,4.020770888,Macro,238.6030704,96.60357681800001,2.469919626780749,0.6935561001662206,0.26482255391223974,0.041621345921539585
17.0,7.197847026,1.394325609,Nano,59.49515943,25.592172634999997,2.3247404696166396,0.6642656034896665,0.2812518940324818,0.054482502477851864
22.0,15.12646596,3.792188111,Nano,86.80395604,40.918654071000006,2.121378574412103,0.537652092901851,0.3696716400728458,0.09267626702530304
10.0,5.040121601,0.704360749,Mega,36.86056147,15.744482349999998,2.341173285382736,0.6351431427023069,0.3201198673260922,0.044736989971601075
96.0,27.25291238,3.938099223,Nano,341.9124151,127.19101160299999,2.688180640996926,0.7547703158431024,0.2142675967155937,0.03096208744130402
39.0,14.37856572,0.241241209,Macro,141.1120057,53.619806929,2.6317141702291416,0.7273431635373355,0.2681577302029304,0.004499106259734142
64.0,22.81691505,6.280742013,Micro,226.5901704,93.097657063,2.4338976677647692,0.6874501681249684,0.24508581386274406,0.06746401801228753
60.0,13.09853245,5.210825936,Micro,215.5833592,78.309358386,2.7529705726530582,0.7661919499359183,0.16726650198607337,0.06654154807800829
55.0,12.37094913,0.918581511,Micro,194.6287816,68.289530641,2.8500529989460466,0.8053943186275003,0.18115440264239668,0.013451278730102994
57.0,23.74241823,2.585252416,Micro,206.4798298,83.327670646,2.4779263382650636,0.6840464824962221,0.2849283802839593,0.03102513721981859
56.0,11.22170396,1.626544308,Macro,200.347425,68.848248268,2.909985802690633,0.8133830766763059,0.16299185879527653,0.023625064528417377
45.0,14.17801327,3.769634351,Mega,158.5393851,62.947647621,2.5185911005689365,0.7148797723298483,0.22523499774549263,0.059885229924659014
12.0,6.636054358,0.838317446,Micro,43.42825766,19.474371804,2.230020978190419,0.616194459095991,0.3407583271382837,0.04304721376572523
20.0,0.34573089,0.787325148,Micro,71.31864882,21.133056038,3.3747437517678347,0.9463846574786621,0.01635972049562215,0.03725562202571584
92.0,26.86626542,5.435402212,Micro,328.4437938,124.301667632,2.642312046628134,0.7401348811535629,0.21613761047469324,0.043727508371743835
22.0,4.477489767,1.52846934,Nano,71.64559408,28.005959107000002,2.5582267618927004,0.7855471014560315,0.15987632310299507,0.05457657544097334
70.0,22.85824494,6.146319119,Macro,248.0506236,99.00456405899999,2.5054463494448465,0.7070381114782219,0.23088071905834603,0.06208116946343213
58.0,16.77650201,0.471002112,Nano,210.880927,75.247504122,2.802497298223943,0.7707896850101986,0.2229509431010494,0.0062593718887520395
46.0,15.50255633,4.69488484,Macro,161.7826384,66.19744117,2.443940967212464,0.6948909079713299,0.23418664008761714,0.07092245194105287
43.0,15.51307679,1.626380158,Mega,155.0412374,60.139456948,2.578028556760289,0.7150047935614092,0.2579517271566567,0.027043479281934003
63.0,22.17656835,7.68073193,Macro,223.4236503,92.85730028,2.406096770273235,0.6784603882519854,0.23882417734663003,0.08271543440138447
47.0,9.961821714,4.068030765,Macro,164.214738,61.029852479,2.690728083547397,0.7701149206639885,0.16322867104140226,0.06665640829460934
65.0,22.06340243,3.577571811,Micro,229.2522388,90.640974241,2.529234054683201,0.7171149752558407,0.24341532750229392,0.039469697241865505
49.0,8.208255183,4.305739085,Mega,172.960982,61.513994268,2.811733883617691,0.7965667094632178,0.13343720043993293,0.06999609009684932
15.0,8.592102996,4.880310779,Mega,54.88491943,28.472413775,1.9276524942255269,0.526825723963405,0.3017693920823894,0.1714048839542056
27.0,9.406938289,4.527243502,Micro,96.75122632,40.93418179099999,2.3635803156879573,0.6595954485631459,0.22980643260514025,0.11059811883171398
86.0,20.66269354,2.867545084,Macro,312.4340082,109.53023862399999,2.8524908931545068,0.7851713013720751,0.18864830205411826,0.026180396573806705
98.0,34.22011288,4.474838371,Mega,350.7275252,136.694951251,2.5657679525851123,0.7169247957084521,0.2503392595470834,0.032735944744464465
24.0,5.117508649,2.209701443,Mega,83.75148225,31.327210092,2.6734420972708173,0.7661071614586215,0.1633566677010556,0.07053617084032292
13.0,4.782495242,1.413944986,Micro,46.90197979,19.196440228,2.4432644403303794,0.6772088911067038,0.2491344845813775,0.07365662431191876
16.0,2.075971434,1.435038997,Micro,52.4151192,19.511010431,2.6864379671859755,0.8200497896602248,0.10639999611202094,0.07355021422775436
23.0,12.05716495,1.448221333,Mega,84.12020878,36.505386283,2.3043232066598756,0.6300440110864064,0.33028454640993177,0.039671442503661836
43.0,14.74315816,5.086102811,Micro,152.6018822,62.829260971,2.428834588241237,0.6843944896924292,0.23465433035739472,0.08095117995017616
71.0,26.23145593,3.893304561,Nano,252.8537271,101.12476049099999,2.500413606640915,0.7021030225957265,0.2593969647259098,0.038500012678363775
18.0,1.056114844,0.748769308,Micro,62.49807961,19.804884152,3.1556902393538424,0.9088667149907195,0.0533259793844009,0.037807305624879675
95.0,35.16812138,6.795153993,Mega,345.0030328,136.963275373,2.518945548435764,0.6936165898579821,0.25677044656112835,0.04961296358088958
74.0,28.1170026,5.894168882,Micro,260.1810487,108.01117148200001,2.4088346152542104,0.6851143172012726,0.2603156897033163,0.05456999309541105
85.0,32.27082677,1.256186655,Nano,300.0486748,118.52701342499999,2.5314792478919665,0.7171360987154647,0.27226558602541623,0.01059831525911917
27.0,8.643650064,3.579154088,Mega,99.479876,39.222804152,2.5362764889141016,0.6883750558824655,0.2203730776234991,0.09125186649403537
24.0,0.848264479,1.592571775,Nano,83.77156783,26.440836254,3.168264688198995,0.9076868737980726,0.03208160554572753,0.06023152065619989
64.0,14.60464647,1.769477138,Nano,220.304746,80.374123608,2.7409909571701014,0.7962761785390067,0.1817083137506999,0.022015507710293414
40.0,10.48745064,2.202956943,Micro,142.6127026,52.690407582999995,2.706616045346601,0.7591514629487432,0.19903908739896833,0.04180944965228853
63.0,17.9879371,3.817063176,Micro,222.9096238,84.805000276,2.628496233412358,0.7428807239545419,0.2121093926237581,0.045009883421700043
36.0,17.03355173,4.427632709,Macro,130.9960832,57.461184439,2.2797316915571697,0.6265098840455874,0.2964357922013004,0.07705432375311222
24.0,0.894522052,1.024989237,Micro,85.81164773,25.919511289,3.3106969793222016,0.9259433842097701,0.034511532336631165,0.03954508345359876
80.0,25.70476151,2.284896577,Mega,281.5414585,107.989658087,2.607115009783446,0.7408116797216766,0.2380298443883525,0.02115847588997099
39.0,17.29712291,2.14164632,Nano,135.3643958,58.43876923,2.316345768119114,0.667365184343736,0.2959871184473951,0.03664769720886882
14.0,3.443825411,0.082932606,Mega,52.3609775,17.526758017,2.987487899885005,0.7987786438553419,0.19648958510522468,0.004731771039433528
75.0,32.4386176,4.859321808,Micro,269.5336088,112.297939408,2.400165223163469,0.6678662172732358,0.28886209106780014,0.04327169165896401
37.0,6.128436597,1.455540155,Mega,130.2172702,44.583976752000005,2.920719049454433,0.8298945651666259,0.13745827634644733,0.03264715848692671
38.0,17.84312218,2.009779488,Micro,130.3708814,57.852901668,2.253489066947037,0.6568382726603811,0.3084222513573509,0.03473947598226803
12.0,6.233073586,3.695362555,Macro,45.07483438,21.928436141,2.055542588179499,0.5472346465037413,0.28424615170554307,0.1685192017907156
80.0,26.19652482,5.181134485,Mega,286.7701102,111.37765930500001,2.5747543267604494,0.7182769013032096,0.23520448340777778,0.046518615289012515
91.0,24.92555148,4.999090743,Mega,322.3014359,120.92464222299999,2.665308161967817,0.7525347880061101,0.2061246659223866,0.04134054607150343
27.0,14.94411052,1.452690809,Nano,98.6526218,43.396801329,2.273269429516115,0.6221656705826657,0.3443597238124914,0.033474605604842965
75.0,23.68041523,3.618129755,Micro,266.3690338,102.29854498499999,2.6038399064136994,0.7331482574947398,0.231483402168352,0.03536834033690826
41.0,19.96957206,4.491042639,Nano,148.2586363,65.460614699,2.264852491558788,0.6263308126348274,0.30506239747096453,0.06860678989420804
20.0,6.870163575,5.127572518,Nano,69.69781948,31.997736093,2.178210960845054,0.6250442200620346,0.21470780167172374,0.16024797826624165
11.0,11.85393949,3.008452988,Macro,37.70652904,25.862392478000004,1.45796755161284,0.42532801284170496,0.45834659342068307,0.1163253937376118
67.0,18.14052759,1.952495587,Mega,239.1708881,87.093023177,2.7461543918843034,0.7692923905493009,0.20828910202293505,0.022418507427764037
82.0,31.18586055,7.488026788,Mega,291.314666,120.673887338,2.4140654819882106,0.6795173488554581,0.25843089369161,0.06205175745293185
46.0,14.39237842,1.240397092,Micro,162.9001448,61.632775512,2.643076568380132,0.7463561330455372,0.2335182587582443,0.020125608196218465
67.0,15.96230199,4.823873221,Mega,235.9387612,87.786175211,2.68765281814483,0.7632181244821405,0.18183161473470658,0.05495026078315288
21.0,8.228726375,1.59572773,Mega,72.91644672,30.824454105,2.3655389474739246,0.6812772718850393,0.26695448837373664,0.05176823974122412
48.0,15.83963977,5.286098271,Mega,170.4486331,69.125738041,2.465776683626917,0.6943867994802477,0.22914243260021555,0.07647076791953669
36.0,8.338703112,1.45363758,Mega,133.2701918,45.792340691999996,2.910316218521726,0.7861576730077322,0.18209820651200706,0.031744120480260866
95.0,26.72353586,3.600530083,Mega,333.9225156,125.324065943,2.664472406695414,0.7580347739691752,0.21323546805570784,0.028729757975117058
73.0,23.51262647,5.371989647,Micro,265.8966362,101.88461611700001,2.609781989997935,0.7164967860915319,0.23077700408665316,0.05272620982181484
64.0,10.70299962,2.756141184,Macro,231.7348707,77.459140804,2.9917046367242066,0.8262420591772822,0.13817606945941358,0.03558187136330426
25.0,7.100091534,1.5936932,Macro,89.81015562,33.693784734,2.6654813737613052,0.7419766048060726,0.2107240724083864,0.04729932278554101
42.0,6.409452082,3.61896382,Mega,144.0515004,52.028415902,2.768708174227972,0.8072511774932878,0.1231913747686025,0.06955744773810968
47.0,17.54913506,3.5932496,Nano,166.1240988,68.14238466,2.437896760274606,0.6897322457162155,0.257536262453425,0.05273149183035943
81.0,27.01392648,4.050401703,Macro,284.7887164,112.064328183,2.5412967803183784,0.7227991396845547,0.24105731875612113,0.036143541559324144
37.0,7.753853243,0.646902083,Nano,128.5775395,45.400755326,2.8320572769494543,0.8149644148940166,0.17078687760420455,0.014248707501778798
43.0,22.07496465,3.662349016,Mega,153.0649097,68.73731366599999,2.2268095963679118,0.6255699809413615,0.3211496561716681,0.05328036288697056
64.0,18.10614293,3.746012095,Mega,222.3419275,85.852155025,2.5898234870779238,0.7454676004506038,0.2108991081787932,0.04363329137060296
50.0,24.2342799,3.802225298,Nano,172.7968154,78.036505198,2.214307457279989,0.6407257715236773,0.3105505537249649,0.04872367475135787
85.0,17.92814765,2.125619697,Mega,305.3832807,105.053767347,2.906923648833054,0.809109488850971,0.17065687507219102,0.02023363607683795
37.0,14.82608899,5.056452865,Mega,133.9665006,56.882541855,2.35514265416436,0.6504631964991502,0.26064392529773667,0.08889287820311313
87.0,36.78144812,5.944544971,Micro,310.0064665,129.725993091,2.3897020104716957,0.6706443167405268,0.2835318292317763,0.0458238540276969
94.0,39.22119838,10.42085288,Mega,336.8884053,143.64205126000002,2.345332737487948,0.6544044670446457,0.27304816407144916,0.07254736888390491
88.0,28.32811978,2.4669255,Nano,313.0482667,118.79504528000001,2.6351963245785632,0.7407716356568906,0.23846213209676045,0.02076623224634878
10.0,2.298248107,2.435478085,Mega,33.59144825,14.733726191999999,2.2799017582014804,0.6787149340015373,0.1559855312261663,0.16529953477229656
24.0,14.68411591,0.975862762,Micro,87.8650301,39.659978672,2.2154583295838437,0.60514404706284,0.3702502220548849,0.024605730882275044
38.0,11.25013604,3.18319928,Micro,134.5871144,52.43333532,2.5668234450205483,0.7247297881793419,0.2145607555067889,0.0607094563138693
99.0,38.26367194,3.918182853,Mega,348.837593,141.18185479299999,2.4708387172803734,0.7012232566653358,0.27102400656303866,0.02775273677162562
33.0,22.70338207,2.302985634,Mega,118.8740489,58.006367704000006,2.049327575665502,0.5689030585123913,0.39139465146055713,0.03970229002705147
57.0,24.07376287,3.314484216,Mega,208.1833927,84.38824708599999,2.466971407616045,0.6754495082936294,0.28527388233892864,0.03927660936744203
72.0,14.31731074,1.755859447,Mega,256.1705613,88.073170187,2.9086106558454725,0.8175020820430002,0.16256154637786957,0.01993637157913015
29.0,11.92270713,6.033385743,Nano,103.8744139,46.956092873,2.2121605002559384,0.6175982332779469,0.25391182273718554,0.12848994398486738
40.0,21.84297247,4.621465773,Micro,147.4245875,66.464438243,2.21809724714745,0.6018255936167907,0.3286414968278241,0.06953290955538513
17.0,5.002416953,3.00718727,Micro,59.24360112,25.009604223,2.3688340123957987,0.6797388654541764,0.20001983671535048,0.12024129783047308
96.0,33.16691487,4.802682588,Mega,345.054354,133.969597458,2.5756168604460865,0.7165804915559022,0.2475704600097642,0.035849048434333466
46.0,17.92129715,2.374454098,Nano,167.4756663,66.295751248,2.5261900370282384,0.6938604531069058,0.2703234643644022,0.035816082528691943
57.0,17.26553001,3.183217517,Mega,205.6516972,77.448747527,2.6553263127761517,0.7359705846776773,0.22292845993385407,0.04110095538846867
36.0,16.01664419,2.893217344,Nano,126.1776343,54.909861534,2.2979047984280787,0.6556199377357549,0.29168975740509834,0.05269030485914683
42.0,9.457616913,1.857779697,Macro,150.8827395,53.31539661,2.8300031340609024,0.7877649360320496,0.17738997577345417,0.03484508819449632
90.0,29.0968972,6.041618334,Macro,322.8363326,125.138515534,2.579831886468924,0.7192030336619032,0.23251751929320597,0.048279447044890816
18.0,8.25489387,3.241749256,Macro,62.38868798,29.496643126,2.1151114624635747,0.6102389320408392,0.27985875662995946,0.10990231132920139
51.0,20.69590176,7.122475601,Nano,179.782486,78.818377361,2.280971672083139,0.6470572182222472,0.26257711022404917,0.09036567155370367
28.0,15.02799004,2.260928448,Nano,94.77142622,45.288918488,2.092596365380444,0.6182527853346517,0.3318248821504073,0.04992233251494111
44.0,11.90949864,3.863594664,Mega,152.2200272,59.773093304,2.5466312480403865,0.7361171652305224,0.1992451449589446,0.06463768981053301
18.0,0.544774758,0.584802079,Micro,61.92842166,19.129576837,3.237312680133072,0.9409512898991473,0.028478139513588657,0.030570570587264062
38.0,12.06842573,0.85156322,Macro,133.2952269,50.919988950000004,2.617738723998682,0.7462688186620275,0.23700762664835573,0.01672355468961664
65.0,18.47026586,3.450908225,Macro,230.4452322,86.921174085,2.6511978769942544,0.7478039808394288,0.21249443595800918,0.03970158320256196
33.0,13.38002348,5.391596379,Macro,113.6807083,51.771619859,2.1958113076162076,0.637414863391864,0.2584432072328525,0.10414192937528345
74.0,25.85526144,5.046778104,Macro,260.9790138,104.90203954399999,2.487835459962962,0.705420031123051,0.2464705314824246,0.048109437394524494
21.0,4.981465892,3.017010069,Nano,75.36215456,28.998475961,2.598831561401862,0.7241759887051603,0.17178371369238732,0.10404029760245233
74.0,29.34550253,3.295645315,Nano,262.0124404,106.641147845,2.45695442795522,0.6939160117402053,0.2751799199747258,0.03090406828506882
40.0,10.83821968,3.212553047,Macro,143.3820862,54.050772727,2.652729627459633,0.740044924094467,0.20051923651011894,0.05943583939541409
94.0,30.97274726,3.950369298,Macro,336.6023006,128.923116558,2.61087623062982,0.7291167209544708,0.24024199916130604,0.030641279884223136
75.0,24.56962198,3.306948842,Micro,261.289447,102.87657082199999,2.539834336547731,0.7290289654946525,0.23882621459565434,0.03214481990969332
61.0,18.97689884,2.309437067,Mega,215.3913543,82.28633590700001,2.6175834897234362,0.7413138442443492,0.23062029231010706,0.02806586344554368
92.0,35.31185933,5.238633498,Nano,329.0311993,132.55049282800002,2.4823083813574125,0.6940751259173431,0.26640307837875277,0.039521795703903934
99.0,33.89927206,7.955180603,Macro,352.8999567,140.854452663,2.5054227965680824,0.7028531802034085,0.24066879973688435,0.05647802005970726
68.0,26.21474469,5.257853498,Micro,237.886004,99.472598188,2.3914727104081783,0.683605346986938,0.2635373476467859,0.052857305366276114
42.0,19.99560462,4.136097691,Macro,145.7346993,66.131702311,2.203704036146658,0.6350963083104235,0.3023603494427821,0.06254334224679445
63.0,16.52948801,3.351418583,Micro,223.6950619,82.88090659299999,2.698993906986208,0.7601268203950956,0.19943662164762155,0.040436557957282966
75.0,28.80884454,6.73194589,Mega,268.791677,110.54079043,2.431606250999376,0.678482573792466,0.26061731988648307,0.06090010632105085
15.0,17.87852819,6.684451448,Macro,50.73559898,39.562979637999995,1.2824008566652239,0.379142322879862,0.451900447175313,0.16895722994482515
49.0,21.10566879,7.20966175,Mega,170.0457399,77.31533053999999,2.1993793302354807,0.6337682275658031,0.2729816796046773,0.09325009282951972
66.0,18.92735337,7.016310108,Nano,232.6205345,91.94366347799999,2.5300333454263626,0.7178308705938423,0.20585815981249084,0.07631096959366691
31.0,6.900105047,0.7423989,Nano,111.8268837,38.642503946999994,2.893882959897625,0.8022254469461387,0.17856257597757685,0.01921197707628457
56.0,20.7459852,4.241658945,Macro,202.9861934,80.987644145,2.5063847151372154,0.6914635015155867,0.2561623494425453,0.05237414904186802
54.0,20.11177512,3.804180277,Micro,194.1291713,77.915955397,2.4915201297457816,0.6930544549554373,0.2581213952588505,0.04882414978571221
60.0,12.23406316,1.659737604,Micro,214.1917541,73.893800764,2.8986430781125976,0.8119760978546273,0.16556278109273084,0.02246112105264181
35.0,5.121271546,0.875164961,Mega,122.8236586,40.996436507000006,2.9959593824460393,0.8537327383082153,0.12491991944532935,0.021347342246455212
50.0,8.412303495,3.642783793,Micro,177.1283951,62.055087288,2.8543734742961595,0.8057357129794712,0.13556186708687043,0.058702419933658344
37.0,14.42898333,0.246283393,Macro,131.29209,51.675266723,2.5407143170402557,0.7160098504829153,0.2792241674792913,0.004765982037793381
39.0,13.63285082,2.890436804,Micro,136.8019191,55.523287624000005,2.4638656130453485,0.7024079745440399,0.24553392645480135,0.05205809900115867
28.0,18.40492335,2.688172679,Nano,102.3886217,49.093096029,2.0856012348359037,0.5703449622215717,0.3748984040266669,0.0547566337517613
87.0,26.92871169,0.550205659,Macro,306.9884652,114.478917349,2.6816157272357506,0.7599652583608223,0.23522856708982695,0.004806174549350821
61.0,23.9098499,5.37298311,Macro,218.092673,90.28283300999999,2.4156604941256488,0.6756544734616764,0.2648327384382331,0.05951278810009066
40.0,8.588407255,3.068645816,Micro,140.1615469,51.657053071,2.7133089978507883,0.774337629075008,0.16625817278418242,0.059404198140809585
79.0,27.50669513,7.241425458,Macro,285.4800485,113.74812058799999,2.509756179040703,0.6945169695255098,0.24182109548543923,0.0636619349890511
11.0,0.216101168,0.753242703,Mega,41.39651524,11.969343871,3.4585450703190013,0.9190144521331215,0.018054554228622514,0.06293099363825605
80.0,27.51236249,1.032765641,Nano,283.416972,108.545128131,2.6110519825261265,0.7370206418057778,0.2534647382496626,0.009514619944559693
11.0,0.491153398,1.505058922,Micro,34.93300225,12.99621232,2.6879371766065456,0.8464004533899459,0.037792041704655686,0.11580750490539847
94.0,34.15861088,5.82074361,Micro,330.640837,133.97935449,2.4678491567495833,0.7016006336037095,0.25495428762160177,0.04344507877468876
84.0,25.04782863,3.111012701,Micro,295.4963766,112.15884133099999,2.6346240126352543,0.7489378367604707,0.22332460225832362,0.02773756098120582
21.0,7.046414004,0.056054843,Macro,72.07541671,28.102468846999997,2.5647361127737436,0.7472653066295205,0.25074003434940983,0.0019946590210697442
16.0,10.32754546,1.40656398,Micro,57.40985369,27.73410944,2.070008911380426,0.5769069324044609,0.3723770356622635,0.05071603193327559
71.0,20.84941338,2.469887527,Mega,253.4622592,94.319300907,2.687278815286353,0.7527621527857472,0.22105139859505302,0.026186448619199793
27.0,0.975331234,0.409356653,Nano,88.80402133,28.384687887,3.128588966119006,0.9512170825160218,0.03436117521823079,0.014421742265747536
59.0,28.88785755,5.388404394,Micro,207.3302796,93.27626194400001,2.222755021255829,0.6325296358404848,0.30970213586971695,0.05776822828979811
22.0,13.1533711,3.584616882,Nano,79.69777425,38.737987982,2.0573545091457093,0.5679179829944323,0.33954709021314805,0.09253492679241959
65.0,21.07836064,3.607061612,Mega,232.2761831,89.685422252,2.5898989742986935,0.7247554660261467,0.2350254936724675,0.0402190403013859
28.0,3.306779995,2.690659024,Macro,99.48425179,33.997439019,2.926227817760087,0.823591447119054,0.0972655614780853,0.07914299140286077
49.0,14.87396622,1.638303876,Macro,174.200192,65.512270096,2.659046797565273,0.7479514895178668,0.22704092223035582,0.02500758825177744
61.0,20.00446791,6.081970669,Mega,220.1068272,87.086438579,2.527452388586671,0.7004534919023491,0.22970818690504896,0.06983832119260192
72.0,24.68121877,6.002450357,Nano,256.0372024,102.683669127,2.4934559173507047,0.7011825795877026,0.24036167561829203,0.058455744794005365
27.0,8.158783618,1.846245517,Macro,100.2771075,37.005029135,2.7098237683903394,0.7296305564711184,0.22047769745662163,0.049891746072259914
50.0,12.39492222,0.742938135,Mega,176.9281077,63.137860355,2.8022506100967157,0.7919178717629827,0.1963152085026021,0.01176691973441519
79.0,33.69096007,7.889353903,Micro,279.6918286,120.580313973,2.3195480206049868,0.6551649883553086,0.2794068033157053,0.06542820832898612
57.0,17.73126576,1.135948669,Micro,200.1080526,75.867214429,2.6376090661305387,0.7513126774061699,0.23371446933238502,0.014972853261445002
49.0,16.39876978,1.569718706,Macro,171.3306322,66.968488486,2.5583768735622168,0.731687411613652,0.24487292681584444,0.023439661570503496
20.0,9.578543177,2.141996655,Mega,72.31156329,31.720539832,2.279644787666929,0.6305062935853254,0.3019665878238639,0.06752711859081074
59.0,8.856135087,3.232468215,Nano,214.291665,71.088603302,3.0144306547934545,0.8299501925696169,0.12457883086234223,0.045470976568040944
51.0,16.74509293,1.373291629,Micro,184.8950088,69.11838455899999,2.6750481797237633,0.7378644672527901,0.24226684458613548,0.01986868816107453
65.0,29.06907952,3.380965049,Mega,234.3780869,97.450044569,2.405110104737278,0.6670084173637952,0.2982972419208848,0.034694340715319946
54.0,9.42171819,0.760326336,Macro,190.0490835,64.182044526,2.961094257803077,0.841356806234565,0.14679679121445383,0.011846402550981272
30.0,11.26567713,0.144117014,Mega,102.4712089,41.409794144,2.474564556965985,0.7244662916139321,0.2720534444296995,0.003480263956368437
47.0,9.266865633,4.040010034,Mega,164.6380952,60.306875667,2.7300053829532107,0.7793472880194068,0.15366184254295304,0.06699086943764024
73.0,22.37030589,0.171148051,Nano,257.6727806,95.541453941,2.6969736169089646,0.764066245475811,0.23414240591120167,0.0017913486129872962
94.0,29.8950106,6.500131863,Macro,333.7007365,130.395142463,2.5591500587891036,0.720885749457061,0.22926475661072107,0.04984949393221784
10.0,6.492418979,1.307754019,Micro,34.0463585,17.800172998,1.912698180170799,0.5617922927560077,0.36473909437450286,0.07346861286948937
19.0,2.477590756,5.557077517,Nano,68.63176182,27.034668273,2.5386574426194732,0.7028012997287499,0.09164494755330191,0.20555375271794812
79.0,19.57607017,4.32634078,Macro,279.4144408,102.90241095,2.715334249415854,0.7677176780472702,0.19023917893927636,0.04204314301345337
94.0,40.3813996,5.407997745,Macro,331.4446076,139.789397345,2.371028231719143,0.6724401262565584,0.2888731217600057,0.03868675198343599
65.0,23.88150599,2.832255371,Nano,228.577409,91.713761361,2.4922912942179183,0.7087267933996255,0.2603917409514869,0.030881465648887642
80.0,33.31778758,5.06205685,Micro,284.0248239,118.37984443,2.399266743993304,0.6757907174587084,0.2814481446603131,0.04276113788097838
24.0,9.255560345,3.540823973,Micro,85.37271907,36.796384318,2.3201388031007575,0.6522379968800281,0.2515345058093759,0.09622749731059595
35.0,5.785759307,3.368526918,Mega,127.2212975,44.154286225,2.8812898673462817,0.7926750264209486,0.1310350546154707,0.07628991896358076
27.0,8.720237277,1.05124005,Micro,100.6415713,36.771477327,2.7369466395113378,0.734264760697413,0.23714677546003946,0.028588463842547648
98.0,34.15632865,6.982952679,Micro,347.8305464,139.139281329,2.4998730989384783,0.7043302154786567,0.24548300324504402,0.050186781276299317
45.0,6.134131482,2.619106545,Macro,160.3981526,53.753238027,2.9839719147604233,0.8371588698972275,0.11411650176160279,0.048724628341169605
29.0,15.47539803,4.828720171,Mega,106.3468306,49.304118201,2.1569563452377705,0.5881861608755394,0.31387637776850297,0.09793746135595752
100.0,41.1538091,4.31660016,Macro,353.617947,145.47040926,2.4308582673193477,0.6874250269088712,0.28290158327970044,0.029673389811428377
99.0,28.76670512,5.585103137,Macro,352.3179119,133.351808257,2.642018256107944,0.7423971320224165,0.21572039776588453,0.04188247021169901
16.0,17.75660719,4.547851426,Micro,55.40369343,38.304458616,1.4464032499563262,0.417705942809402,0.46356502171219727,0.11872903547840083
51.0,14.84955816,6.545391968,Micro,181.6616002,72.394950128,2.509313147931008,0.7044690259448755,0.20511870142523486,0.09041227262988963
66.0,22.15855916,2.197680767,Macro,234.3288131,90.35623992699999,2.59338827389583,0.7304420818453964,0.24523551641704208,0.02432240173756163
41.0,12.99793945,3.006704771,Micro,147.3867563,57.00464422100001,2.5855219046469204,0.7192396437217998,0.22801544729598847,0.052744908982211604
35.0,12.14629522,1.992383015,Mega,122.9577834,49.138678235,2.502260700053199,0.7122698708462727,0.24718400364600285,0.0405461255077245
99.0,37.46822321,7.194404457,Macro,349.4961687,143.66262766699998,2.4327563429377603,0.6891145011594466,0.2608070297645449,0.05007846907600863
15.0,10.41031566,1.834639961,Micro,51.78609705,27.244955621000003,1.9007590898802587,0.5505606325318521,0.38210066497505635,0.0673387024930915
99.0,29.85251876,9.316561995,Nano,353.4458885,138.169080755,2.558067887320801,0.7165134157297158,0.21605788065518203,0.06742870361510209
72.0,26.93997283,2.332437144,Macro,257.1804575,101.272409974,2.5394918276954876,0.7109537535295625,0.2660149278260129,0.02303131864442462
15.0,2.797290618,4.83886776,Nano,48.86115001,22.636158377999998,2.1585442721362114,0.662656611140274,0.12357620808655752,0.21376718077316859
13.0,3.220673901,2.446239991,Nano,45.23135362,18.666913892,2.423076137903256,0.6964193479014951,0.17253381676444496,0.13104683533405995
61.0,17.07116687,3.800921079,Nano,222.5963753,81.872087949,2.718831055568784,0.7450646676801292,0.20851021755587837,0.046425114763992345
31.0,9.170028162,1.012183081,Nano,110.5825006,41.182211243000005,2.6852006549016085,0.7527521972310135,0.22266964024567004,0.024578162523316353
58.0,15.2413917,0.114189919,Macro,209.1489884,73.35558161899999,2.8511666567691405,0.7906692131656045,0.2077741238446168,0.001556662989778864
16.0,7.327697332,3.236219566,Macro,58.13798394,26.563916898,2.188607356484285,0.6023208121541986,0.27585153801439966,0.12182764983140176
54.0,14.05805349,1.497131726,Macro,195.7694205,69.55518521600001,2.8145913189943816,0.7763619611148443,0.20211366623988486,0.02152437264527059
90.0,32.98908421,5.114303431,Macro,321.266614,128.103387641,2.5078697754685866,0.7025575330780334,0.2575192180120123,0.039923248909954245
12.0,0.683476114,0.765877712,Micro,43.57911654,13.449353826,3.240238683865525,0.8922361739641246,0.05081850941260232,0.056945316623273144
59.0,24.66295001,4.291873948,Micro,209.1876697,87.954823958,2.378353571600471,0.6707989095421708,0.28040474530171305,0.048796345156116125
17.0,11.16675392,2.370877592,Macro,63.48794091,30.537631511999997,2.0790067129158962,0.5566901936490956,0.36567190600921157,0.077637900341693
60.0,23.53730258,4.940351212,Micro,213.9107918,88.477653792,2.417681557231137,0.6781373310491773,0.2660253925283019,0.05583727642252081
17.0,5.114304619,0.260751503,Mega,61.81393577,22.375056122000004,2.7626270715460772,0.7597746306113152,0.2285717001608511,0.011653669227833544
25.0,6.831105212,1.051652994,Micro,94.28890228,32.882758206,2.8674268043243236,0.7602768552255552,0.2077412475317704,0.03198189724267439
32.0,4.01212603,0.427108804,Nano,112.2035442,36.439234834,3.0791959466532854,0.8781743125446223,0.11010456306992608,0.011721124385451745
47.0,20.27755079,0.747904517,Macro,169.8875281,68.02545530699999,2.497411113726396,0.6909178305075392,0.298087689358154,0.010994480134307
57.0,20.46156446,5.264913626,Micro,197.1858386,82.726478086,2.3835879776606888,0.6890176074067179,0.24733996821100934,0.06364242438227277
48.0,13.68967669,3.947498786,Mega,173.0984379,65.637175476,2.6372011995441946,0.73129289388071,0.20856590172752915,0.06014120439176103
21.0,14.44136866,0.342016761,Micro,74.21648745,35.783385421000006,2.074048796021546,0.5868645393086771,0.40357748407798416,0.009557976613338615
27.0,9.569824803,2.216601931,Mega,97.36011862,38.786426734,2.510159527911721,0.696119809776958,0.24673128227641386,0.057148907946628066
90.0,36.55151239,9.883176364,Mega,317.576616,136.434688754,2.32768234310711,0.6596562855233645,0.2679048321494293,0.07243888232720613
23.0,1.119933449,2.024287502,Micro,84.37002181,26.144220951,3.227100243993803,0.8797355271402824,0.04283674970078476,0.07742772315893284
18.0,2.609402156,0.055425098,Nano,62.00526615,20.664827254000002,3.000521871674388,0.8710452683080531,0.12627263339425734,0.002682098297689452
12.0,2.433254458,2.478694936,Micro,42.77124819,16.911949394,2.5290548826484978,0.7095574685350787,0.14387782279334793,0.14656470867157326
81.0,25.70916199,5.579523367,Nano,290.5860748,112.28868535699999,2.5878482224289847,0.7213549588052998,0.22895594429895344,0.049689096895746826
60.0,20.65364197,3.097761704,Micro,210.8924638,83.75140367399999,2.518076767058055,0.7164059032795239,0.24660651719216226,0.036987579528313955
93.0,29.30608808,2.303326934,Micro,327.771081,124.60941501399999,2.630387767755547,0.7463320487424755,0.23518357803627785,0.018484373221246717
47.0,18.85597236,2.305723529,Micro,167.6367081,68.161695889,2.4593975533266237,0.6895368342439512,0.2766359039937414,0.03382726176230747
10.0,8.939084838,1.008130201,Micro,34.10189493,19.947215039,1.7096068229738004,0.501323116056472,0.44813698656793227,0.05053989737559574
55.0,20.1870126,5.001959098,Mega,197.6712502,80.188971698,2.4650677769562934,0.6858798514979805,0.2517430037141065,0.06237714478791295
78.0,37.59808506,5.780036656,Micro,277.0929501,121.37812171600001,2.282890410417957,0.642619929335404,0.30975998415902195,0.047620086505573915
80.0,26.98790612,3.081278114,Macro,284.7262777,110.069184234,2.586793748690735,0.7268155983597112,0.2451903891885439,0.027994012451744904
95.0,33.32069261,3.488541517,Macro,340.9498167,131.809234127,2.5866914329499116,0.7207385782127086,0.2527948275452011,0.02646659424209037
51.0,16.94974752,1.348300822,Mega,176.0068363,69.298048342,2.539852716073191,0.7359514621292738,0.2445919896091379,0.01945654826158827
70.0,24.90507404,2.458070702,Micro,249.4106969,97.363144742,2.5616540792813005,0.7189578786253374,0.2557957028400766,0.025246418534585917
83.0,31.8388312,3.84892856,Micro,292.0247067,118.68775976,2.460445013795077,0.6993138986516835,0.2682570743974079,0.03242902695090855
70.0,20.74153565,4.51238522,Mega,243.5008161,95.25392087,2.5563337852761294,0.7348778859773565,0.21774994100565678,0.04737217301698669
92.0,36.90254427,7.630973429,Nano,326.2296412,136.533517699,2.389374028428694,0.6738272151078829,0.27028194169401587,0.05589084319810132
71.0,17.14796237,3.407461351,Macro,255.9716288,91.555423721,2.7958106510438,0.7754865535477259,0.18729597519263932,0.03721747125963476
16.0,12.54786817,2.389338867,Mega,60.38358214,30.937207037,1.9518110367165011,0.5171766145814154,0.4055914987734062,0.07723188664517842
89.0,26.70268754,3.575561714,Micro,315.9003207,119.278249254,2.648431903349774,0.7461544796023688,0.22386887556621748,0.029976644831413747
61.0,20.19729211,1.344451932,Micro,214.7407046,82.541744042,2.6016012514920055,0.7390200038535794,0.24469185070432894,0.016288145442091673
51.0,20.1474308,4.116821554,Nano,178.5935732,75.26425235399999,2.372887095988119,0.6776125239393221,0.26768924382903597,0.05469823223164201
57.0,20.71769224,2.66330205,Micro,209.0289496,80.38099429,2.600477282550917,0.7091228530261068,0.2577436671815023,0.033133479792390855
37.0,20.04563677,3.7938089,Mega,132.2091868,60.83944567,2.173083356431574,0.6081580723251846,0.3294842112587579,0.06235771641605754
16.0,4.597245997,1.669253333,Micro,56.07567864,22.266499330000002,2.5183877271829775,0.718568274378135,0.2064646951847549,0.07496703043711002
17.0,6.151246864,1.483987622,Macro,60.76229385,24.635234486,2.466479216365109,0.6900685280532223,0.24969305112543996,0.060238420821337735
43.0,13.99501231,0.845058595,Nano,152.4241128,57.840070905,2.635268429223583,0.7434292407875118,0.24196049712639958,0.014610262086088639
36.0,7.083959569,1.081620709,Nano,124.1332061,44.165580278,2.8106322914505872,0.8151143893819168,0.1603954827358784,0.02449012788220475
89.0,23.72064054,0.690473124,Mega,321.3230185,113.411113664,2.8332586474018315,0.7847555422449854,0.20915622617265264,0.0060882315823619
33.0,16.10664487,0.423792124,Mega,116.4897309,49.530436994,2.35188175129792,0.6662569927254537,0.3251868113328199,0.00855619594172644
98.0,34.41226462,1.939969763,Macro,352.3803252,134.352234383,2.622809563371041,0.729425903856797,0.25613466555308956,0.014439430590113583
16.0,8.303409472,2.058523812,Micro,52.87884782,26.361933284,2.0058789789933225,0.6069357595146853,0.3149772584031095,0.07808698208220531
60.0,19.17142898,4.820069297,Macro,211.203686,83.991498277,2.5145840987793813,0.714358015166283,0.22825439923423596,0.05738758559948101
40.0,12.16897263,1.785034944,Micro,140.9139961,53.954007574,2.6117428979993935,0.7413721760174804,0.22554344296500656,0.03308438101751303
62.0,16.08778914,5.060162938,Macro,215.7297595,83.147952078,2.594528838156191,0.7456587739147035,0.19348388911501102,0.060857336970285544
26.0,10.81384681,2.310877745,Micro,95.28065047,39.124724555,2.4353053357873025,0.6645414196705774,0.2763941965852902,0.05906438374413241
68.0,21.28876131,3.213254208,Nano,239.4136594,92.502015518,2.5881993820276534,0.7351191173425606,0.23014375622828906,0.034737126429150424
85.0,24.74836655,2.607544268,Micro,306.4206717,112.355910818,2.7272323233297118,0.7565245066428901,0.2202675975818371,0.02320789577527289
59.0,16.64673559,6.234787461,Mega,210.121506,81.88152305099999,2.5661650903724107,0.7205532799292436,0.20330271066931135,0.07614400940144526
62.0,24.93153398,5.478962155,Nano,216.9365271,92.410496135,2.347531245618282,0.6709194582120398,0.2697911495202687,0.05928939226769145
60.0,21.11999146,5.703028235,Macro,209.3268298,86.823019695,2.4109600257551835,0.6910609675956169,0.2432533622326461,0.06568567017173704
77.0,28.85380575,6.217753837,Micro,279.7655483,112.071559587,2.4963117255704903,0.6870610196177889,0.25745876881102103,0.05548021157119012
79.0,30.0181942,4.184199312,Micro,283.5943902,113.202393512,2.505197826669077,0.6978651029284608,0.2651727871532851,0.036962109918254105
58.0,20.50407599,3.431358073,Mega,208.9592114,81.935434063,2.5502911382556617,0.7078744460596121,0.25024674885147313,0.04187880508891471
100.0,34.36913284,5.77397264,Mega,358.8975626,140.14310548,2.560936275607356,0.7135563298493562,0.2452431228941538,0.04120054725648998
80.0,23.9546322,3.203461356,Micro,283.78129,107.158093556,2.648248775083873,0.7465605008938743,0.22354477767450662,0.02989472143161912
15.0,9.047571207,1.340007941,Micro,57.4053155,25.387579148,2.261157519799296,0.5908401077769434,0.3563778631375633,0.052782029085493336
73.0,20.74650679,1.918559126,Macro,262.8661923,95.665065916,2.747776210501054,0.763078970374605,0.2168660690436021,0.020054960581792902
84.0,34.98456952,11.26042983,Macro,301.4931202,130.24499935,2.314815322696687,0.6449383885693113,0.26860585584547436,0.08645575558521433
41.0,9.556845464,1.356011738,Micro,139.9053476,51.912857202,2.6950038033084796,0.7897850784915077,0.18409399865649878,0.026120922851993557
96.0,29.649119,5.09171967,Macro,343.1144234,130.74083867,2.6243859752655205,0.7342770703981136,0.22677779415838592,0.03894513544350052
97.0,28.72454528,6.334771996,Mega,348.1096475,132.059317276,2.6360097468356685,0.7345184118836001,0.21751244722829033,0.047969140888109524
59.0,20.68293062,1.912705682,Nano,209.2848034,81.595636302,2.564901910016359,0.7230778834989469,0.2534808423265282,0.02344127417452491
60.0,14.31611675,3.134427989,Macro,215.4557751,77.45054473900001,2.781849705848587,0.774687901837147,0.1848420407918856,0.0404700573709673
49.0,17.82159027,2.732126315,Mega,175.8979831,69.553716585,2.528951603686614,0.7044914694115335,0.2562277207461753,0.03928080984229119
23.0,10.2124244,0.104238928,Micro,83.19717896,33.316663328000004,2.4971642010164743,0.6903452417658622,0.30652602571450394,0.0031287325196336655
76.0,24.45854148,4.009270923,Nano,266.413766,104.46781240300001,2.5501995291360133,0.7274968074072307,0.23412514263864898,0.03837804995412027
38.0,8.062971378,2.409346229,Macro,132.3142815,48.472317607,2.7296875419237674,0.7839526120474242,0.1663417755959663,0.04970561235660951
24.0,2.353887518,1.093828271,Nano,81.69957779,27.447715789,2.976552891251595,0.8743897009316267,0.08575895845377955,0.03985134061459368
83.0,20.31568063,1.682342275,Macro,298.706397,104.998022905,2.8448763961037935,0.7904910750090661,0.1934863159126453,0.016022609078288532
53.0,16.56332672,3.969570171,Micro,189.9324946,73.532896891,2.582959500175039,0.7207658373443859,0.2252505670292347,0.05398359562637947
33.0,8.183954068,0.147169499,Nano,114.2039293,41.331123567,2.763146013073398,0.798429782498054,0.1980094747420395,0.003560742759906593
33.0,19.33747589,0.742523265,Nano,114.0368952,53.079999155,2.148396703379714,0.6217030995730806,0.36430814238583986,0.013988758041079512
93.0,31.24781296,7.63806843,Macro,331.006228,131.88588139,2.509792742872763,0.7051550857440875,0.23693069061423663,0.05791422364167588
61.0,22.69716459,6.146138462,Micro,216.0364765,89.843303052,2.4045918745324983,0.6789598993782997,0.2526305669868706,0.0684095336348298
67.0,21.50116376,2.810213152,Mega,236.1821108,91.311376912,2.5865573249171026,0.7337530356657557,0.23547080864547068,0.03077615568877361
49.0,8.283163563,1.257285088,Mega,177.4436895,58.540448651000005,3.031129647773358,0.8370280913308813,0.14149470586366109,0.02147720280545753
90.0,20.40428624,2.217787717,Nano,322.2209951,112.622073957,2.8610820577059033,0.7991328594637914,0.1811748400920988,0.01969230044410982
69.0,17.02750719,3.249834162,Nano,244.8532522,89.277341352,2.742613618326738,0.7728724775522704,0.19072596620977392,0.03640155623795575
22.0,7.789761193,0.288511704,Mega,79.85053634,30.078272897,2.654758024619302,0.7314249749424367,0.2589829947907996,0.009592030266763623
55.0,20.69486154,3.953574081,Nano,192.682492,79.648435621,2.419162291107166,0.6905345920629579,0.25982759584224174,0.04963781209480034
68.0,16.67482871,1.329460183,Macro,242.9898876,86.004288893,2.825322908050662,0.7906582436208552,0.19388368794892957,0.015458068430215305
77.0,27.15924867,6.883559609,Nano,275.9579113,111.042808279,2.4851488860642235,0.6934262668009447,0.24458358979683925,0.061990143402216105
70.0,25.92397364,4.101003394,Macro,249.0485731,100.024977034,2.489863836862913,0.6998252044207512,0.2591750021715881,0.04099979340766064
28.0,17.01736977,3.049292563,Micro,98.52768262,48.066662333000004,2.0498132767657586,0.5825243243647624,0.35403685099052074,0.06343882464471677
32.0,11.95566454,3.206331913,Nano,115.6169326,47.161996453,2.4514851213989592,0.6785124126772302,0.25350208725609397,0.0679855000666759
83.0,36.0042875,6.299889469,Nano,295.2811812,125.304176969,2.356515068711971,0.6623881342801049,0.28733509425553616,0.050276771464358924
39.0,16.43039265,0.629930468,Micro,140.2820132,56.060323118,2.502340432550198,0.6956791868271943,0.29308415892316697,0.011236654249638819
94.0,37.63339784,3.593898692,Mega,337.8500686,135.227296532,2.4983866221125823,0.6951259280537045,0.2782973468015349,0.02657672514476058
39.0,14.85751537,4.283919463,Mega,142.9248859,58.141434833000005,2.4582277047431664,0.6707780795575468,0.25554091350988034,0.07368100693257275
48.0,17.88145952,0.076059762,Macro,169.2278032,65.95751928199999,2.565709035788173,0.7277411358480146,0.2711057012855228,0.0011531628664627014
83.0,29.04890683,1.976047337,Nano,287.2446931,114.02495416699999,2.5191388604226392,0.7279108385208285,0.25475920637034605,0.017329955108825543
98.0,34.76307368,3.207630038,Micro,347.2449302,135.97070371799998,2.5538216741172257,0.7207434934164176,0.25566590985730125,0.02359059672628119
73.0,26.57564178,2.874401986,Nano,260.1839205,102.450043766,2.5396174656037287,0.712542399364269,0.2594009802543358,0.02805662038139534
47.0,13.39621739,4.181491721,Mega,164.7607918,64.577709111,2.5513570250192577,0.7278053162154391,0.2074433666727599,0.06475131711180097
59.0,17.21377371,3.625658422,Micro,213.9776583,79.839432132,2.680099952943388,0.7389832119854537,0.21560491163739934,0.04541187637714698
43.0,13.78107412,1.250244985,Mega,150.938614,58.031319105,2.600985404569152,0.7409791930146751,0.23747649256541917,0.02154431441990569
66.0,23.44360429,3.951207434,Mega,237.7629107,93.394811724,2.5457828578597717,0.7066773708484253,0.25101613095254643,0.042306498199028375
10.0,6.171299414,2.248700745,Mega,37.09921372,18.420000159,2.0140723886950322,0.542888160351834,0.3350325385846811,0.12207930106348484
54.0,13.81708859,2.491412135,Mega,193.0901217,70.308500725,2.74632682689736,0.7680436852324872,0.19652088221939537,0.03543543254811739
24.0,13.022179,0.776760663,Macro,84.8192448,37.798939663,2.243958310900093,0.6349384457335115,0.3445117539301489,0.020549800336339664
52.0,20.82910512,3.906481634,Nano,182.7487325,76.73558675400001,2.3815382175399056,0.6776516893876411,0.27143996678847626,0.05090834382388255
77.0,27.59973089,5.084562862,Mega,277.7194554,109.684293752,2.531989274854004,0.7020148224147723,0.2516288334992059,0.046356344086021774
61.0,20.21722551,6.875922114,Nano,216.6811536,88.093147624,2.4596822731870196,0.6924488640179004,0.22949827603267567,0.07805285994942393
88.0,38.86435129,2.621418947,Nano,311.1146946,129.485770237,2.402694087779387,0.6796113568227004,0.3001438012753519,0.020244841901947776
92.0,30.29945976,5.942147048,Nano,328.3491751,128.241606808,2.560395048633443,0.7173958771254325,0.2362685599016516,0.04633556297291586
36.0,16.53025145,2.138833994,Mega,125.6101586,54.669085444000004,2.2976451422196944,0.6585074490934445,0.3023692698670198,0.039123281039535655
84.0,26.01281569,3.027266611,Macro,303.1964247,113.040082301,2.6822027950462473,0.7430992466577221,0.23012028265101395,0.02678047069126399
94.0,31.26698648,5.332790413,Mega,339.190205,130.599776893,2.5971729283879057,0.7197562066052678,0.2394107189449255,0.04083307444980659
91.0,36.1004354,4.332061718,Micro,319.9056448,131.43249711800001,2.4339919868736035,0.692370623669276,0.27466902167725726,0.03296035465346655
21.0,11.1103027,1.609824309,Nano,84.62406262,33.720127008999995,2.5096009453764396,0.622773454987137,0.3294857904015198,0.04774075461134335
70.0,18.75537671,4.499500158,Micro,256.2428753,93.25487686800001,2.7477691666753845,0.7506309841477061,0.20111952682697523,0.04824948902531856
84.0,30.18997846,3.43325727,Nano,302.0929048,117.62323572999999,2.568309764011625,0.714144611637951,0.25666679098422385,0.029188597377825257
24.0,10.79356441,2.557924297,Mega,79.26863682,37.351488707,2.1222350049234944,0.6425446703949497,0.2889728035920879,0.06848252601296242
83.0,32.79010616,10.2437346,Mega,296.8122379,126.03384075999999,2.355020176408056,0.6585532861610779,0.2601690622317904,0.08127765160713174
13.0,7.444383355,5.103530387,Nano,44.05096813,25.547913742,1.724249133406989,0.508847811656276,0.2913890907170889,0.1997630976266352
21.0,7.578230065,1.031606867,Nano,76.5992176,29.609836932,2.5869516868975913,0.7092237639885426,0.25593623100335416,0.034840005008103234
100.0,31.73905151,6.53042334,Macro,353.251334,138.26947485,2.5548034689740486,0.7232254270762496,0.22954489083314836,0.04722968209060208
76.0,23.59569776,4.519114653,Micro,267.7402836,104.11481241300001,2.5715868606470194,0.7299633763784266,0.22663151585387467,0.0434051077676987
67.0,32.88272902,3.497704311,Nano,241.3945829,103.380433331,2.335012295093704,0.6480916924141887,0.31807497763834264,0.033833329947468564
73.0,24.18800586,5.899739191,Nano,264.2218327,103.087745051,2.5630770424678806,0.7081346086664825,0.23463512416566693,0.05723026716785062
25.0,12.01841398,4.143639285,Macro,86.43456078,41.162053265,2.0998602820791525,0.6073555135612597,0.2919779998005889,0.10066648663815143
23.0,17.77730935,3.588287267,Nano,79.41889491,44.365596616999994,1.7901009107486745,0.5184197160370626,0.4007003332665225,0.0808799506964151
11.0,8.572132356,3.802582991,Macro,40.67745075,23.374715347,1.7402329887718055,0.4705939660314102,0.3667267057051105,0.16267932826347928
36.0,20.38097787,3.928353632,Nano,123.4259731,60.30933150199999,2.0465485195422355,0.5969225508461515,0.33794070274720456,0.065136746406644
97.0,38.17272809,5.546782045,Micro,347.7659391,140.71951013499998,2.4713413141245946,0.6893145087482365,0.27126819908183875,0.03941729216992488
55.0,14.15724514,3.449239584,Micro,201.9961016,72.606484724,2.7820669512902394,0.7575080959926959,0.19498596019096814,0.04750594381633597
11.0,2.608126516,2.573891358,Micro,42.18314566,16.182017874,2.6067914390192697,0.6797668922164485,0.1611743687535121,0.15905873903003948
46.0,24.51757273,1.461142201,Macro,162.7823996,71.978714931,2.261535229630675,0.6390778168809539,0.34062254033713935,0.02029964278190678
32.0,3.117856352,1.381985223,Macro,113.4593656,36.499841575,3.108489261983872,0.8767161340754396,0.08542109273524977,0.03786277318931076
74.0,25.11653866,5.846600188,Mega,261.9747959,104.963138848,2.4958742542881924,0.7050094043696752,0.23928913460154758,0.05570146102877718
14.0,12.39563737,1.908127571,Nano,58.53156501,28.303764941,2.0679780634134968,0.49463384214726897,0.43795012415624057,0.06741603369649042
64.0,22.46616939,7.150085369,Nano,233.0154686,93.616254759,2.4890492489777643,0.6836419611611009,0.23998150158682957,0.07637653725206958
66.0,22.33069931,4.741691262,Macro,236.0814972,93.072390572,2.536536299853278,0.709125440900145,0.23992828778503505,0.05094627131481992
19.0,3.562325119,1.729921479,Nano,62.19423217,24.292246598000002,2.5602503218092845,0.7821425623747902,0.14664453139930206,0.07121290622590772
50.0,22.48656303,4.686640068,Macro,170.8145171,77.173203098,2.2133915691316792,0.6478932841041528,0.29137786339443456,0.0607288525014126
47.0,20.82015775,3.598794638,Mega,165.7856483,71.418952388,2.3213116792771067,0.6580886225362369,0.29152146669541823,0.05038991076834501
46.0,19.46702048,1.145521306,Micro,162.1521711,66.61254178600001,2.434258876067684,0.6905606476897395,0.2922425711143092,0.017196781195951222
50.0,16.68128451,1.258518049,Nano,174.8039768,67.939802559,2.572924415672204,0.7359456182784636,0.24553036484781818,0.018524016873718217
89.0,31.55684861,6.639293117,Micro,316.1769362,127.196141727,2.4857431358146687,0.6997067583309244,0.24809595779823412,0.05219728387084145
97.0,34.46795513,4.088163909,Nano,347.5891327,135.556119039,2.564171467611855,0.7155707959748592,0.254270743175256,0.030158460849884765
53.0,5.856616799,2.762125352,Nano,190.619282,61.618742151,3.0935276402247442,0.8601279115714613,0.09504602973958881,0.04482605868894995
45.0,15.44215432,1.161453302,Macro,160.9908055,61.603607622,2.6133340516003587,0.7304766999380977,0.2506696428357431,0.01885365722615926
28.0,9.812923503,0.369971776,Mega,101.4386575,38.182895279,2.656651800728943,0.7333126468122905,0.25699788953398084,0.009689463653728707
53.0,24.63674178,3.396340616,Macro,186.8078147,81.033082396,2.305327764617051,0.6540538559423752,0.3040331313031248,0.04191301275450003
78.0,30.78263387,4.327262063,Nano,273.6113122,113.109895933,2.41898650814843,0.6895948347985649,0.27214801690060714,0.03825714830082797
93.0,23.77163648,3.688207002,Nano,334.8717431,120.459843482,2.779945029150225,0.7720415145143099,0.197340755166697,0.030617730318993144
100.0,32.57274847,5.430991677,Micro,355.3297239,138.003740147,2.574783288637734,0.7246180421884302,0.23602801225027584,0.03935394556129399
10.0,4.693662632,2.156240536,Macro,34.56679012,16.849903167999997,2.0514533392480563,0.5934752206167694,0.27855724660268866,0.1279675327805421
45.0,12.90064612,0.843237641,Macro,164.3390498,58.743883761,2.797551664588859,0.7660371960267879,0.21960832845997022,0.014354475513241849
65.0,24.95557114,3.886572721,Micro,231.3658464,93.842143861,2.465479121435052,0.6926525474127989,0.2659313834194204,0.04141606916778067
53.0,19.89061645,3.079466745,Nano,188.1511842,75.970083195,2.4766483895647915,0.6976430427746091,0.26182170156303197,0.040535255662358896
43.0,6.89825317,0.646096057,Nano,154.3991126,50.544349227000005,3.054725502678396,0.8507380282389722,0.13647921628230325,0.012782755478724523
28.0,7.191053729,0.032587652,Nano,98.73333034,35.223641381,2.803041550191849,0.7949206527836016,0.20415418301637972,0.0009251642000187443
70.0,20.91279178,4.007210363,Mega,247.9036965,94.92000214299999,2.611711872135498,0.7374631101940219,0.2203201781274111,0.04221671167856708
16.0,8.511221137,2.605974425,Mega,56.43314187,27.117195562,2.0810832647119737,0.5900315157376081,0.3138680442651299,0.09610043999726198
80.0,21.66131793,4.286278224,Micro,284.9795608,105.947596154,2.689816202962909,0.7550902795728947,0.2044531326460132,0.04045658778109213
52.0,14.68622497,3.854732763,Mega,183.9145347,70.540957733,2.6072021221504103,0.7371603912272049,0.2081942950872297,0.054645313685565466
81.0,24.53215154,5.363193035,Nano,284.4296988,110.895344575,2.564847964448466,0.7304183986300581,0.22121894867650266,0.04836265269343928
79.0,29.27454206,1.791240836,Nano,278.7830371,110.065782896,2.5328765195212317,0.7177525832405723,0.2659731416044277,0.01627427515500003
96.0,27.98283498,3.500553519,Nano,348.4377445,127.483388499,2.733201153519176,0.753039287159778,0.21950181360467605,0.02745889923554596
40.0,19.94695027,4.409942415,Nano,144.8765937,64.356892685,2.2511433920389874,0.621534047577207,0.309942718453359,0.06852323396943383
69.0,27.08276724,3.996892883,Mega,243.8078034,100.079660123,2.4361374039475665,0.6894507826585098,0.27061210246632245,0.039937114875167795
13.0,1.067301036,0.825314156,Macro,45.40662239,14.892615192,3.0489354491876948,0.8729158601360577,0.07166646168184965,0.05541767818209266
14.0,3.047946161,0.998475322,Mega,46.48788091,18.046421483,2.5760165777903548,0.7757770709937264,0.16889476752336807,0.055328161482905557
70.0,22.02797304,5.556095046,Macro,247.9725884,97.584068086,2.5411175539583355,0.7173302094590851,0.22573329306774684,0.05693649747316807
67.0,18.27604405,2.348785403,Micro,237.759577,87.62482945299999,2.7133813381916934,0.7646234568243846,0.20857152206844365,0.026805021107171867
30.0,22.46689109,4.616527829,Micro,104.4446664,57.083418919,1.8296848433028243,0.525546657297617,0.39357998374063713,0.08087335896174581
56.0,16.76213505,5.647998207,Mega,196.4379226,78.410133257,2.5052619405217396,0.7141934042689648,0.21377511239599348,0.07203148333504177
50.0,24.05831736,4.741096535,Nano,173.2842591,78.799413895,2.1990551773760756,0.634522486000021,0.3053108668048933,0.06016664719508571
45.0,13.48532605,5.942775544,Nano,157.8814771,64.428101594,2.450506428001024,0.6984529869213268,0.20930813909401064,0.09223887398466252
96.0,31.0321785,2.172376019,Mega,339.2103946,129.204554519,2.6253749015489842,0.7430078634409351,0.24017867338752835,0.016813463171536605
82.0,26.53276921,4.872160564,Mega,295.9333467,113.404929774,2.6095280627548854,0.7230726227106212,0.23396486610305267,0.04296251118632609
19.0,13.68520147,2.216926901,Macro,61.63307421,34.902128371,1.7658829729481655,0.5443794085574163,0.3921022043277728,0.06351838711481082
33.0,16.58869133,2.016096817,Macro,121.0863531,51.604788147,2.3464170176433377,0.639475544517247,0.32145643700243287,0.03906801848032011
76.0,28.3134171,5.173771428,Micro,266.3278715,109.48718852799999,2.4325026067491904,0.6941451417447252,0.25860027534417135,0.04725458291110354
67.0,13.8307792,2.90002924,Mega,236.3068542,83.73080843999999,2.8222210988125513,0.8001833643826693,0.16518148406402752,0.03463515155330322
11.0,4.952002391,7.309016168,Macro,40.14105417,23.261018559,1.7256791257091744,0.47289416721366884,0.21288845879382198,0.3142173739925092
55.0,10.29724464,1.36503372,Mega,188.667483,66.66227836,2.830198541686927,0.8250543088698596,0.15446883744943757,0.02047685368070279
89.0,32.28081447,4.606427961,Mega,311.4335461,125.88724243099999,2.4739087145442853,0.7069818853866925,0.25642641658223175,0.036591698031075925
66.0,30.51105176,2.625733254,Micro,232.9948515,99.136785014,2.350236105267048,0.6657468263740804,0.30776721028114096,0.026485963344778596
22.0,1.551591041,0.486129113,Macro,80.97345703,24.037720154000002,3.368599705431116,0.9152282270970313,0.06454817807427578,0.020223594828692834
88.0,26.71216178,5.834040145,Mega,308.0598456,120.546201925,2.5555334027999073,0.73001055690457,0.22159272837662236,0.0483967147188076
63.0,18.0716099,4.009603049,Macro,222.395167,85.081212949,2.6139162723656715,0.7404689921118534,0.21240423442050144,0.04712677346764514
89.0,18.42630998,3.158669402,Macro,316.3148646,110.584979382,2.8603782029685565,0.8048109290915743,0.16662579387340612,0.02856327703501963
98.0,32.98528869,3.891731352,Micro,351.0535774,134.877020042,2.602767893972478,0.7265878202935038,0.2445582552144802,0.028853924492016025
47.0,7.903492524,1.551582154,Micro,173.5896069,56.455074678,3.0748273364280254,0.8325203760347774,0.13999613974613898,0.027483484219083615
43.0,12.11627058,4.173004258,Macro,152.0483513,59.289274838,2.564516967283742,0.7252576476519866,0.20435855579455284,0.07038379655346055
61.0,24.68551263,5.22238047,Macro,218.9860804,90.90789310000001,2.4088786235438557,0.67100884114539,0.27154421676944573,0.05744694208516422
51.0,30.89320729,7.389871572,Micro,175.9890313,89.283078862,1.9711353320601397,0.5712168604627528,0.34601413485919263,0.08276900467805465
93.0,32.53845535,5.331902545,Macro,333.932421,130.87035789499998,2.5516276288318926,0.7106269249650546,0.24863120933852936,0.04074186569641612
37.0,16.50000902,3.138409019,Macro,130.7588912,56.638418039,2.3086607240682855,0.653266833380173,0.2913218552226944,0.055411311397132575
21.0,7.771726602,2.075967643,Micro,73.39580202,30.847694245,2.3792962105067703,0.6807640089146637,0.25193865513172653,0.06729733595360977
42.0,8.922966385,2.254832178,Nano,143.856228,53.177798563,2.705193368047622,0.7898032851104656,0.16779495628102992,0.04240175860850443
88.0,20.72482281,4.321570987,Nano,314.8295426,113.04639379700001,2.7849587414999424,0.7784414614589441,0.18333024268970524,0.03822829585135059
59.0,25.19640177,3.404124993,Macro,209.3645304,87.60052676299999,2.3899916831142813,0.673511931721853,0.2876284276025867,0.03885964067556049
35.0,7.868479803,0.06731754,Mega,121.8138666,42.935797343,2.837116675087433,0.8151706074163823,0.18326152744157273,0.001567865142045046
72.0,22.66567386,5.289217664,Micro,257.1158759,99.954891524,2.5723190929406825,0.7203249275970871,0.22675902614088456,0.05291604626202825
47.0,22.38166556,2.322283907,Mega,166.0603064,71.703949467,2.3159157568639257,0.6554729599884955,0.3121399271082078,0.03238711290329656
80.0,32.20083678,5.583016234,Micro,282.61784,117.783853014,2.3994616644643774,0.6792102478638652,0.27338922913459585,0.04740052300153903
26.0,4.545110873,2.852404636,Macro,93.01538817,33.397515509,2.7850990336372208,0.7785010233169437,0.13609128714305643,0.08540768953999979
51.0,16.57349003,0.928129377,Macro,189.9203029,68.501619407,2.772493621962352,0.7445079465491942,0.24194303979193804,0.013549013658867702
90.0,14.39599154,0.895646184,Nano,323.1347398,105.291637724,3.0689496980475326,0.8547687351574507,0.13672492755536847,0.00850633728718086
78.0,28.11706363,4.28069051,Micro,278.7620332,110.39775414,2.5250697839966043,0.7065361121484858,0.25468872848938195,0.03877515936213229
70.0,19.83350146,2.169126347,Nano,247.5921365,92.00262780700001,2.69114200758907,0.7608478330297654,0.21557538010333843,0.023576786866896016
77.0,21.52322437,3.905081353,Nano,273.467668,102.42830572300001,2.6698446886307674,0.751745325244698,0.21012965330312028,0.03812502145218169
85.0,32.16505613,5.313501318,Mega,299.831784,122.478557448,2.448034907067695,0.6939990294716522,0.2626178557308379,0.04338311479750994
50.0,29.05558455,6.136696879,Macro,177.3238903,85.19228142899999,2.0814548844754595,0.5869076301433533,0.3410588854134066,0.07203348444324005
11.0,10.03259879,0.684486506,Nano,38.69555595,21.717085296,1.7818024574930968,0.5065136435240716,0.4619680151943719,0.03151834128155648
73.0,23.16628697,4.273919017,Mega,257.6681116,100.440205987,2.565388123888854,0.7268005803318286,0.23064754539629698,0.04255187427187449
26.0,13.89189629,2.39359741,Micro,90.67791735,42.285493699999996,2.1444213940914687,0.6148680723574005,0.3285262882008163,0.05660563944178332
72.0,25.6542875,6.396459843,Mega,250.6669444,104.050747343,2.409083555869948,0.6919700419128589,0.24655553328638238,0.06147442480075873
66.0,25.80615546,5.848905295,Micro,236.0313106,97.655060755,2.416990054331773,0.6758482303910784,0.264258250012698,0.05989351959622361
70.0,14.41461909,1.874666304,Mega,249.9984974,86.289285394,2.8972136721088577,0.811224703975441,0.16704993006005703,0.021725365964501916
79.0,28.54447728,4.952881046,Nano,277.361873,112.497358326,2.4654967647884503,0.7022387118733062,0.2537346450152412,0.044026643111452574
76.0,27.79645954,3.915785408,Macro,270.3551046,107.712244948,2.5099755810541198,0.7055836598400707,0.25806220595828483,0.03635413420164453
21.0,13.85032361,2.900443085,Mega,73.83086992,37.750766695,1.9557449128517626,0.5562800927903114,0.36688853823555434,0.07683136897413415
49.0,10.81167265,3.056311578,Macro,174.5142338,62.867984228,2.7758840360953587,0.7794110245732436,0.1719742215813677,0.048614753845388714
90.0,32.75641678,1.581845181,Macro,321.7478782,124.338261961,2.587681966319584,0.7238318967996307,0.26344599211362946,0.012722111086739835
15.0,8.240898541,4.207676862,Nano,54.81334067,27.448575403,1.9969466489692271,0.5464764484046983,0.300230464423276,0.1532930871720257
27.0,11.58423742,2.547683061,Macro,95.49114899,41.131920481,2.3215825537275863,0.656424491836506,0.2816361911754421,0.061939316988051815
24.0,6.688832575,1.043337879,Mega,83.99009901,31.732170454,2.646843812078812,0.7563302370000562,0.2107902636126436,0.032879499387300254
28.0,5.930538265,0.861035978,Macro,103.1628319,34.791574243,2.9651671171722325,0.8047925570839483,0.17045903768476972,0.024748405231282078
75.0,22.71907633,3.566563314,Micro,265.7948897,101.28563964400001,2.62421100004126,0.7404800943510936,0.22430698379210798,0.03521292185679826
58.0,15.69086872,3.143849286,Micro,204.4063412,76.834718006,2.6603382755180798,0.7548670901020395,0.20421586916964676,0.040917040728313696
18.0,10.75229268,1.832885616,Nano,59.7933953,30.585178296,1.9549794583940654,0.5885203553759921,0.3515523949522377,0.05992724967177023
25.0,5.717314068,0.126471551,Micro,91.03215459,30.843785619000002,2.9513937009704643,0.8105360447259695,0.1853635652453145,0.004100390028715949
43.0,17.26923733,2.668721882,Micro,156.493122,62.937959211999996,2.4864664180303198,0.6832124927209501,0.27438508566555775,0.04240242161349221
41.0,15.399307,1.168398986,Mega,150.2588494,57.567705986,2.610123971876554,0.7122048603078064,0.2674990558724884,0.020296083819705185
61.0,11.51253111,2.793347914,Macro,220.165067,75.30587902399999,2.923610611195885,0.8100297186698968,0.15287692354445467,0.037093357785648574
11.0,3.781891222,1.888196109,Nano,41.63749948,16.670087331,2.4977373335393476,0.6598645694881392,0.22686691118690935,0.11326851932495133
46.0,15.73424826,3.670681166,Mega,160.4675811,65.404929426,2.4534478136170934,0.7033109033783915,0.24056670342870617,0.05612239319290234
42.0,11.95627229,1.748785255,Micro,148.9220025,55.705057545,2.673401824954528,0.7539710369398919,0.21463530991492846,0.031393653145179605
77.0,21.62079765,3.571579662,Nano,271.5474018,102.192377312,2.6572177782981603,0.7534808566485734,0.21156957317853847,0.03494957017288808
78.0,15.73486797,0.509432226,Macro,281.9068631,94.244300196,2.991235146462098,0.8276362585088254,0.16695829813873278,0.005405443352441826
32.0,7.801082015,1.758760771,Nano,113.3989396,41.559842786,2.728569984826795,0.76997403875598,0.18770720705488092,0.0423187541891391
75.0,25.26324859,2.504473175,Nano,267.235998,102.767721765,2.600388462547523,0.7298011351414724,0.2458286333112427,0.0243702315472849
22.0,10.90658815,0.283125518,Mega,80.50988544,33.189713667999996,2.425748117183185,0.662855974597075,0.3286135053498709,0.00853052005305417
79.0,28.86285965,1.487848366,Nano,283.1115459,109.350708016,2.5890234369454257,0.7224461682355167,0.2639476247906583,0.013606206973824994
49.0,7.870960618,4.867663371,Micro,176.1282464,61.738623989,2.8528048573188296,0.7936684822896337,0.127488436078562,0.07884308163180433
66.0,22.46543434,0.283374568,Mega,236.1719099,88.748808908,2.6611276568773303,0.7436719524700081,0.25313505179870555,0.00319299573128644
47.0,9.721111207,0.881835115,Macro,167.9770283,57.602946322,2.916118688808204,0.8159304862162845,0.1687606594402145,0.015308854343500919
96.0,38.09039458,4.942815974,Macro,345.7806832,139.03321055400002,2.487036599544682,0.6904825085853421,0.2739661583604575,0.035551333054200225
42.0,16.05076847,1.614349914,Macro,147.5554217,59.665118384,2.473060067531333,0.7039288806852155,0.26901427341011075,0.027056845904673665
33.0,12.52223274,0.056339938,Micro,119.0233823,45.578572678,2.6113889774668295,0.7240244277313348,0.2747394664696086,0.0012361057990566326
40.0,13.19401085,3.892134438,Micro,139.9381321,57.086145288,2.4513501725157854,0.7006954103872266,0.23112457117985677,0.06818001843291668
69.0,21.85879116,3.273587772,Mega,246.7614496,94.132378932,2.6214300796355867,0.7330102647235198,0.23221330861924253,0.034776426657237645
50.0,18.9396793,2.457398302,Micro,176.9729111,71.397077602,2.4787136538911025,0.700308775643772,0.26527247243337393,0.03441875192285409
17.0,10.32892552,0.22490442,Micro,63.35830561,27.55382994,2.2994373467487548,0.6169741207308911,0.3748635141645213,0.008162365104587708
39.0,14.37870711,2.671230095,Micro,138.7518293,56.049937205,2.475503742181222,0.6958080944383459,0.25653386653067173,0.047658039030982355
34.0,18.84526775,6.501071139,Micro,123.0024932,59.34633888900001,2.0726214203383457,0.5729081294061424,0.31754726749442364,0.10954460309943383
23.0,15.98558312,6.713201271,Macro,82.14573955,45.698784391000004,1.7975475856679006,0.5032956632546589,0.34980324603882085,0.1469010907065202
68.0,19.89609401,3.691370434,Nano,243.5681539,91.587464444,2.659404923792018,0.7424596849886345,0.21723599545836553,0.040304319552999984
68.0,29.49996311,3.520463252,Mega,242.827857,101.020426362,2.4037500706029737,0.6731311918673409,0.292019784239366,0.03484902389329316
49.0,21.10940259,4.247449589,Macro,171.1891551,74.356852179,2.302264688234712,0.6589843244310801,0.28389317152887433,0.05712250404004559
30.0,10.55302912,0.818136405,Macro,105.2992687,41.371165524999995,2.5452333131965834,0.7251427321251425,0.2550817456090996,0.01977552226575807
29.0,4.952167506,0.015178191,Macro,104.9023676,33.967345697,3.08832984878371,0.8537611463282891,0.1457920071286988,0.0004468465430120594
43.0,16.40090079,5.537219727,Nano,151.1494622,64.938120517,2.3275921907907837,0.6621688410083123,0.2525619876187585,0.08526917137292915
92.0,33.30626217,5.365256008,Macro,332.1394819,130.67151817799999,2.541789416172249,0.7040554918377709,0.25488539992801185,0.041059108234217344
87.0,22.97221688,0.569872983,Nano,306.4455341,110.542089863,2.7722068081017133,0.7870305338701592,0.20781420822123545,0.0051552579086054035
74.0,19.7537397,4.996981078,Macro,257.8633264,98.750720778,2.611255131794923,0.749361619003858,0.20003641031044303,0.050601970685698966
83.0,29.62779345,4.967052169,Micro,296.5404942,117.594845619,2.5217133679546877,0.7058132485578054,0.25194806195836345,0.042238689483831124
18.0,12.96311522,0.910273486,Macro,66.70886844,31.873388706,2.092933043779007,0.5647344299042666,0.4067065268638901,0.0285590432318433
40.0,18.44826657,2.240236875,Mega,141.6144208,60.688503445,2.3334637165396654,0.6591034171117877,0.30398288840190396,0.03691369448630832
47.0,17.60586851,2.785139037,Macro,163.3526701,67.39100754699999,2.4239535220789543,0.6974224263856147,0.26124952201851676,0.04132805159586881
100.0,35.08319587,6.750893552,Mega,353.1287078,141.834089422,2.489730848479829,0.7050491204725069,0.24735376391508185,0.04759711561241118
22.0,12.20577282,0.209628861,Macro,82.87350391,34.415401681,2.408035352257785,0.6392486772033152,0.3546601877013263,0.0060911350953585285
22.0,4.631875016,1.714052811,Micro,78.1091351,28.345927827,2.7555681216968195,0.776125591452491,0.1634053061966826,0.06046910235082636
97.0,32.81499473,6.469135436,Mega,347.1460055,136.28413016599998,2.547222520165489,0.7117483149494354,0.240783682517032,0.047468002533532797
59.0,18.73693928,4.166428183,Nano,210.6886426,81.903367463,2.5724051296813775,0.7203611014730666,0.2287688511521147,0.05087004737481877
34.0,6.288521566,0.784940388,Mega,118.717563,41.073461954,2.8903714795932487,0.8277851046030187,0.15310424947969556,0.019110645917285708
78.0,27.18067734,3.462775387,Mega,276.0140254,108.643452727,2.540549094049596,0.717944782148989,0.25018237784010594,0.03187284001090508
44.0,13.79194397,4.325957086,Macro,155.787445,62.117901056,2.507931568060483,0.708330436991641,0.22202849316441656,0.0696410698439424
20.0,12.91275537,0.141228007,Micro,66.20189021,33.053983377,2.002841517009576,0.6050707950048958,0.39065655787148185,0.0042726471236223485
22.0,8.539958592,1.726208762,Micro,81.24394386,32.266167354,2.517929785978386,0.6818287328219875,0.2646722338698002,0.05349903330821235
56.0,12.41464256,0.67122054,Nano,196.5945084,69.0858631,2.845654661872495,0.8105855161560542,0.17969874013197357,0.00971574371197224
81.0,32.46276288,7.394593343,Micro,282.4714683,120.857356223,2.337230245040258,0.6702115827400925,0.2686039467891497,0.061184470470757805
34.0,14.41990991,3.449966023,Micro,119.9675456,51.869875933,2.3128558424732177,0.6554864338584034,0.2780016271607456,0.06651193898085085
25.0,1.4394043,0.476601268,Mega,90.93193458,26.916005568,3.3783591829876682,0.9288153822394097,0.053477634204062006,0.017706983556528295
95.0,30.79811267,4.432037098,Macro,338.1495517,130.230149768,2.5965535039497416,0.7294777758394569,0.2364898813743642,0.03403234278617896
57.0,11.27077509,0.489079881,Nano,202.3643006,68.759854971,2.9430588631309464,0.8289720800609628,0.1639150503553787,0.007112869583658564
99.0,30.33118132,6.874902604,Micro,349.063226,136.20608392399998,2.5627579616397282,0.7268397794568401,0.22268595092216392,0.05047426962099612
78.0,26.71815053,3.363133607,Mega,279.2291959,108.081284137,2.5835110873225653,0.7216790642599136,0.2472042291441784,0.03111670659590805
42.0,3.554830199,0.175409196,Nano,147.7748273,45.730239395,3.231446615085012,0.9184294802662273,0.07773478219291094,0.003835737540861828
16.0,14.11605382,2.421047312,Micro,56.11037488,32.537101132,1.7245044250366812,0.49174632783324757,0.43384485184259286,0.07440882032415967
77.0,26.85928418,4.954590412,Macro,274.5720105,108.813874592,2.5233180192279128,0.707630348507607,0.24683694318127603,0.045532708311116984
24.0,12.90902808,4.127052774,Macro,84.23062597,41.036080854,2.052599181429618,0.5848511724447633,0.3145775086545988,0.10057131890063802
28.0,6.029834723,4.226553307,Mega,95.39293351,38.25638803,2.493516466719088,0.7319039104800716,0.15761641476115068,0.11047967475877779
34.0,16.54897865,2.507602578,Micro,118.1257389,53.056581228,2.2264106764131366,0.6408253078707019,0.31191189230388006,0.04726279982541811
10.0,3.795386859,0.08705152,Mega,33.77579231,13.882438379,2.432987014809497,0.7203345498098537,0.27339482844319996,0.006270621746946347
84.0,21.84650885,1.464674884,Macro,303.3009791,107.311183734,2.8263687767326666,0.7827702302512745,0.20358091384167865,0.013648855907046889
25.0,10.14884347,4.178689225,Nano,90.8262619,39.327532695,2.3094828400345446,0.6356869675472531,0.25805950118224164,0.10625353127050526
71.0,9.960783911,0.563444389,Mega,255.8479365,81.52422829999999,3.1383055299647653,0.870906741229466,0.122181885296055,0.006911373474479121
13.0,7.54871986,0.881171591,Nano,46.00775135,21.429891451,2.146896145283699,0.6066292976669917,0.35225189438128246,0.04111880795172582
26.0,11.43091748,1.637087299,Nano,91.22124236,39.068004779,2.3349347599402783,0.6655062153052574,0.29259025498390423,0.04190352971083832
96.0,27.05157984,2.847943087,Nano,339.6879601,125.899522927,2.698087746503697,0.7625128179053023,0.21486642054779861,0.022620761546898915
16.0,2.181141862,0.316356235,Nano,56.18992373,18.497498097,3.03770398760647,0.8649818432793862,0.11791550676541204,0.017102649955201665
59.0,18.35068386,1.831142407,Micro,214.2691154,79.181826267,2.706039068579797,0.7451204750071415,0.23175373346557773,0.023125791527280684
37.0,18.37349871,4.085720398,Mega,136.2090591,59.459219108,2.2907979812616412,0.622275242680101,0.3090100910445344,0.06871466627536457
12.0,1.578916632,4.637683176,Nano,41.7006822,18.216599808,2.2891583851826582,0.6587398376468742,0.08667460715180245,0.2545855552013233
86.0,40.5572006,3.490643013,Micro,307.8322326,130.047843613,2.3670691035528106,0.6612950865676881,0.31186369164790806,0.026841221784403846
68.0,18.75119331,4.596953264,Micro,245.2377744,91.348146574,2.684649701144576,0.7444048133468592,0.20527174347002095,0.050323443183119924
89.0,25.7252168,2.967397866,Micro,317.0033014,117.692614666,2.693485078053742,0.7562071779318795,0.2185797033484694,0.025213118719651033
16.0,0.364453104,0.471870511,Micro,56.76894157,16.836323614999998,3.3718133998934783,0.9503262330824473,0.02164683409122034,0.02802693282633247
52.0,18.22775097,1.46423568,Macro,184.4052178,71.69198665,2.5721873031677243,0.7253251364600035,0.25425088383988864,0.020423979700107807
21.0,12.14047899,2.424122986,Mega,75.12890956,35.564601976,2.11246310617223,0.5904747651659759,0.34136411812489115,0.06816111670913305
80.0,21.65921915,0.185140718,Micro,283.8539032,101.844359868,2.787134246490446,0.7855123259028544,0.2126697951469518,0.0018178789501938058
93.0,33.44612465,6.737926736,Macro,330.7683247,133.184051386,2.4835430463168024,0.6982818065089733,0.25112710044436887,0.05059109304665796
36.0,11.74323228,1.380873108,Mega,130.1052305,49.124105388000004,2.6485007609274858,0.732837773139255,0.23905233870922823,0.028109888151516722
96.0,32.57632596,4.849638451,Nano,343.006536,133.425964411,2.5707630258786542,0.7195001394502606,0.24415282365622024,0.03634703689351922
73.0,19.18375248,3.345825344,Mega,262.2812906,95.529577824,2.7455506092910498,0.7641612332307421,0.20081479387822065,0.035023972891037154
80.0,26.50857047,0.441110839,Mega,284.9354724,106.949681309,2.664201229144029,0.7480153191748489,0.24786021001232528,0.004124470812825879
68.0,17.30522246,3.579885761,Micro,241.3253526,88.885108221,2.7150256936176453,0.765032538756974,0.1946920334165883,0.04027542782643782
87.0,26.2868629,1.777654087,Nano,307.3900957,115.064516987,2.6714586194693624,0.7560975553378394,0.22845325030104538,0.01544919436111516
66.0,20.43830433,2.097019822,Nano,236.1587125,88.53532415199999,2.667395356169431,0.745465164691658,0.23084915005123754,0.023685685257104568
64.0,22.23688421,5.39787857,Mega,225.0827009,91.63476278,2.456302543614224,0.6984248996601157,0.24266865036129467,0.05890644997858966
94.0,27.44276637,2.375615308,Micro,336.004897,123.818381678,2.7136915573150415,0.7591764544658226,0.22163725610117566,0.01918628943300184
84.0,34.75985708,7.786331165,Micro,301.566465,126.546188245,2.3830545129984606,0.6637892548558763,0.2746811860717852,0.061529559072338535
61.0,19.81327192,0.733182064,Mega,217.3399513,81.54645398400001,2.6652287215657915,0.7480398842599414,0.24296914153848434,0.008990974201574178
69.0,16.14051524,3.698544745,Micro,246.4092004,88.839059985,2.773658348496763,0.7766853905438698,0.18168264322838668,0.04163196622774351
94.0,27.63922592,3.796985953,Nano,336.9047215,125.436211873,2.6858649226517204,0.7493848753593729,0.22034487096902924,0.030270253671597816
42.0,13.76651754,1.667909691,Macro,149.3342017,57.434427231,2.6000816739998314,0.7312687185175004,0.23969103904582126,0.029040242436678333
32.0,8.307830874,3.835013023,Micro,112.929838,44.142843897000006,2.55828188739953,0.7249193113761924,0.18820334488156096,0.08687734374224655
18.0,24.48425958,5.258960389,Macro,64.91713396,47.743219969,1.3597141961131054,0.37701688347973855,0.512832180064474,0.11015093645578743
96.0,33.24653379,3.953012517,Macro,343.302666,133.199546307,2.577356121084314,0.7207231755785263,0.24959945218862062,0.029677372232853157
89.0,20.86981195,7.882758146,Nano,311.5458763,117.752570096,2.645767103393211,0.7558221440724485,0.17723444960042478,0.06694340632712673
53.0,21.22223249,3.97683231,Micro,186.6132475,78.1990648,2.386387202676623,0.6777574659690815,0.27138729272885115,0.05085524130206733
62.0,13.68365047,2.722705333,Micro,223.6224376,78.406355803,2.852095793890267,0.7907522211053679,0.17452220970938728,0.034725569185244845
85.0,32.11478337,6.307491644,Nano,304.5559203,123.422275014,2.4675928252453114,0.6886925394168785,0.2602024907283322,0.05110496985478943
100.0,29.61090382,4.297266947,Mega,355.4113311,133.908170767,2.6541422309353706,0.7467804199491295,0.22112843189772882,0.032091148153141735
28.0,13.44187653,5.166034391,Nano,101.2131872,46.607910921,2.171588153169007,0.6007563833414408,0.2884033260530356,0.11084029060552367
50.0,22.29554389,2.821388736,Nano,176.294088,75.11693262600001,2.346928739459468,0.6656288835560579,0.29681115975551575,0.03755995668842634
26.0,10.27052279,1.711637177,Mega,96.7886356,37.982159967,2.548265703796013,0.684531896621718,0.27040386325904914,0.045064240119232817
40.0,5.283799574,0.056516876,Nano,137.1191055,45.34031645,3.0242203018413205,0.8822170450466716,0.11653645116982855,0.001246503783499729
22.0,11.86861071,0.222563672,Macro,78.82271742,34.091174382,2.3121150517366185,0.6453283114710155,0.3481432049541414,0.006528483574843133
39.0,21.75233897,6.362993293,Nano,139.5289455,67.115332263,2.078942929958806,0.5810892784851831,0.3241038707036521,0.09480685081116484
97.0,39.72720142,5.700071103,Micro,345.4002424,142.427272523,2.4250990437538764,0.6810493403525358,0.2789297352695188,0.040020924377945376
15.0,11.65346233,0.4192589,Nano,57.6272184,27.07272123,2.1286082736352987,0.5540632532860459,0.43045035004041227,0.01548639667354193
42.0,6.574754043,1.906421473,Mega,146.4444888,50.481175516,2.9009722397130875,0.8319933038541883,0.13024169853010126,0.037764997615710436
60.0,29.91466827,7.566088234,Macro,213.232032,97.480756504,2.1874269306809317,0.6155060973243265,0.30687767866032606,0.07761622401534743
39.0,16.88059995,4.300450043,Mega,134.5819911,60.181049993,2.236285194685935,0.6480445257192473,0.2804969330372846,0.071458541243468
59.0,21.73227479,1.164412348,Nano,213.5462203,81.896687138,2.607507431163411,0.7204198614356898,0.2653620744558328,0.014218064108477393
13.0,1.785753879,1.150818911,Macro,44.24211889,15.93657279,2.7761375970222013,0.8157337321709055,0.11205382126579551,0.072212446563299
85.0,26.31262933,3.527462273,Mega,301.2905938,114.84009160299999,2.6235662963554214,0.7401596325248797,0.2291240712430138,0.03071629623210655
93.0,14.97152964,4.950837638,Nano,330.1523834,112.922367278,2.9237111420734596,0.8235746578979012,0.1325824989405515,0.04384284316154735
39.0,19.77258376,1.932404713,Nano,133.8829994,60.704988473,2.2054694806432202,0.6424513204107795,0.32571596268063424,0.03183271690858624
24.0,15.57823282,0.613989803,Macro,78.67476945,40.192222623,1.957462521741168,0.5971304504634686,0.38759321588464124,0.015276333651890262
40.0,6.840434393,2.21127782,Micro,141.1148856,49.051712213,2.876859527089063,0.8154659275970991,0.1394535294363711,0.045080542966529774
94.0,30.74081606,1.325993613,Micro,335.5279533,126.066809673,2.661509037710349,0.7456363831513076,0.24384543512870246,0.010518181719989944
29.0,8.594467237,6.259991431,Macro,105.2733,43.85445866800001,2.400515322671546,0.6612782572359261,0.19597704539153882,0.1427446973725349
75.0,23.21583157,2.823404512,Macro,267.1082037,101.039236082,2.643608701507047,0.7422858971254747,0.22977045819268488,0.027943644681840442
85.0,30.88592551,2.762634911,Macro,297.1210103,118.648560421,2.504210832779827,0.7164014438809455,0.26031437212898034,0.023284183990074203
51.0,15.57082643,4.419476769,Mega,181.3659079,70.990303199,2.5547983277602735,0.7184079754813388,0.21933737043426713,0.062254654084394095
37.0,16.22896033,1.856518043,Nano,136.5731341,55.085478373,2.4792946913381253,0.6716833745086518,0.2946141307897687,0.03370249470157941
18.0,10.61128089,2.088636201,Nano,64.96739545,30.699917091,2.1162075212589375,0.5863208016700764,0.3456452621206201,0.0680339362093035
13.0,1.132159663,2.182918919,Mega,44.56330667,16.315078581999998,2.7314184510986994,0.7968089111346703,0.06939345448504809,0.13379763438028167
90.0,29.89162818,7.445374733,Macro,316.0227054,127.33700291299999,2.4817821856221562,0.706785914079432,0.23474424162804233,0.0584698442925257
38.0,10.62808317,4.223887377,Nano,136.9299956,52.85197054699999,2.5908210078606517,0.7189892752666148,0.20109152147030543,0.0799192032630798
89.0,31.34456883,5.531733764,Micro,313.8384574,125.876302594,2.4932290743576333,0.7070433287753899,0.24901087960216323,0.04394579162244693
26.0,4.561389512,1.791092844,Micro,90.85086418,32.352482355999996,2.8081574446218984,0.8036477607468077,0.14099040258510667,0.05536183666808582
92.0,31.09859014,5.451928941,Mega,328.2091588,128.550519081,2.5531531194611095,0.7156719448330704,0.2419172661636994,0.04241078900323013
60.0,19.56382452,3.911593076,Mega,213.8418717,83.475417596,2.5617346742120035,0.7187744814932809,0.23436629708980894,0.04685922141691013
67.0,15.84387923,0.274847731,Micro,242.9322355,83.118726961,2.922713621612442,0.8060758682148365,0.19061744337631736,0.0033066884088463104
91.0,29.30289498,2.054143187,Mega,324.2025999,122.357038167,2.649644064263058,0.7437250963512039,0.23948679552054625,0.016788108128249934
15.0,3.367646768,0.817346265,Micro,52.82900074,19.184993033,2.7536627534411466,0.7818611127040068,0.17553546994816882,0.04260341734782427
82.0,27.9477843,2.390363872,Mega,293.5809716,112.33814817199999,2.613368444978287,0.7299390397147235,0.24878266870849056,0.021278291576785957
51.0,12.96221782,1.307508427,Micro,182.02879,65.269726247,2.7888701311715187,0.7813729723179913,0.19859464050679673,0.020032387175211986
53.0,24.25593991,3.567089593,Micro,188.7849519,80.823029503,2.3357816832762084,0.6557536920591766,0.30011173868581187,0.04413456925501161
47.0,11.50318371,2.519338224,Nano,162.3156135,61.022521934000004,2.659929618699721,0.7702074334265255,0.18850718301091315,0.0412853835625613
34.0,10.9248179,2.761077651,Nano,120.4480819,47.685895551,2.5258638955659527,0.7129990871962768,0.22909956442604548,0.05790134837767765
70.0,27.8250589,7.517227186,Mega,251.8373844,105.342286086,2.3906580515482965,0.664500483147413,0.2641395011807889,0.07136001567179812
85.0,22.07045663,0.558257155,Mega,302.918988,107.628713785,2.814481167220055,0.7897520746164142,0.2050610460149893,0.005186879368596554
53.0,15.78634705,1.018862371,Macro,193.0239206,69.805209421,2.7651793068316652,0.75925565498061,0.22614855224903715,0.014595792770352872
57.0,16.93276889,0.570012164,Mega,205.320967,74.50278105400001,2.7558832582529003,0.7650721113173762,0.2272770043003769,0.00765088438224678
93.0,27.05446611,5.748857069,Micro,328.6740039,125.80332317899999,2.6126019217500662,0.7392491521680584,0.2150536681094298,0.04569717972251182
52.0,19.52140396,5.296023403,Macro,188.0374706,76.81742736300001,2.4478491021500988,0.6769297252597969,0.2541272811409291,0.06894299359927394
92.0,30.33052366,6.592402221,Macro,329.5506473,128.922925881,2.5561834332257227,0.7136046546517177,0.23526090067173971,0.05113444467654263
25.0,10.33219793,1.864729703,Macro,85.80145956,37.196927633,2.3066813583786288,0.6720985197127074,0.2777701973652679,0.05013128292202466
83.0,23.74402735,3.853397609,Macro,298.1843017,110.597424959,2.6961233664395086,0.7504695523496072,0.21468879007628108,0.03484165757411177
12.0,8.674406942,2.76024852,Mega,42.18848212,23.434655462,1.8002603959085253,0.5120621474234329,0.37015295386210445,0.11778489871446271
58.0,19.31265786,7.152376619,Macro,205.8501613,84.465034479,2.4371050407986186,0.6866746738192615,0.22864677649307755,0.08467854968766099
84.0,25.52112396,6.982196583,Micro,303.9417894,116.503320543,2.608868038982792,0.721009492334569,0.21905919797865722,0.05993130968677372
49.0,11.1856596,1.117540683,Nano,174.947983,61.303200283,2.8538148447776037,0.7993057421765336,0.18246452955738912,0.01822972826607725
17.0,5.915589549,3.679589765,Nano,57.35429218,26.595179314,2.156567229829056,0.6392135882705258,0.22243089543246536,0.13835551629700885
58.0,14.39177935,1.226266329,Micro,207.6955665,73.618045679,2.821258899015387,0.787850308508595,0.1954925482911229,0.016657143200281936
46.0,12.8045883,0.403183606,Macro,162.9168273,59.207771906,2.7516121964300826,0.7769250306029242,0.21626532949642055,0.006809639900655377
49.0,14.01663901,0.804732595,Mega,178.6016611,63.821371604999996,2.7984616533375744,0.7677678929131815,0.219622967314947,0.012609139771871565
86.0,24.11731486,7.885150229,Micro,297.4179838,118.002465089,2.5204387346966097,0.7287983342986687,0.20437975462470384,0.06682191107662751
82.0,31.27216356,7.156201274,Mega,292.8000064,120.42836483399999,2.431320950040294,0.6809027101964712,0.25967440148428445,0.05942288831924439
46.0,16.33680868,2.608252956,Nano,164.1198541,64.945061636,2.527056714794554,0.7082909591774338,0.25154812804033533,0.0401609127822308
43.0,15.18856944,0.760136913,Macro,153.6034143,58.948706353,2.60571306484969,0.729447729395535,0.2576573835063817,0.012894887098083287
45.0,19.52113112,5.018550323,Mega,159.6395752,69.539681443,2.2956615832480147,0.6471125415908816,0.28071930608426787,0.07216815232485045
39.0,9.711793355,4.085503675,Micro,136.2617,52.797297029999996,2.5808461354105803,0.7386741782981765,0.18394489682836704,0.07738092487345655
46.0,18.28916702,3.367685945,Nano,162.761069,67.65685296500001,2.405684891731499,0.679901561838777,0.2703224613397446,0.04977597682147821
19.0,11.30005574,1.951961716,Mega,66.92974218,32.252017456,2.0752110242811725,0.5891104339727231,0.3503674074161769,0.06052215861110007
61.0,20.73115242,2.60083973,Macro,219.2762729,84.33199215,2.6001552591094574,0.7233316615063504,0.2458278512278688,0.030840487265780783
87.0,28.93984477,4.558251395,Micro,309.1159827,120.498096165,2.565318395377156,0.7220031085044654,0.24016848142042177,0.037828410075112825
93.0,29.24109161,3.030024575,Micro,328.5450716,125.271116185,2.622672181788543,0.7423898088579165,0.23342245603381429,0.024187735108269246
100.0,33.15180841,5.473668013,Nano,352.0316527,138.625476423,2.5394441323744497,0.7213681249676017,0.23914657872006873,0.039485296312329485
79.0,24.182637,8.112998598,Macro,282.0068578,111.295635598,2.5338536977191914,0.7098211854896819,0.21728288688109676,0.07289592762922135
60.0,19.07589515,0.028584966,Micro,215.8630212,79.104480116,2.728834332561888,0.7584905420276461,0.24114810086643412,0.00036135710591969725
84.0,29.13806872,4.47779358,Mega,294.8365076,117.6158623,2.5067750372646804,0.7141893819197889,0.24773927725563255,0.03807134082457856
58.0,13.86884055,0.415369459,Mega,208.2141876,72.284210009,2.8804933688017833,0.8023882393233391,0.19186542328225223,0.005746337394408585
58.0,21.03563703,2.676063422,Nano,201.1306345,81.711700452,2.46146675919626,0.7098126667192663,0.25743726924832494,0.03275006403240871
77.0,24.14322754,6.439212757,Micro,272.1369614,107.582440297,2.5295667271417033,0.7157301859618366,0.22441606151848228,0.05985375251968105
22.0,2.143675371,2.392674334,Nano,75.44740193,26.536349705,2.8431718291602155,0.8290514801233096,0.08078260178324705,0.09016591809344338
95.0,30.89825295,4.79585416,Macro,340.1787683,130.69410711,2.602862331150747,0.7268881673451604,0.23641657327360732,0.03669525938123225
55.0,13.81363025,3.245540816,Mega,193.8410802,72.059171066,2.690026506445075,0.7632616249446545,0.19169843401817516,0.045039941037170184
40.0,8.398906234,1.465690951,Mega,146.0624753,49.864597185,2.9291818954859163,0.802172327826055,0.16843425412301363,0.029393418050931357
28.0,12.1401328,5.189186344,Macro,105.1757641,45.329319144,2.3202590748359286,0.6177017552602312,0.2678207621304394,0.11447748260932936
50.0,16.21666237,4.527337829,Macro,176.198368,70.744000199,2.490647510804607,0.7067737173378948,0.22923021492116913,0.0639960677409361
30.0,0.559364137,0.865257524,Macro,104.0141267,31.424621661,3.309956371856286,0.9546654315724651,0.01780018684184215,0.02753438158569275
22.0,12.65418479,1.185976057,Macro,78.51737028,35.840160847,2.1907650084269163,0.6138365308659465,0.3530727678377375,0.03309070129631609
60.0,15.6542643,1.535037337,Micro,213.0470224,77.189301637,2.7600589444622963,0.7773097919989412,0.2028035487821575,0.019886659218901308
77.0,27.55608572,7.176764184,Mega,274.1111902,111.732849904,2.4532730565407954,0.6891437931293957,0.24662474593350095,0.06423146093710327
12.0,13.93826554,0.411806407,Nano,43.62627014,26.350071947,1.6556414049930868,0.4554067261803519,0.5289649898503178,0.015628283969330293
30.0,4.448543912,1.895344267,Macro,102.9688972,36.343888179,2.8331833042425236,0.8254482803888444,0.12240143074648877,0.052150288864666834
79.0,23.62769699,4.313288112,Micro,283.23928,106.940985102,2.648556862739269,0.7387251943176887,0.22094145633186352,0.04033334935044781
15.0,3.61889035,0.424484925,Micro,57.13208846,19.043375275000002,3.0001030612993573,0.787675492573624,0.19003408260041232,0.022290424825963523
94.0,28.34632962,2.769185314,Macro,341.0961459,125.115514934,2.726249786686587,0.7513057037697217,0.22656126728130432,0.022133028948973912
46.0,14.19276133,5.080543358,Micro,166.8532012,65.273304688,2.556224202184062,0.7047291418731669,0.21743592419351232,0.07783493393332082
34.0,5.781911269,2.625228759,Mega,123.6854906,42.407140028,2.916619477718484,0.8017517799491064,0.13634287210083962,0.06190534795005394
74.0,16.85524707,4.161090186,Mega,266.4905429,95.016337256,2.8046812853036163,0.7788134350056429,0.17739314687102026,0.04379341812333688
92.0,26.81404542,4.200575594,Macro,324.1613788,123.014621014,2.6351451244410042,0.7478785793237512,0.21797445863730586,0.03414696203894285
30.0,8.23299153,0.635691754,Micro,106.0646022,38.868683284,2.728793291633336,0.7718295930119473,0.21181555006235697,0.016354856925695698
88.0,21.33298526,8.327309347,Micro,318.4175882,117.660294607,2.706245035876838,0.7479158563552041,0.18130997658347553,0.07077416706132045
91.0,17.88186115,4.934914451,Nano,327.3869317,113.81677560099999,2.8764382927847025,0.7995306449289403,0.157110944810871,0.043358410260188766
83.0,19.35093165,0.759754583,Micro,295.1684318,103.11068623300001,2.862636673108795,0.8049602134588093,0.1876714466459136,0.007368339895276972
34.0,4.450949726,4.79777927,Micro,123.5891212,43.248728996,2.8576359136803893,0.7861502705234321,0.102915156799444,0.11093457267712396
41.0,17.41067699,3.407154022,Mega,146.0814648,61.817831012,2.3630959289342073,0.663239057870554,0.2816449025301496,0.05511603959929632
15.0,1.768192165,2.568925254,Macro,58.27357746,19.337117419,3.013560718348969,0.7757102403102495,0.0914403179484567,0.1328494417412939
78.0,36.40241947,5.322761087,Macro,277.7072998,119.725180557,2.31953961988628,0.6514920222890368,0.3040498189323603,0.04445815877860284
63.0,25.08149831,2.684253156,Micro,221.8098717,90.765751466,2.4437617506322074,0.6940944021556326,0.2763321837245549,0.02957341411981254
75.0,27.37790545,6.011353686,Macro,261.807769,108.38925913599999,2.415440156035204,0.6919504810517686,0.25258873128423115,0.0554607876640003
48.0,20.83411647,0.539190245,Micro,171.7390914,69.373306715,2.475578857809676,0.6919087798019201,0.30031891885434975,0.007772301343730174
94.0,30.87615447,7.201351187,Nano,336.7465414,132.07750565700002,2.5496131209088495,0.7117033255012721,0.23377299803180818,0.05452367646691951
39.0,8.027424156,3.780097613,Mega,141.0870842,50.807521769000004,2.7768936426669737,0.7676028793003575,0.15799676655156009,0.07440035414808228
13.0,9.434361981,1.80338467,Micro,49.11766,24.237746651000002,2.0264944884211626,0.5363534897524661,0.38924253631517997,0.07440397393235382
42.0,15.50442945,2.861961964,Mega,145.797656,60.366391414000006,2.41521238200412,0.6957513778148329,0.256838765525485,0.047409856659682025
71.0,18.51355605,0.825055868,Mega,250.9404408,90.33861191800001,2.7777761410345514,0.7859319342259367,0.20493513965882804,0.009132926115235198
36.0,14.41288029,3.113926336,Mega,129.8253781,53.526806626,2.4254273005133635,0.6725602043016972,0.2692647142338418,0.05817508146446098
64.0,18.92071357,3.2484686,Nano,230.4018509,86.16918217,2.673831236386214,0.7427249323747411,0.21957633916812652,0.03769872845713234
99.0,34.19292834,7.824969974,Micro,357.1050913,141.017898314,2.532338770961156,0.7020385439269552,0.24247225883244772,0.05548919724059702
95.0,39.3614212,6.182300153,Macro,342.7787915,140.543721353,2.438947739536877,0.6759462399703433,0.28006531221083114,0.04398844781882556
17.0,0.0430822,1.299324106,Micro,64.98105749,18.342406306,3.5426680886871416,0.926814056803393,0.0023487757975303026,0.07083716739907658
20.0,11.33818605,3.13e-05,Mega,67.66681205,31.338217349999997,2.1592425406418343,0.6381983945235482,0.3618006066959645,9.987804874293529e-07
80.0,29.33668376,3.456429808,Micro,288.1780625,112.793113568,2.5549260356773913,0.7092631586215599,0.26009286233874274,0.0306439790396974
46.0,18.99508544,0.962846607,Macro,164.3320454,65.957932047,2.4914675202809726,0.6974142240727246,0.287987886376798,0.014597889550477404
75.0,20.14218343,5.76350789,Macro,265.2327334,100.90569132,2.6285210470326517,0.7432682836704835,0.199613948098562,0.057117768230954526
15.0,3.089352514,2.609818028,Macro,61.44385143,20.699170542,2.968420947367254,0.7246667188699178,0.1492500633168608,0.1260832178132213
63.0,14.43895625,2.954981196,Micro,220.228013,80.39393744600001,2.7393609517872597,0.7836411799374376,0.17960255099706413,0.03675626906549811
20.0,12.61877735,1.600792875,Micro,74.82778835,34.219570225000005,2.186695737497387,0.5844608762908564,0.3687590833850105,0.046780040324132965
68.0,28.70134242,3.706080385,Micro,242.1359205,100.40742280500001,2.4115340652677553,0.6772407666718221,0.2858488109563425,0.03691042237183532
74.0,22.44968986,0.305109692,Nano,263.346636,96.75479955200001,2.721794032124129,0.7648199401232737,0.23202662776366575,0.003153432113060412
11.0,5.515064497,0.767888515,Macro,36.30549977,17.282953012,2.100653733467432,0.6364653073096025,0.3191042927195803,0.04443039997081721
35.0,7.227368592,1.144932144,Micro,122.1256688,43.372300736,2.8157526054095836,0.8069666447495879,0.16663558237299408,0.026397772877418055
52.0,19.40080063,5.766919399,Mega,189.9818855,77.167720029,2.4619346720183506,0.6738568922401511,0.2514108311442801,0.07473227661556885
25.0,9.973957511,0.673025333,Mega,87.25168606,35.646982844,2.447659776476313,0.7013216268374289,0.27979808430487657,0.018880288857694494
74.0,21.19623719,2.288930782,Nano,265.2197984,97.485167972,2.7206169299126333,0.7590898342736048,0.2174303807537989,0.023479784972596385
11.0,0.460924393,0.258229475,Micro,38.21640173,11.719153868,3.2610205617619425,0.9386343181342041,0.03933085939408881,0.022034822471707134
99.0,36.73607325,7.608349815,Nano,347.7546808,143.344423065,2.426007746686521,0.6906442391212396,0.25627835715200376,0.05307740372675656
11.0,5.561586305,3.530209276,Nano,39.99208709,20.091795581,1.99046854367854,0.5474871549261757,0.27680882390916656,0.1757040211646577
34.0,7.768529884,0.826269553,Nano,122.8157616,42.594799437000006,2.883351095047439,0.7982195115224765,0.18238212144865415,0.019398367028869264
48.0,10.8228892,1.350736827,Mega,162.161589,60.173626027,2.6948947521832545,0.7976916660874371,0.1798610107880777,0.022447323124485174
82.0,35.05290297,5.145975121,Nano,291.2396759,122.198878091,2.383325284566994,0.6710372573055507,0.2868512667022731,0.0421114759921761
59.0,13.85180397,2.552071784,Micro,210.5865244,75.40387575400001,2.7927811706526087,0.782453148595219,0.18370148525508906,0.03384536614969182
23.0,2.032868017,1.433139817,Macro,85.89262454,26.466007834,3.245394057114145,0.8690392651683819,0.07681052729034722,0.054150207541270846
14.0,0.148676092,2.597693107,Micro,50.64875812,16.746369199,3.024462050139469,0.8360021108835939,0.00887810905356596,0.1551197800628401
62.0,14.94979109,0.274450752,Macro,222.741668,77.22424184200001,2.884349042308853,0.8028567004497286,0.19358935398274438,0.0035539455675268833
80.0,32.53584218,4.741996361,Micro,281.7446462,117.27783854100001,2.402369021334775,0.6821408118979975,0.2774253225056289,0.04043386559637362
87.0,31.07122783,4.894238959,Nano,309.6609171,122.965466789,2.5182754572172374,0.7075157137351888,0.25268255097438064,0.03980173529043049
16.0,1.871599257,1.877711405,Macro,56.32163683,19.749310662,2.851827984982254,0.810154859267361,0.09476782704123327,0.09507731369140585
16.0,0.451244404,3.53978674,Mega,56.01689561,19.991031144,2.8021013626809643,0.800358915192934,0.022572342604520127,0.17706874220254576
96.0,37.6626967,6.313926027,Macro,340.1496419,139.976622727,2.430046069645519,0.6858288057658832,0.2690641906217049,0.04510700361241185
85.0,36.16908593,7.523611218,Mega,309.6662556,128.692697148,2.4062457502454517,0.6604881386722958,0.2810500263927532,0.05846183493495088
11.0,6.838044063,2.464856311,Mega,41.40970369,20.302900373999996,2.039595472922159,0.5417945119844384,0.3368013405491974,0.12140414746636438
64.0,20.50457042,4.530971142,Micro,233.6303792,89.03554156199999,2.624012558370426,0.7188140699456916,0.23029646431387876,0.050889465740429664
59.0,31.00062729,2.464132207,Micro,214.2389135,92.464759497,2.316979081170388,0.6380809328976218,0.33526964714601143,0.02664941995636671
94.0,27.85248821,8.473494927,Nano,339.5852883,130.325983137,2.6056606681648775,0.7212682976746566,0.21371400805563984,0.0650176942697035
62.0,22.21647118,3.545499499,Macro,217.5085094,87.761970679,2.478391354674152,0.7064563331966699,0.25314462526439185,0.04039904153893823
53.0,13.63457957,3.33947268,Mega,186.2793658,69.97405225,2.6621205977105604,0.7574236205535746,0.19485193627613584,0.0477244431702896
19.0,5.455547294,1.025903363,Nano,62.91034074,25.481450657,2.4688681027945294,0.7456404368713018,0.21409877198264252,0.04026079114605567
91.0,26.62861541,4.539204096,Macro,325.2819772,122.167819506,2.662583145997989,0.7448770090844646,0.21796750991935476,0.03715548099618056
40.0,17.89165524,4.098492828,Mega,143.452238,61.990148067999996,2.3141134917542105,0.6452638241180205,0.28862094699909047,0.06611522888288902
71.0,21.46999184,3.220821267,Mega,251.221702,95.69081310700001,2.6253481796532308,0.7419730034126566,0.22436837082774685,0.033658625759596446
28.0,5.552356016,1.01689872,Micro,100.5776591,34.569254736,2.909454076117518,0.8099682858028509,0.16061543873023806,0.029416275466911182
55.0,16.86494698,4.255422961,Micro,194.3988008,76.12036994099999,2.55383415701574,0.7225398410784112,0.22155629292227327,0.05590386599931567
32.0,10.0151608,2.074406562,Nano,111.9802845,44.089567362000004,2.5398363195669225,0.7257952825270909,0.2271548894496952,0.047049828023213794
77.0,18.30862229,2.517847341,Mega,275.529781,97.82646963100001,2.8165156326226866,0.7871080321148546,0.18715407352488392,0.02573789436026142
48.0,12.33661999,1.217325392,Macro,166.731075,61.553945382,2.7086984264822864,0.7798037916516147,0.20041964675764803,0.019776561590737252
56.0,24.40554207,6.450373512,Mega,197.083995,86.855915582,2.269091214793937,0.6447459522446786,0.28098882967803057,0.07426521807729092
81.0,26.09919087,4.351757741,Mega,289.0364803,111.450948611,2.5933963227969565,0.7267771249100472,0.23417648028366858,0.03904639480628422
40.0,12.03495904,1.471282913,Micro,139.4419626,53.50624195300001,2.606087766778428,0.747576330162303,0.22492626281942082,0.027497407018276073
59.0,19.70210755,3.903538448,Nano,207.092493,82.605645998,2.507001676435216,0.7142368937037121,0.23850800162590602,0.04725510467038185
23.0,2.503614918,1.223212307,Nano,81.68934891,26.726827225,3.0564551572956113,0.8605585618664843,0.09367422840441547,0.0457672097291002
16.0,2.733787211,0.051444257,Macro,56.59269981,18.785231468,3.012616581616454,0.8517329172789515,0.14552853477780742,0.002738547943241133
40.0,8.210580502,0.54506686,Micro,142.494861,48.755647362,2.922632940180383,0.8204177805908055,0.16840265582032451,0.011179563588869984
27.0,14.0173457,2.473259935,Macro,94.04105463,43.490605635,2.1623303069000825,0.6208237297636335,0.32230743847630483,0.05686883176006156
21.0,10.57592766,1.063323097,Nano,73.19279004,32.639250757,2.2424776409520573,0.6433971219604734,0.3240248294526744,0.03257804858685225
41.0,13.92654551,2.157720387,Micro,148.1141293,57.084265896999995,2.594657686712653,0.7182364414386682,0.243964694844782,0.0377988637165499
63.0,23.23704807,5.816140203,Micro,224.5075055,92.053188273,2.4388889696485396,0.6843869417446179,0.25243067085396786,0.06318238740141414
21.0,0.220835039,2.792110085,Micro,74.89973598,24.012945124,3.1191399302845464,0.8745282967815272,0.009196499548873912,0.11627520366959881
52.0,13.43002119,2.656327532,Nano,184.4647943,68.08634872200001,2.709277230494163,0.7637360642192551,0.197249837039073,0.039014098741671686
18.0,7.759492503,1.463724215,Micro,66.34938699,27.223216718,2.4372353817442067,0.6612003344960478,0.28503216880573196,0.05376749669822028
81.0,35.90697485,5.440589084,Macro,291.3133157,122.347563934,2.3810307809409923,0.6620483268771513,0.2934833657118821,0.044468307410966586
14.0,4.972625274,4.905049083,Macro,52.75285707,23.877674357000004,2.2092962774046256,0.586321757750907,0.2082541708063047,0.20542407144278818
73.0,34.27032719,8.062578895,Mega,262.5881897,115.332906085,2.276784645541432,0.6329503216211271,0.2971426659859145,0.06990701239295838
34.0,14.88677162,0.899125167,Macro,116.3272967,49.785896787,2.336551196369635,0.6829243258479983,0.2990158374306357,0.018059836721365997
96.0,32.94845025,7.862944073,Micro,338.7906266,136.811394323,2.47633340977539,0.701695940422566,0.24083118524624877,0.05747287433118518
75.0,20.71222956,3.740164535,Mega,264.6358734,99.452394095,2.660930144599753,0.7541296585415297,0.20826275474288772,0.03760758671558252
70.0,20.27098613,3.989554606,Nano,256.9743305,94.260540736,2.7262132011285645,0.7426225168392822,0.21505272483821117,0.04232475832250673
77.0,25.66988236,2.14056622,Micro,273.2842738,104.81044858,2.6074144086064743,0.7346595787272796,0.24491720728021332,0.020423213992507083
74.0,15.46334754,2.480593239,Nano,263.041024,91.943940779,2.8608848149358264,0.8048382457074497,0.16818234468727306,0.026979409605277303
31.0,11.09229645,1.840255605,Macro,111.3156568,43.932552055,2.5337853503398073,0.7056271158841514,0.25248468234017774,0.04188820177567078
12.0,6.674845961,1.986066032,Mega,41.56341532,20.660911993,2.0116931592410756,0.5808068881018248,0.3230663759306203,0.09612673596755493
32.0,10.27783551,0.773331129,Nano,116.7699884,43.051166639,2.712353636758782,0.7433015757350286,0.2387353540540135,0.017963070210957773
78.0,27.93358042,5.902596689,Mega,276.098803,111.836177109,2.4687789777622946,0.6974487327475266,0.24977231109012976,0.05277895616234355
86.0,26.40369544,3.431076806,Macro,310.1584229,115.834772246,2.677593410736044,0.7424368204165891,0.22794274057815805,0.029620439005252863
86.0,33.25005023,10.0637457,Macro,304.4284853,129.31379593,2.354184123284053,0.6650489174917843,0.25712685944196456,0.07782422306625116
68.0,32.64512772,3.405064622,Nano,242.5219394,104.050192342,2.3308168292746703,0.653530747703882,0.3137440401138283,0.03272521218228965
29.0,10.41405264,3.798210294,Nano,99.42372101,43.212262934,2.300821902381142,0.671105793378444,0.24099762273283032,0.08789658388872562
41.0,6.032826963,6.145541885,Macro,146.5620884,53.178368848,2.7560470840863727,0.7709901767989633,0.11344512992197373,0.11556469327906303
83.0,27.98792232,6.066843266,Macro,292.5631693,117.054765586,2.4993699986102165,0.7090698066369625,0.23910109238087623,0.05182910098216119
28.0,10.05191293,3.716741602,Macro,97.2436394,41.768654532,2.3281487155756775,0.6703591560161103,0.24065685243222237,0.08898399155166735
32.0,13.71375994,0.826277105,Micro,109.9278558,46.540037045000005,2.362006194660088,0.6875800285474396,0.29466585784493543,0.017754113607624866
29.0,6.059626048,2.206644363,Mega,106.074547,37.266270411,2.84639556977748,0.7781835874684143,0.1626035012672307,0.05921291126435497
77.0,25.69736441,4.354449016,Macro,273.6721056,107.05181342600001,2.556445302901636,0.7192778668175159,0.24004604487866432,0.04067608830381963
85.0,33.88151018,5.708518932,Mega,303.6603243,124.590029112,2.437276293009171,0.6822375803732207,0.2719439944069864,0.04581842521979296
35.0,19.97502187,3.222876164,Nano,121.5288553,58.197898034,2.088200079477118,0.6013962906281002,0.34322583022380504,0.055377879148094875
40.0,7.339996233,3.690516896,Mega,140.5282084,51.030513129,2.753807472888992,0.7838447538021815,0.14383543850412064,0.0723198076936978
52.0,20.71245229,1.629664479,Micro,183.0164095,74.342116769,2.461813268899497,0.6994689182926728,0.27860993458605565,0.02192114712127158
89.0,13.60007097,0.016116571,Nano,321.0786795,102.616187541,3.1289281661503354,0.8673095554679451,0.13253338772273265,0.00015705680932221995
24.0,9.748085525,0.409903698,Macro,85.23791476,34.157989223,2.4954020040092333,0.7026174709323872,0.2853822999170047,0.012000229150608043
67.0,33.62209115,6.804494005,Mega,240.3518467,107.426585155,2.237359089030051,0.6236817441728165,0.3129773798682003,0.06334087595898319
100.0,45.08292131,4.511628276,Mega,352.6576951,149.59454958600003,2.3574234226846715,0.6684735525241262,0.3013674056626134,0.03015904181326019
83.0,26.87088292,3.440192694,Nano,296.7051267,113.311075614,2.6185006637015893,0.7324967974246733,0.23714259858883557,0.030360603986491073
28.0,21.10789156,3.196668702,Nano,100.3285109,52.304560261999995,1.9181599156448712,0.5353261715564483,0.40355738494440957,0.061116443499142185
94.0,28.65512418,7.869187058,Nano,337.3979752,130.524311238,2.584943540401324,0.720172350334023,0.21953859712578613,0.06028905254019081
17.0,7.002813809,0.236655441,Micro,64.24894393,24.23946925,2.650592026886067,0.7013354881934967,0.2889012847919515,0.009763227014551897
19.0,11.41121511,1.302072125,Macro,66.21969665,31.713287235,2.088074192981086,0.5991179614780164,0.359824417615281,0.04105762090670258
89.0,28.02612122,3.15244949,Micro,314.8862603,120.17857070999999,2.620153147434616,0.7405646403863777,0.2332039818282509,0.02623137778537157
91.0,33.66042024,7.639596242,Mega,321.2657372,132.30001648200002,2.4283121479709684,0.6878306021404081,0.2544249134283339,0.05774448443125779
37.0,13.63793372,3.061267718,Micro,131.0178115,53.699201438,2.4398465524905517,0.6890232817096813,0.2539690229052303,0.0570076953850883
84.0,32.98197831,8.476182415,Mega,306.2431009,125.458160725,2.4409978524336444,0.6695459228365792,0.2628922512445832,0.06756182591883761
22.0,2.361074628,3.343804334,Macro,83.04290787,27.704878962000002,2.9974109608600568,0.7940839600914766,0.08522234048517045,0.12069369942335285
71.0,26.98713859,0.842799647,Mega,252.1202089,98.82993823700001,2.5510509608475207,0.7184057914691581,0.27306643180615225,0.008527776724689606
77.0,30.77545019,3.668133786,Micro,273.4160805,111.443583976,2.4534035136458074,0.6909325530717173,0.27615273210010605,0.03291471482817668
76.0,34.27923262,7.940107984,Macro,266.9421863,118.219340604,2.2580246593844384,0.6428728126185176,0.28996298274768206,0.06716420463380036
19.0,11.43205585,3.113767187,Mega,63.00613477,33.545823037,1.8782110279573763,0.5663894422576424,0.34078924930209037,0.09282130844026727
89.0,38.20357545,6.574378925,Mega,316.5734832,133.777954375,2.36640995655081,0.6652815138024867,0.2855745225622867,0.04914396363522658
100.0,42.83265278,3.965112831,Micro,354.8695459,146.797765611,2.4174042733073353,0.6812092785185193,0.29178000497298046,0.027010716508500333
13.0,14.2755592,2.329490869,Micro,48.98112405,29.605050069,1.6544854319057223,0.43911427171043843,0.48220013702824993,0.07868559126131164
25.0,5.063017618,4.328050272,Macro,85.90434625,34.39106789,2.4978679500376515,0.7269329373534611,0.14721897075700255,0.12584809188953625
91.0,28.08005623,6.062588606,Macro,322.3739491,125.142644836,2.5760519087835525,0.7271701834275272,0.22438439164202612,0.04844542493044677
34.0,5.867787059,4.071008852,Mega,119.6004173,43.938795911,2.721977578590365,0.7738036351489587,0.13354455754512404,0.09265180730591734
96.0,32.60250268,0.539458042,Micro,348.7751239,129.141960722,2.7007110775621386,0.7433679918075295,0.25245475984511667,0.0041772483473537705
45.0,22.81931349,4.037226529,Micro,159.3737372,71.856540019,2.217943379375894,0.6262477985733977,0.3175676630681942,0.05618453835840821
63.0,24.99845725,5.37051983,Micro,227.5973666,93.36897708000001,2.437612296051942,0.6747423177402984,0.2677383648380439,0.05751931742165767
74.0,29.52017002,2.333157382,Nano,264.5922333,105.85332740199999,2.499611866664862,0.6990805278984725,0.2788780546112738,0.02204141749025376
42.0,14.64938056,0.651575128,Mega,150.4620168,57.300955687999995,2.62582037233822,0.7329720681917993,0.25565682778076043,0.011371104027440388
45.0,20.45089437,3.342233746,Nano,158.0694068,68.793128116,2.2977499516152395,0.6541351037871156,0.2972810646946508,0.048583831518233554
31.0,7.919849465,0.075237086,Mega,107.0381741,38.995086551,2.744914387098728,0.7949719501059814,0.2030986507657053,0.001929399128313272
86.0,25.10445361,6.322648609,Nano,306.8107139,117.427102219,2.612775995509129,0.7323692603740756,0.2137875595633836,0.05384318006254078
41.0,12.73241353,0.53126965,Macro,141.8290708,54.26368318,2.613701512474443,0.7555697954375385,0.23463968503142069,0.009790519531040797
55.0,20.10848671,2.728374334,Mega,195.102176,77.83686104399999,2.506552466057331,0.7066060894838673,0.2583414392652985,0.03505247125083438
29.0,10.93594964,3.063813087,Mega,101.2901608,42.999762727000004,2.3555981330194373,0.6744223260978739,0.254325813596483,0.07125186030564302
87.0,34.53602104,4.63217989,Mega,303.6989831,126.16820093000001,2.4070960896755333,0.6895556832760807,0.27372999523993446,0.036714321483984715
26.0,18.65206124,5.769453827,Nano,92.76007296,50.421515066999994,1.8396922987486717,0.5156528907441845,0.36992266525936757,0.11442444399644801
30.0,10.5639763,2.855990067,Micro,104.5909045,43.419966367,2.40882048631643,0.6909263758159097,0.24329766197213876,0.06577596221195156
29.0,12.6626864,1.67420182,Micro,105.6008625,43.33688822,2.4367430804887635,0.6691758728218166,0.29219186979272227,0.038632257385461166
85.0,29.38878187,2.734049922,Micro,302.0600166,117.122831792,2.579001992851679,0.725733818927403,0.25092274000164144,0.023343441070955626
100.0,42.22523217,8.977117102,Mega,364.0797515,151.202349272,2.4078974516794833,0.6613653854022375,0.2792630694781101,0.05937154511965247
89.0,36.00483653,3.979359359,Micro,316.0502046,128.984195889,2.450301778614672,0.6900070150965687,0.27914145823713704,0.03085152666629421
15.0,7.687035542,2.080461325,Nano,55.15072263,24.767496867,2.2267378462246765,0.605632457754981,0.31036788187675685,0.08399966036826227
22.0,4.389107232,0.885959352,Micro,77.8388226,27.275066584,2.8538453741360077,0.8065974809720743,0.16092012895670516,0.03248239007122051
75.0,29.62144863,10.26018838,Mega,264.4852505,114.88163701,2.302241310131902,0.652845850320461,0.2578431975810161,0.08931095209852286
30.0,11.91600349,2.576946627,Nano,102.3314103,44.492950117,2.299946621451404,0.6742641232175232,0.2678177881813932,0.05791808860108362
55.0,28.16663617,3.41311368,Micro,198.6552704,86.57974985,2.2944772968756735,0.6352524706445546,0.32532591303161407,0.039421616323831406
29.0,4.650729125,2.501837104,Micro,101.1857743,36.152566229,2.7988545449045668,0.8021560576448782,0.1286417427615246,0.0692021995935972
78.0,30.95151095,6.412862561,Nano,279.6650891,115.364373511,2.424189380037104,0.676118611198133,0.2682934948461257,0.05558789395574131
82.0,34.24909651,5.675424827,Micro,293.1490901,121.924521337,2.4043489109933387,0.6725472374285693,0.2809040883198165,0.046548674251614214
63.0,24.11768874,5.295901775,Mega,216.9048322,92.41359051500001,2.3471096728439886,0.6817179123645696,0.2609755622046236,0.057306525430806644
51.0,14.11560036,0.905750074,Micro,182.5799489,66.021350434,2.7654682568561046,0.7724773829184773,0.21380356910619447,0.013719047975328181
58.0,28.44384156,6.105705139,Nano,203.1655666,92.54954669899999,2.195208662239674,0.6266913460811873,0.3073363681889037,0.06597228572990918
91.0,25.51282008,5.125009083,Mega,324.0477099,121.63782916299999,2.6640372664474463,0.7481225259130203,0.209744125290264,0.042133348796715736
81.0,31.38218949,7.024130677,Macro,293.3033144,119.406320167,2.456346648902588,0.6783560525666861,0.2628184960905696,0.058825451342744244
48.0,12.5319978,1.825444389,Micro,171.3033756,62.357442189,2.7471199841839944,0.7697557551272897,0.20097036312067773,0.029273881752032684
99.0,25.0654369,5.419793658,Micro,352.1588725,129.485230558,2.719683712052845,0.7645659630320167,0.1935775747703712,0.041856462197611986
43.0,17.1361121,3.371310994,Mega,151.6631466,63.507423093999996,2.3881168406961977,0.677086203550629,0.26982849035830225,0.053085306091068776
77.0,36.05245844,5.137853745,Mega,277.621554,118.19031218500001,2.3489366333633734,0.6514916373135053,0.30503733997730786,0.043471022709186694
69.0,28.45307095,7.099474906,Nano,245.189391,104.552545856,2.3451307569085773,0.6599552352845961,0.27214134975908055,0.06790341495632342
19.0,7.95837325,2.432539852,Micro,66.42901384,29.390913102000003,2.2601888416824862,0.6464583095483033,0.270776658839444,0.08276503161225263
63.0,15.03362328,1.154492729,Nano,220.7649727,79.188116009,2.787854842700252,0.7955739216328853,0.18984696236858797,0.014579115998526697
11.0,8.231820093,1.674710688,Micro,37.0296693,20.906530781,1.771201051379257,0.5261513789746922,0.3937439539457754,0.08010466707953233
28.0,2.208500547,1.329471082,Macro,104.1980208,31.537971629,3.303891005602502,0.8878186691706342,0.07002671487500563,0.04215461595436011
49.0,15.85805646,3.969103203,Mega,173.1519293,68.827159663,2.515750034547521,0.7119282597149122,0.2304040517965025,0.05766768848858519
52.0,19.76318411,1.198692648,Micro,187.8666179,72.961876758,2.574859998778761,0.7127009653613164,0.2708700075732775,0.016429027065406013
70.0,24.30970927,2.404004508,Mega,249.1967587,96.713713778,2.5766434662204665,0.7237856687075467,0.25135741685818563,0.024856914434267668
17.0,5.166331806,0.210617998,Nano,56.37026828,22.376949804,2.519122077573035,0.7597103335755421,0.2308773917469525,0.009412274677505461
92.0,34.75861536,3.828845154,Nano,325.0568639,130.58746051399999,2.4891889513783094,0.7045086843551636,0.2661711562747911,0.029320159370045475
79.0,25.28409682,6.045621605,Nano,283.290895,110.329718425,2.5676753194342252,0.7160355444367663,0.22916850673545078,0.054795948827782937
34.0,5.491376948,2.357565194,Nano,119.1052967,41.848942142000006,2.846076641456243,0.8124458650503681,0.1312190145539856,0.05633512039564615
34.0,11.37226164,2.175756469,Micro,121.9825001,47.548018109,2.5654591915979537,0.7150666074463449,0.23917425146785312,0.045759141085802015
10.0,8.830077727,4.003304387,Micro,36.80730812,22.833382114000003,1.6119954519322857,0.43795526874087676,0.38671790639311154,0.1753268248660116
14.0,18.28500948,4.157356826,Micro,46.11470398,36.442366306,1.2654146438456582,0.3841682475403633,0.5017514320136092,0.11408032044602763
88.0,34.00584879,5.99737,Mega,312.1070301,128.00321879,2.4382748578536737,0.6874827120118859,0.2656640130729013,0.046853274915212774
78.0,25.44110996,2.025284492,Mega,272.6232823,105.466394452,2.58493033460129,0.7395720732209108,0.24122480048920975,0.019203126289879476
16.0,3.304010476,1.434938247,Macro,59.22385929,20.738948723000004,2.855682806347811,0.7714952292762847,0.15931426998205417,0.06919050074166094
17.0,3.980308621,0.779478748,Nano,60.50612149,21.759787368999998,2.780639372248638,0.7812576341724271,0.1829203821481515,0.0358219836794215
61.0,25.22937094,3.211597629,Mega,224.4149321,89.44096856899999,2.509084323330792,0.6820140811974887,0.2820784629645037,0.035907455838007675
47.0,18.04699408,1.401191326,Macro,170.9935242,66.44818540600001,2.5733362492177245,0.7073180360431044,0.2715949874286624,0.021086976528233048
99.0,36.72156196,7.917322224,Nano,352.9301142,143.638884184,2.457065273132448,0.6892284116686813,0.2556519578149886,0.05511963051633002
14.0,12.22643543,2.751871742,Macro,51.7856327,28.978307172,1.7870482355172683,0.48312000824973517,0.4219168275576039,0.09496316419266093
31.0,16.06043166,3.80506952,Micro,106.8833364,50.865501179999995,2.101293291533042,0.6094503992067026,0.3157431124715795,0.07480648832171795
67.0,18.3929601,1.625678012,Micro,235.5765291,87.01863811199999,2.7071962307292607,0.7699499952385558,0.21136805285698426,0.01868195190446007
72.0,11.26204128,5.915241648,Mega,253.5747934,89.17728292800001,2.8434909101764325,0.8073805080844567,0.12628823070436843,0.06633126121117472
44.0,24.63088911,0.35714192,Macro,159.2362483,68.98803103,2.3081720977187308,0.6377917929106608,0.3570313392375129,0.0051768678518262674
39.0,2.347193413,0.588160135,Micro,135.2616442,41.935353548,3.225480000906084,0.9300028901714125,0.05597170917644363,0.014025400652143798
95.0,38.04846725,6.955765598,Micro,339.2934452,140.004232848,2.423451336420411,0.6785509128366122,0.27176654931075206,0.04968253785263583
35.0,15.93153303,4.551268618,Mega,121.2424073,55.482801648,2.1852250372863145,0.6308261111623524,0.28714362931912774,0.08203025951851983
39.0,19.59319699,1.603298206,Micro,143.1275374,60.196495195999994,2.377672270353552,0.6478782506027281,0.32548733819476505,0.026634411202506984
16.0,5.765646389,1.595524725,Micro,52.997255,23.361171114,2.26860437524211,0.6848971706907039,0.24680468118932333,0.06829814811997272
69.0,18.66741369,4.807658808,Mega,246.282833,92.475072498,2.663234819365256,0.7461470225015752,0.20186427742896582,0.051988700069459014
65.0,22.56391988,7.395603642,Mega,232.2711591,94.959523522,2.4460017330035146,0.6845021709164426,0.23761618680376428,0.07788164227979308
52.0,18.43202672,5.483112242,Macro,178.1914678,75.915138962,2.347245493276319,0.6849753647428488,0.24279777356696028,0.07222686169019095
30.0,0.179656032,0.280326002,Nano,113.1893779,30.459982034,3.716002779438803,0.9848988080988833,0.005898100392819162,0.009203091508297507
55.0,20.84266334,3.351639207,Mega,189.9670241,79.194302547,2.39874609650434,0.6944944046619864,0.2631838739615184,0.04232172137649522
36.0,8.11996156,1.225191317,Macro,130.9893463,45.345152877,2.8887177126806094,0.7939106545224582,0.17907011102213338,0.027019234455408405
55.0,16.935831,6.276924491,Mega,200.2692334,78.21275549100001,2.560569975354533,0.7032101049850991,0.21653540900945265,0.08025448600544817
35.0,3.231076691,0.850271175,Nano,127.3799299,39.081347866,3.259353549850772,0.8955678836872796,0.0826756718340048,0.021756444478715616
56.0,16.13587655,6.5492771,Nano,204.2249674,78.68515365,2.5954701481351177,0.7116971550833338,0.20506888277519425,0.08323396214147191
80.0,27.72147524,6.86624796,Nano,289.1924947,114.5877232,2.52376508254071,0.6981550707693963,0.24192360635017837,0.059921322880425294
87.0,31.85172567,6.521062849,Nano,309.5367451,125.37278851900001,2.468930848204675,0.6939304854563023,0.25405613168740304,0.05201338285629457
49.0,17.08679602,1.73819839,Micro,173.6238541,67.82499441,2.559880109247767,0.7224475346624655,0.2519247685699883,0.025627696767546258
56.0,11.37558877,0.711758296,Nano,199.4999307,68.087347066,2.93005880382762,0.8224729323895786,0.1670734616664261,0.010453605943995173
54.0,12.96108964,2.336084992,Micro,194.573563,69.297174632,2.8078137966414287,0.7792525494259318,0.18703633602422284,0.03371111454984551
11.0,1.463574417,1.633269621,Nano,38.78418237,14.096844038,2.7512670400163226,0.7803164999448085,0.10382284240747304,0.11586065764771852
99.0,33.43132208,3.017408356,Nano,351.230812,135.448730436,2.593090469503941,0.730903860680908,0.24681901389837255,0.022277125420719506
34.0,11.69240657,0.684877506,Macro,120.1173914,46.377284076,2.5900048653810694,0.7331175310801527,0.25211494814658103,0.014767520773266247
63.0,17.42100916,2.03807802,Micro,221.9271739,82.45908718,2.691361031144512,0.7640152487072438,0.21126851819219958,0.02471623310055662
52.0,19.75245225,3.573207176,Mega,183.0676027,75.325659426,2.4303484907403403,0.690335808491459,0.26222740564793634,0.04743678586060467
47.0,25.46799432,2.998558134,Micro,163.2057608,75.46655245400001,2.1626237782556808,0.6227924619804045,0.3374739337075693,0.03973360431202612
58.0,18.36779222,4.583140154,Micro,202.429526,80.950932374,2.5006447741053663,0.7164834091352426,0.226900317035748,0.05661627382900932
44.0,15.28763889,4.180978812,Mega,157.8822087,63.468617701999996,2.4875633725204778,0.6932559994703255,0.24086925859609926,0.06587474193357533
86.0,29.093976,4.849590492,Micro,306.0907006,119.943566492,2.5519559702305137,0.7170038586916292,0.24256387275211225,0.04043226855625856
84.0,30.96446241,3.763222015,Micro,301.6709578,118.72768442499999,2.540864493913084,0.7075013751578942,0.26080237781071336,0.031696247031392406
72.0,21.82794456,2.858835995,Mega,261.6201883,96.686780555,2.7058527215225467,0.7446726386658723,0.22575934822427182,0.029568013109855896
43.0,17.66419141,2.728568336,Micro,158.0087504,63.392759746,2.492536230211529,0.6783109013125627,0.2786468278203425,0.04304227086709486
83.0,35.64092081,8.930532425,Micro,294.6388081,127.57145323499999,2.3095982731908244,0.6506157756712647,0.27938006431850926,0.07000416001022598
15.0,6.44424657,3.416422707,Macro,56.67415544,24.860669277,2.2796713478841233,0.6033626783281069,0.2592145246854611,0.1374227969864321
27.0,6.491323673,1.109301779,Macro,90.57569612,34.600625451999996,2.6177473654530288,0.7803327150099056,0.18760711947259862,0.03206016551749586
75.0,29.24105443,3.969112218,Micro,266.4656814,108.210166648,2.4624828669453396,0.6930956889103561,0.27022465019501424,0.036679660894629616
36.0,11.45063644,0.383865663,Mega,126.6357645,47.834502103,2.647372898902984,0.7525948513581835,0.23938027859773334,0.008024870044083211
28.0,20.1486607,3.254181348,Micro,100.7472494,51.402842048000004,1.959954846580704,0.5447169628063285,0.39197561646854406,0.0633074207251273
62.0,24.17106528,6.347881927,Nano,217.3646467,92.518947207,2.349406832458575,0.6701330037974003,0.26125529969466854,0.06861169650793128
69.0,21.07949092,3.125858631,Micro,246.8968109,93.205349551,2.6489553667185515,0.7403008553950506,0.226161813903887,0.033537330701062344
58.0,21.66817425,6.615751015,Macro,206.0515677,86.283925265,2.3880643708218297,0.6721993676326984,0.25112643152767444,0.07667420083962728
28.0,11.42209084,0.986710374,Mega,93.29172911,40.40880121399999,2.3086982614489995,0.6929183533981985,0.2826634420434802,0.02441820455832145
72.0,28.04013276,5.704482227,Micro,251.6252646,105.744614987,2.3795562982657246,0.6808857359672784,0.2651684226515666,0.05394584138115492
84.0,24.84851521,1.84106861,Micro,302.4055182,110.68958382,2.732014230821959,0.7588789938590629,0.22448828835067167,0.016632717790265518
48.0,14.81567322,2.458459238,Nano,170.110494,65.274132458,2.6060935257845967,0.7353602138011582,0.2269761797222353,0.03766360647660651
32.0,4.067835317,0.958287924,Micro,111.8023392,37.026123241,3.019552937591866,0.8642546720788084,0.10986392743638845,0.025881400484803186
80.0,22.22190231,3.18559577,Micro,282.5999619,105.40749808000001,2.6810233337055216,0.7589592909157492,0.21081899024995812,0.030221718834292623
63.0,20.70580331,3.522060728,Macro,223.2497053,87.22786403799999,2.5593852120779133,0.7222462764026257,0.23737602127893115,0.0403777023184432
73.0,30.35054482,5.230125086,Nano,260.2383199,108.580669906,2.396727890197145,0.6723111955672889,0.2795206996445587,0.048168104788152456
13.0,2.584810224,0.337156459,Nano,50.53356281,15.921966683,3.173826689635964,0.816482050165335,0.16234239622921837,0.02117555360544652
53.0,19.93695574,5.788043334,Nano,182.5937556,78.724999074,2.3193872054335034,0.6732296046162034,0.25324809113379143,0.07352230425000514
72.0,11.81185289,0.497252493,Micro,256.6607986,84.309105383,3.0442832649455775,0.8540002847013722,0.14010174626264899,0.00589796903597871
61.0,24.55433977,4.214668094,Nano,219.8772941,89.769007864,2.4493675415585963,0.6795218244186787,0.27352802881813965,0.046950146763181565
44.0,16.55078519,5.075482015,Macro,151.9241404,65.626267205,2.314989818412604,0.6704632439714273,0.25219757110821944,0.07733918492035312
13.0,1.959690199,1.004492215,Nano,49.36911574,15.964182414,3.092492584944726,0.8143229426268319,0.12275543765281859,0.06292161972034956
82.0,32.4234128,5.912088386,Nano,288.9781412,120.33550118599999,2.401437134942686,0.6814281670149391,0.2694417896667404,0.049130043318320604
19.0,11.83606893,1.584286752,Micro,62.61418444,32.420355682,1.9313231802316042,0.5860515592846789,0.3650814027488127,0.04886703796650839
93.0,29.0064675,5.653696785,Macro,325.6589776,127.660164285,2.5509835383962827,0.7284966341761747,0.22721627895796342,0.044287086865861934
19.0,6.005250648,2.38362943,Macro,66.38181953,27.388880078,2.4236777604981707,0.6937121907098958,0.21925871488347898,0.08702909440662528
74.0,21.99112418,0.877580707,Micro,265.8386484,96.868704887,2.7443192175440774,0.7639206086870164,0.2270199049905049,0.009059486322478678
43.0,15.88374141,0.352862306,Nano,152.4930713,59.236603716,2.574304766544391,0.7259025214571099,0.2681406497602723,0.005956828782617913
60.0,30.6827721,6.365577398,Micro,213.2245182,97.048349498,2.1970957703344993,0.6182485360169521,0.3161596488627797,0.06559181512026832
73.0,27.39787136,3.862178306,Mega,263.7014999,104.260049666,2.5292669698966685,0.700172311770976,0.2627839853114386,0.037043702917585374
96.0,33.86314222,4.851667657,Micro,346.7185902,134.714809877,2.5737228929511753,0.7126165273710577,0.25136911265300677,0.036014359975935585
84.0,22.23462227,4.066662577,Mega,300.5450207,110.301284847,2.7247644586995423,0.7615505124579213,0.20158080933365247,0.036868678208426195
46.0,13.43845073,1.228182851,Mega,161.9678005,60.666633581,2.669800365364697,0.758242171762875,0.2215130449270346,0.02024478331009042
93.0,26.86739055,2.603665219,Nano,329.7224837,122.471055769,2.6922482347331873,0.7593630953538351,0.21937747152826212,0.021259433117902803
12.0,2.198543559,0.346488071,Nano,41.63049839,14.54503163,2.862179983447722,0.8250239879333972,0.151154264557622,0.023821747508980837
64.0,25.82704983,5.193276624,Macro,230.2508027,95.020326454,2.4231741911712543,0.6735400980860957,0.27180552618394815,0.054654375729956066
62.0,29.39688348,4.153702921,Nano,220.9820938,95.550586401,2.3127235752651254,0.6488709523958622,0.30765780292157724,0.0434712446825604
49.0,15.96031563,5.254906229,Micro,174.1790953,70.215221859,2.480645801415697,0.6978543783340523,0.22730563555079403,0.07483998611515376
78.0,26.04688499,2.488182726,Mega,276.2490618,106.535067716,2.5930340846679862,0.7321532869151737,0.24449118537602563,0.023355527708800727
60.0,16.60417853,5.253646762,Nano,212.4874444,81.857825292,2.5958110130830274,0.7329781824275244,0.2028416766603587,0.06418014091211681
43.0,9.644227993,1.805611694,Macro,154.5326132,54.449839687,2.838072877501877,0.7897176602756156,0.17712132943712922,0.033161010287255134
93.0,31.27186809,8.352357783,Micro,327.379636,132.624225873,2.468475377292655,0.7012293522380755,0.23579303015080907,0.06297761761111546
33.0,6.244258946,1.703124543,Mega,113.5987015,40.947383489,2.7742603268049315,0.8059122998387682,0.1524946996351413,0.041593000526090336
48.0,23.00852362,0.325432503,Micro,167.3434364,71.33395612300001,2.3459155428230054,0.6728913214519374,0.32254658048583157,0.004562098062230867
39.0,14.58854843,5.478277994,Micro,140.5407032,59.066826424000006,2.379350842233426,0.6602690945344837,0.24698378621662984,0.09274711924888636
72.0,24.97171642,3.384708684,Mega,260.2958494,100.35642510400001,2.5937138467243503,0.7174428535630473,0.2488302706490556,0.033726875787897036
34.0,8.100352967,4.642785095,Nano,122.2838853,46.743138062,2.616082068298515,0.7273794916144156,0.17329501832452301,0.09932549006106135
100.0,34.28471357,10.33797765,Micro,354.6804507,144.62269122,2.4524536758928113,0.6914544263865207,0.2370631695537051,0.0714824040597742
34.0,8.203175712,6.045596308,Micro,120.0674748,48.248772020000004,2.488508407016656,0.7046811468260037,0.17001833142198175,0.12530052175201453
27.0,15.44922108,4.645825936,Mega,96.82128425,47.095047016,2.0558697864152484,0.5733086961528472,0.32804343681303266,0.09864786703412003
12.0,10.2207438,4.46418734,Micro,45.2526926,26.68493114,1.695814479062583,0.44969199796855835,0.38301555834556295,0.16729244368587864
27.0,8.386185282,4.05505902,Mega,98.98876975,39.441244302,2.5097780635937097,0.6845625810702649,0.21262476451775508,0.10281265441197995
74.0,21.26967221,4.21270956,Macro,263.8948274,99.48238176999999,2.6526790242127114,0.7438503047814595,0.21380340751365187,0.04234628770488876
33.0,21.08177132,1.295927415,Nano,120.632259,55.377698735,2.1783544956836134,0.5959077526481473,0.38069063542858683,0.023401611923265845
21.0,5.180326908,1.332821498,Nano,77.69255229,27.513148406,2.823833577441722,0.7632714253604059,0.18828550013819162,0.04844307450140245
24.0,12.79967154,0.04924696,Micro,85.86261155,36.848918499999996,2.330125687406538,0.651308124551878,0.3473554193998937,0.0013364560482283898
100.0,43.76069372,6.420970623,Nano,350.0870783,150.181664343,2.331090681619002,0.6658602462389146,0.29138506295984923,0.042754690801236166
55.0,15.39492963,4.813227646,Mega,196.7187138,75.20815727600001,2.6156566112646362,0.7313036509877537,0.20469760445670088,0.06399874455554529
56.0,18.77802734,2.522168245,Macro,203.5678739,77.300195585,2.6334716537185847,0.7244483610448552,0.24292341303783005,0.0326282259173148
96.0,30.07537117,6.063871145,Macro,339.2135318,132.139242315,2.56709154568456,0.7265063603978484,0.22760362964928207,0.04589000995286962
37.0,6.172686666,0.339882776,Mega,135.3779233,43.512569442,3.1112371674683965,0.8503290077897855,0.14185985211073024,0.007811140099484268
94.0,17.17127384,1.021301086,Nano,333.8372401,112.19257492599999,2.975573386386688,0.8378451075037768,0.153051784855868,0.009103107640355256
20.0,2.388284572,0.593664839,Mega,75.77689023,22.981949411,3.2972350985043257,0.8702481953261664,0.10392001693541628,0.025831787738417454
43.0,28.08376176,4.45708679,Mega,148.215554,75.54084855,1.9620583676909198,0.569228448255232,0.37176921227475407,0.0590023394700138
19.0,2.50188917,2.17074948,Macro,69.73251798,23.67263865,2.9457011113545635,0.8026143718457005,0.10568695813721636,0.0916986700170832
60.0,19.44251219,3.36149892,Nano,207.624182,82.80401111,2.5074169622554168,0.7246025789776501,0.23480157457797332,0.04059584644437643
100.0,25.97867746,3.80746456,Mega,356.2827305,129.78614202,2.745152332558718,0.7704982862083228,0.20016526460888787,0.029336449182789263
51.0,18.07310728,5.706993806,Micro,178.4739206,74.780101086,2.386649897607762,0.6819996129899321,0.241683375891873,0.07631701111819489
87.0,36.12613503,6.662022421,Micro,311.743669,129.788157451,2.4019423275786562,0.6703230996467905,0.27834692886859885,0.05132997148461075
51.0,16.1902616,7.97216452,Mega,177.9334705,75.16242611999999,2.3673194132387594,0.6785305189400931,0.21540365892595806,0.10606582213394898
60.0,18.47461371,1.883694635,Mega,210.4689581,80.358308345,2.6191312688714117,0.7466558372832307,0.2299029694687384,0.02344119324803091
13.0,6.237812416,0.777461147,Nano,44.49793566,20.015273563,2.2231989745200567,0.6495039879960295,0.31165261850485754,0.03884339349911287
21.0,7.239525859,1.611172497,Micro,75.8834525,29.850698356000002,2.5420997390081963,0.7035011291713713,0.2425245055462782,0.05397436528235038
44.0,12.23972705,3.772519962,Micro,152.5415413,60.012247011999996,2.5418401892116775,0.7331836781782525,0.20395382041856483,0.06286250140318275
23.0,10.70057023,0.582369459,Nano,79.2014725,34.282939688999996,2.3102299049755213,0.6708876254091993,0.3121252240056117,0.016987150585189133
92.0,31.07632397,6.93117373,Macro,328.8750721,130.00749770000002,2.5296623496200095,0.7076514941645553,0.23903485967948138,0.0533136461559632
10.0,5.825167051,0.105714735,Macro,33.92908406,15.930881786,2.1297681142682734,0.627711644234782,0.3656525187525486,0.006635837012669426
71.0,28.25480021,4.399195778,Macro,252.5180642,103.653995988,2.4361633316021307,0.6849711805439672,0.27258765994193845,0.042441159514094315
96.0,34.71355558,3.437714608,Micro,345.1959501,134.15127018799998,2.5731843583459284,0.7156100711194558,0.2587642705980519,0.025625658282492417
59.0,24.08190215,3.331667207,Micro,211.6367238,86.413569357,2.449114477908743,0.6827631405462904,0.27868195156377057,0.038554907889939115
35.0,7.798023839,1.957661502,Macro,120.6389931,44.755685341,2.695500966655614,0.7820235514958594,0.1742353799206902,0.04374106858345025
40.0,8.854991222,0.149939278,Mega,145.2979431,49.0049305,2.964965802777743,0.816244398101942,0.18069592450498426,0.003059677393073744
58.0,28.33706768,6.984630474,Nano,203.4137119,93.321698154,2.1797043551899957,0.6215060500108781,0.3036492931497883,0.07484465683933358
89.0,31.77088669,5.88922997,Macro,316.2697588,126.66011666,2.4969956379321716,0.7026679143120252,0.25083576052029194,0.04649632516768282
58.0,21.45827878,4.237901938,Macro,202.2348536,83.696180718,2.4162972774276983,0.6929826367516232,0.25638301050199663,0.05063435274638024
58.0,17.93429813,3.457853997,Mega,206.2850969,79.392152127,2.5983058951471065,0.730550796849795,0.22589509982436703,0.04355410332583791
36.0,12.4369939,0.903680035,Micro,133.5881736,49.340673935,2.707465523798586,0.729621165033647,0.2520637216342878,0.018315113332065192
92.0,29.33152301,8.145979085,Nano,330.1552117,129.477502095,2.54990408648569,0.7105481532420815,0.22653760333188178,0.06291424342603665
78.0,37.47760817,12.10801729,Micro,277.3375508,127.58562545999999,2.1737366556779505,0.611354137417731,0.29374475404166744,0.09490110854060158
45.0,8.41713121,4.06002921,Macro,156.8844243,57.477160420000004,2.729508958925706,0.7829196792460471,0.14644305926900208,0.07063726148495071
37.0,0.53868841,0.870266399,Macro,132.4088364,38.408954809,3.4473428672673467,0.9633170229180552,0.014025073389234073,0.022657903692710712
43.0,13.56684889,1.31683429,Nano,153.5352547,57.883683180000006,2.6524790107525424,0.7428691064161131,0.23438123050690082,0.022749663076985973
27.0,5.441224295,1.129230695,Micro,98.45440862,33.570454989999995,2.9327695632760324,0.8042786434691692,0.16208372202941063,0.033637634501420266
57.0,21.66626693,11.53462604,Mega,200.8056007,90.20089297000001,2.2262041326662487,0.6319227905976239,0.24020013789892303,0.12787707150345295
60.0,16.09839899,2.896231565,Nano,213.3809614,78.99463055499999,2.701208422658975,0.7595452954011225,0.2037910536057447,0.036663650993133005
12.0,4.549974224,0.968120529,Macro,39.99255416,17.518094753,2.2829282935092707,0.6850059991795046,0.2597299699626759,0.05526403085781962
40.0,8.483011027,1.590988073,Mega,139.1449259,50.0739991,2.778785964790258,0.7988177640878696,0.16940949753302206,0.031772738379108205
26.0,0.494669658,3.307763278,Macro,96.53121865,29.802432936,3.239038197227,0.8724119958875294,0.016598297832337752,0.11098970628013294
82.0,26.3742475,4.160118846,Macro,291.5973834,112.534366346,2.5911851896286504,0.7286662969059733,0.23436616170130029,0.03696754139272647
55.0,16.18407556,3.600790314,Mega,195.6561161,74.78486587399999,2.6162528181791203,0.7354429182592346,0.2164084319849883,0.0481486497557772
57.0,16.7999394,2.953104068,Nano,205.6702954,76.753043468,2.6796370033945087,0.742641560836145,0.21888303891173067,0.03847540025212437
78.0,29.99020666,4.661344669,Mega,278.8648112,112.651551329,2.4754635680566217,0.6924005846328757,0.2662209823672405,0.04137843299988382
54.0,18.3171069,2.118813045,Micro,191.380219,74.435919945,2.5710734701930074,0.7254562050136559,0.2460788677500639,0.02846492723628016
66.0,23.52461444,7.94705706,Macro,232.314771,97.4716715,2.38340809616669,0.6771198132167047,0.24134822023648175,0.08153196654681355
55.0,18.50667095,4.089302485,Nano,196.1839752,77.595973435,2.528275199283863,0.7087996653083033,0.23850040318783455,0.05269993150386206
17.0,2.291168265,2.154703949,Micro,63.86148151,21.445872213999998,2.977798285504603,0.7926933365247927,0.10683493038368061,0.10047173309152686
10.0,5.426771527,2.378168163,Micro,36.35531999,17.804939689999998,2.041867067396958,0.56164189118913,0.30479022234756026,0.1335678864633099
79.0,26.4735364,7.295709647,Macro,281.9516109,112.769246047,2.50025269107934,0.7005456076834491,0.2347584765173153,0.06469591579923566
77.0,22.2599302,3.354030175,Mega,283.2511074,102.613960375,2.760356450183448,0.7503852274934671,0.21692886736513894,0.03268590514139388
23.0,5.723865238,4.001562789,Nano,84.59617419,32.725428027,2.5850288075744716,0.7028173926716537,0.17490574098152498,0.12227686634682135
86.0,29.45326416,4.046313063,Nano,300.7171818,119.499577223,2.51647067536337,0.7196678180669549,0.2464717017788005,0.033860480154244504
82.0,23.14053461,2.043226707,Macro,288.6613241,107.183761317,2.693144190436397,0.76504126177735,0.21589589995410777,0.019062838268542194
50.0,15.08427868,0.47441555,Macro,181.0543356,65.55869423,2.7617135717317045,0.7626753489717881,0.23008815012513406,0.007236500903077855
50.0,11.10971142,3.949362396,Nano,172.9829063,65.059073816,2.658859036161967,0.7685323055998299,0.1707634426432272,0.060704251756942974
74.0,21.09890403,3.621742881,Micro,261.8497595,98.720646911,2.652431560097721,0.7495899015604456,0.21372331614704038,0.03668678229251398
52.0,13.56066299,2.669573352,Nano,187.7740441,68.230236342,2.7520649812612956,0.7621254562178723,0.19874858592058783,0.0391259578615399
92.0,26.46927388,7.070945085,Micro,328.2393781,125.54021896500001,2.6146153066015563,0.7328328782479593,0.21084298002841226,0.05632414172362838
33.0,18.79512475,3.740227729,Micro,114.2879723,55.535352479,2.0579318793955,0.5942160898767779,0.3384353193239773,0.06734859079924486
42.0,11.85387899,0.425868638,Micro,148.8945677,54.279747627999996,2.7430961676614967,0.7737692571425012,0.21838493191308103,0.007845810944417829
36.0,15.82644174,1.740744439,Nano,127.5466597,53.567186179,2.381059540327363,0.6720532207852485,0.2954503095815859,0.032496469633165576
34.0,19.68456771,5.02955855,Macro,118.8855532,58.71412625999999,2.0248202736347767,0.5790769984286231,0.33526118779034697,0.08566181378102995
35.0,16.74802358,1.727566449,Micro,130.552388,53.475590029,2.4413454424570347,0.6545042323239327,0.313190066176315,0.03230570149975222
75.0,29.3906457,5.909569393,Mega,267.0443358,110.30021509299999,2.421068132775994,0.679962409291437,0.26646045681070685,0.0535771338978562
44.0,23.13440248,3.02294212,Mega,155.9413351,70.1573446,2.2227371344952527,0.6271617070296016,0.32975025796515106,0.043088035005247334
92.0,30.42745318,7.71672421,Nano,330.6437143,130.14417739,2.5405955220660217,0.7069083061957182,0.23379803684047087,0.05929365696381078
20.0,6.460315841,1.391487958,Micro,72.99721493,27.851803799,2.620915164303323,0.7180863452986872,0.23195322958694523,0.04996042511436765
55.0,19.80180903,1.585076725,Micro,195.4231006,76.386885755,2.5583331309878456,0.7200188809425302,0.2592304796076053,0.02075063944986456
15.0,0.109105522,0.981484257,Nano,54.63471073,16.090589779,3.3954448830274915,0.9322218890681472,0.006780703721773753,0.060997407210079124
68.0,19.16538374,0.917988194,Nano,240.3937428,88.083371934,2.7291614469541954,0.7719958773938823,0.21758231229340802,0.01042181031270964
44.0,11.07570616,3.220120781,Mega,150.1901212,58.295826940999994,2.576344295656091,0.7547710069287034,0.1899914066097646,0.0552375864615321
69.0,19.9094031,0.248115763,Micro,242.2535054,89.15751886299999,2.717140500199969,0.7739111729435387,0.2233059348656047,0.002782892190856682
72.0,20.22131618,6.062822259,Macro,252.7059463,98.284138439,2.5711773060598357,0.7325698850652973,0.20574343430349493,0.06168668063120772
56.0,22.46814636,3.369146029,Nano,201.6903809,81.837292389,2.4645290064253134,0.6842846135941704,0.27454655089517616,0.04116883551065354
61.0,23.13228707,6.415854366,Micro,223.4387605,90.54814143600001,2.467623928625061,0.6736747881580228,0.2554694851064397,0.0708557267355373
42.0,15.83243453,2.941996909,Nano,147.4752162,60.774431439,2.4265996852314875,0.6910800974280753,0.2605114380360958,0.04840846453582896
22.0,0.561491671,0.18288451,Micro,79.33707888,22.744376181,3.4882064141322076,0.9672720774983563,0.024687055232099707,0.008040867269544042
57.0,17.94192007,3.090308169,Mega,204.0461368,78.03222823899999,2.6148956835506474,0.7304674143793292,0.22992961337778056,0.03960297224289033
13.0,6.34576237,3.579855416,Micro,44.85165197,22.925617786,1.9563988368239125,0.5670512402914925,0.2767978786541216,0.1561508810543859
11.0,1.60638787,1.58496215,Micro,37.74595149,14.191350020000002,2.6597858157824508,0.7751200544343982,0.1131948593851961,0.11168508618040553
34.0,2.690565148,3.009390089,Macro,119.7507053,39.699955237,3.0163939627920144,0.8564241394487092,0.06777249827960556,0.07580336227168528
60.0,21.44859053,1.782911981,Micro,215.9530217,83.231502511,2.5946067917187885,0.7208808947317791,0.2576979855333661,0.02142111973485481
17.0,0.103555123,0.469527665,Nano,61.35564753,17.573082788,3.491456124698705,0.9673886025056835,0.0058928262188984795,0.02671857127541804
27.0,16.23737165,3.19229395,Micro,93.61885458,46.4296656,2.016358579588822,0.5815247568787142,0.3497197630042806,0.06875548011700519
51.0,24.16107957,4.792641558,Nano,180.7850909,79.953721128,2.261121663250375,0.6378689982215183,0.302188306299339,0.059942695479142674
53.0,10.67865124,3.724557377,Micro,189.5649218,67.403208617,2.812402045682276,0.7863127154844775,0.15842941989124684,0.055257864624275704
26.0,10.85572363,1.338036432,Micro,88.00755256,38.193760062,2.3042390279757,0.6807394704735578,0.284227675211288,0.035032854315154176
48.0,20.80062547,5.617721908,Mega,174.8805455,74.41834737799999,2.3499654542409156,0.6450022298424495,0.27950937104724266,0.07548839911030791
97.0,23.10529962,5.386107526,Macro,347.9625409,125.491407146,2.7727997383531706,0.7729612903865812,0.1841185794746782,0.04292013013874058
17.0,0.961220384,0.748200591,Micro,58.93771666,18.709420975,3.1501625164538263,0.9086331438431915,0.051376276437651754,0.039990579719156705
45.0,23.88271762,3.316917257,Nano,159.4196877,72.199634877,2.2080400818035844,0.6232718500122949,0.3307872354297474,0.04594091455795771
33.0,11.29236649,0.945960767,Nano,116.3442123,45.238327257,2.571806239409468,0.7294699428766723,0.24961945267887115,0.020910604444456457
87.0,28.27700983,7.015215591,Nano,310.222468,122.292225421,2.5367309077256244,0.7114107188784576,0.23122491828613234,0.05736436283541004
82.0,23.77536877,3.16266164,Macro,294.9045217,108.93803041,2.70708512527806,0.7527215215052464,0.21824672871832584,0.02903174977642778
63.0,11.20427955,1.845740304,Mega,222.1350124,76.050019854,2.9209066983342327,0.8284021505970244,0.14732776627159144,0.024270083131384214
51.0,19.50772328,3.276653643,Mega,182.8887706,73.784376923,2.4786923496129716,0.6912032347067544,0.2643882633902011,0.044408501903044524
33.0,11.50253176,2.911123858,Micro,114.1544096,47.41365561799999,2.4076272565801218,0.6960020181922435,0.24259955512970846,0.06139842667804818
56.0,25.18369481,2.279885311,Mega,197.3528053,83.46358012099999,2.364537981882528,0.6709513289367038,0.3017327410768905,0.02731592998640572
68.0,20.64660662,2.092461411,Nano,242.036584,90.739068031,2.6673911166611375,0.7494015695286682,0.22753822656572045,0.023060203905611348
26.0,10.95649923,2.940480542,Mega,92.1327262,39.896979772,2.309265681926616,0.651678401437469,0.27461976552143313,0.07370183304109779
59.0,24.00006894,2.348452517,Nano,210.7318961,85.348521457,2.4690749470823605,0.6912832113878525,0.28120075814191614,0.027516030470231278
71.0,29.26880589,4.327218673,Micro,254.9614999,104.596024563,2.437583081816195,0.6788020892441803,0.279827135039639,0.0413707757161807
83.0,28.11017133,7.3581693,Mega,297.6267313,118.46834063,2.5122891881261933,0.7006091210412525,0.23728002925096767,0.06211084970777986
47.0,19.3125584,0.574250311,Nano,169.2336892,66.886808711,2.530150450609977,0.7026796599472165,0.2887349355153779,0.008585404537405602
46.0,22.09302415,3.789152807,Macro,167.4078395,71.882176957,2.3289199991834355,0.63993610025914,0.30735051559743487,0.052713384143425086
99.0,33.28287172,5.603827495,Macro,357.5177712,137.886699215,2.592837258672354,0.71798078105876,0.24137840639802138,0.04064081254321873
83.0,27.45744568,4.852580235,Macro,292.5457334,115.31002591500001,2.5370364031974817,0.7197986414570999,0.23811845901621828,0.04208289952668162
21.0,5.029562187,2.128344445,Nano,77.38948106,28.157906632,2.7484103158453856,0.74579407746649,0.17861989006257176,0.07558603247093827
34.0,9.510894674,0.979738318,Macro,118.3424007,44.490632992,2.6599396938515016,0.7642058049862686,0.21377296824952305,0.022021226764208316
79.0,31.53703373,7.015332854,Micro,279.9347651,117.552366584,2.3813622237878604,0.6720409150040256,0.26828072157496224,0.05967836342101218
37.0,18.61053827,0.070855842,Macro,131.0154512,55.681394112,2.3529484720958993,0.6644948566764793,0.33423262055123737,0.0012725227722832774
50.0,15.52955419,0.660165772,Nano,179.1407715,66.189719962,2.7064742319932162,0.7554043139736105,0.23462184458425916,0.00997384144213038
48.0,10.35936844,3.609029513,Nano,173.3467031,61.968397953,2.7973403997223714,0.7745883641595133,0.1671717969513602,0.05823983888912655
92.0,27.96234205,7.395202068,Mega,327.7550615,127.357544118,2.5735033112473227,0.7223757386116024,0.21955779882259804,0.058066462565799455
66.0,22.00610289,4.981503424,Mega,229.2947351,92.98760631399999,2.4658634003946602,0.7097720074343198,0.23665630036426494,0.05357169220141541
19.0,7.299359067,1.577311553,Micro,71.39785046,27.876670620000002,2.561204364511733,0.6815735013337112,0.2618447219361664,0.056581776730122296
47.0,15.59829684,5.327113425,Nano,167.969747,67.92541026500001,2.4728558332543473,0.6919354600382551,0.22963861063401406,0.07842592932773064
16.0,17.69455302,0.342647794,Macro,52.85138346,34.037200814,1.5527535225006355,0.4700739078819597,0.5198592303959957,0.010066861722044544
87.0,36.18933987,4.810689752,Micro,303.0409934,128.000029622,2.367507213044542,0.6796873427054807,0.28272915230466444,0.037583504989854806
21.0,6.824104508,3.386305653,Mega,72.11552438,31.210410161,2.3106240516542247,0.6728524198070696,0.21864834434400626,0.10849923584892422
67.0,18.24098393,0.564129081,Mega,234.5960181,85.805113011,2.7340563967315723,0.7808392489549051,0.21258621182238346,0.006574539222711356
66.0,26.54429241,3.947790349,Macro,241.7866341,96.492082759,2.505766558111195,0.6839939413976849,0.27509295738073564,0.040913101221579574
13.0,7.036145373,0.595659907,Macro,46.84120407,20.631805280000002,2.2703395768962005,0.6300951285441755,0.34103391717353393,0.02887095428229051
39.0,11.06056355,3.690414895,Micro,140.3898571,53.750978445,2.6118567728706954,0.7255681873755331,0.20577418067501002,0.06865763194945687
79.0,25.95737332,5.781871261,Mega,282.9717437,110.73924458100001,2.5552977607050664,0.713387564624532,0.23440085236461522,0.052211583010852686
64.0,19.5644649,5.795215035,Macro,224.426733,89.359679935,2.511498845600694,0.7162066834455252,0.21894063311586548,0.06485268343860927
98.0,30.10192414,6.11314931,Nano,348.5304411,134.21507345,2.596805501357046,0.730171339782551,0.2242812477483318,0.045547412469117116
78.0,23.73785644,7.551389095,Nano,272.0791246,109.289245535,2.4895324628521327,0.7137024289825518,0.217202125641886,0.06909544537556223
87.0,31.331044,7.012678356,Macro,307.9893433,125.34372235599999,2.4571581050166333,0.6940914021438064,0.2499610144895321,0.05594758336666165
29.0,10.60776751,0.392276142,Mega,106.8076207,40.000043652,2.670187603524268,0.7249992088083634,0.2651938983438987,0.009806892847737834
81.0,27.47028369,1.607618125,Micro,289.2494128,110.077901815,2.627679198374626,0.7358425139328224,0.24955311862836307,0.014604367438814448
85.0,27.43790643,4.189125909,Mega,297.8056278,116.627032339,2.5534871446815854,0.7288190250175478,0.23526197897453305,0.03591899600791917
82.0,30.62242105,6.78586305,Mega,295.0049381,119.4082841,2.470556714917236,0.6867195238424836,0.25645139515073223,0.05682908100678418
40.0,14.40248296,2.874709242,Micro,147.0288967,57.277192202,2.566971093510866,0.6983582550438512,0.25145232170611004,0.050189423250038806
42.0,15.02521022,4.47224007,Macro,151.7553952,61.497450289999996,2.4676697080021337,0.6829551437001536,0.24432249059345515,0.0727223657063913
32.0,19.08301386,6.39743477,Macro,115.089794,57.48044863,2.0022424449194838,0.5567110341462901,0.33199138689464336,0.11129757895906667
23.0,5.088639493,0.254285318,Micro,86.21102774,28.342924811,3.0417124666873185,0.8114899980637711,0.17953826314442603,0.008971738791802844
97.0,22.64746328,3.287167403,Macro,345.8470022,122.934630683,2.8132593743401992,0.7890372262159782,0.1842236248173136,0.026739148966708256
51.0,12.89827532,1.831454795,Nano,184.0478213,65.729730115,2.8000696332997568,0.7759046007152467,0.19623198357019453,0.027863415714558804
44.0,10.55719558,7.345437512,Micro,159.798753,61.902633092,2.581453243879082,0.7107936739073276,0.1705451780106,0.11866114808207229
31.0,11.9454269,1.410199557,Mega,112.7721079,44.355626457,2.542453278375529,0.698896678419198,0.2693102962164302,0.03179302536437176
42.0,7.977288188,0.983442017,Micro,147.2296322,50.960730205000004,2.889080113407688,0.824164014743242,0.15653794904252197,0.01929803621423599
35.0,1.530848403,1.171052492,Mega,129.5969547,37.701900895,3.4374116854459995,0.9283351547041405,0.04060401111507404,0.03106083418078541
68.0,19.98811488,1.958181971,Mega,236.339815,89.946296851,2.627565817317719,0.7560066659847597,0.22222276602572302,0.021770567989517285
85.0,29.10767609,2.656169932,Nano,299.4151065,116.763846022,2.56427924139794,0.7279650584992273,0.24928671914862835,0.022748222352144336
15.0,4.405612027,3.454121714,Macro,49.60035259,22.859733741,2.1697694799060345,0.6561756217263721,0.19272368072679383,0.1511006975468341
97.0,30.20004802,6.142585504,Nano,342.2541364,133.342633524,2.566726990122019,0.7274492593739061,0.22648456252789076,0.046066178098203014
46.0,10.58168047,1.401502174,Nano,164.5996041,57.983182644,2.838747315934588,0.7933334788196557,0.18249568215267628,0.02417083902766805
12.0,6.217926868,4.111669155,Nano,46.54240929,22.329596023,2.0843372733685035,0.5374033631257692,0.2784612342111067,0.18413540266312414
44.0,14.69294557,3.043872289,Macro,156.5260994,61.736817859,2.5353768598421795,0.7127027521970939,0.23799324421866133,0.04930400358424473
13.0,0.426664164,1.40326962,Nano,49.21733538,14.829933784,3.318783218917709,0.876605397525489,0.028770469930238497,0.09462413254427247
25.0,1.717079137,3.631544285,Micro,89.94940175,30.348623422,2.9638708978409496,0.8237605921155972,0.05657848506417834,0.11966092282022452
54.0,24.93457064,2.991638586,Micro,193.0599147,81.926209226,2.3565097973400526,0.6591297279608859,0.3043540141252721,0.036516257913842026
33.0,12.81782842,0.208065654,Micro,113.5914336,46.025894074,2.467989723727447,0.7169877014652428,0.2784916768676262,0.004520621667130985
21.0,16.69215422,1.982434619,Macro,72.2164468,39.674588839,1.8202191607594291,0.5293060524261076,0.4207265836512378,0.04996736392265451
32.0,18.32416851,2.612609807,Nano,111.1952799,52.936778317,2.1005297911053837,0.6044946635848368,0.3461519399663847,0.04935339644877846
63.0,10.24669396,0.39228441,Macro,230.1453002,73.63897837,3.1253190266115856,0.8555251769444122,0.13914769306705144,0.00532712998853626
43.0,7.883957008,2.098133635,Nano,154.2254148,52.98209064300001,2.9108971150117546,0.8115950027291187,0.14880418859125613,0.03960080867962513
30.0,14.83026662,1.166411428,Macro,102.2442104,45.99667804800001,2.2228607529722617,0.6522210140630892,0.3224203844574128,0.025358601479497866
59.0,19.37961097,2.883499957,Mega,211.2301828,81.263110927,2.599336653377097,0.7260366890580977,0.23847980650665745,0.03548350443524487
45.0,17.0231992,1.057001575,Mega,165.6313591,63.080200775,2.6257265681634157,0.7133775645469163,0.2698659641354003,0.016756471317683434
43.0,23.11923457,2.99421459,Mega,153.5565567,69.11344916,2.221804273499812,0.6221654471397242,0.334511370087726,0.04332318277254967
65.0,12.40162472,4.215878847,Macro,226.9380765,81.617503567,2.780507447323551,0.796397796541784,0.15194810154686336,0.05165410191135257
34.0,6.795985626,5.336991084,Macro,123.3034472,46.13297671,2.6727832451633704,0.736999916864892,0.14731296592285298,0.115687117212255
26.0,13.93983343,0.613425435,Micro,94.67529265,40.553258865000004,2.334591480432432,0.6411321981928221,0.34374138651606484,0.015126415291113004
94.0,34.02585643,6.345909164,Macro,335.9806629,134.371765594,2.5003813964546304,0.6995517219295755,0.2532217708056917,0.047226507264732695
19.0,7.064362055,0.782885709,Macro,68.7327865,26.847247764,2.560142741788421,0.7077075522608121,0.26313170411727427,0.029160743621913707
31.0,6.168740958,1.04364922,Nano,112.7196391,38.212390178,2.9498191182213986,0.8112551938153195,0.16143300456383192,0.027311801620848612
29.0,12.09106028,2.49021882,Nano,104.502706,43.5812791,2.3978806533009718,0.6654233331118544,0.27743702180599833,0.0571396450821472
15.0,4.456312327,2.629690582,Mega,54.33401088,22.086002908999998,2.460110645818081,0.6791631813961019,0.20177088381999908,0.11906593478389911
69.0,20.72249672,1.677068517,Mega,245.5180273,91.39956523699999,2.6862056363547167,0.7549270045331431,0.22672423732286207,0.018348758143994934
33.0,14.21518214,2.005887022,Micro,122.2048994,49.221069162,2.4827762070301693,0.6704445994740175,0.2888027907970456,0.040752609728936955
50.0,19.1665659,4.879307621,Mega,179.192714,74.04587352099999,2.4200229598099012,0.6752570754104158,0.25884718470590007,0.06589573988368426
98.0,27.03638314,3.360608235,Mega,350.2026445,128.396991375,2.727498835834774,0.7632577597848718,0.21056866559308038,0.026173574622047877
44.0,16.25344066,2.968598136,Mega,153.8725969,63.22203879599999,2.433844270611143,0.6959598399218951,0.2570850445434914,0.046955115534613553
73.0,14.83530271,1.586404834,Mega,260.0628572,89.42170754400001,2.90827433676589,0.8163565872870443,0.16590269988638137,0.017740712826574113
98.0,30.95609029,8.511028129,Micro,345.5940721,137.467118419,2.5140126313452553,0.7128977542200008,0.22518905354257726,0.061913192237421984
32.0,4.716507688,1.760942074,Mega,113.6728427,38.477449762,2.954271746259606,0.8316559490801526,0.12257848992523364,0.04576556099461382
25.0,10.68280618,0.114819597,Nano,88.57345956,35.797625777,2.4742830742956285,0.6983703376234107,0.29842219834768235,0.003207464028906958
45.0,12.6218375,0.618199397,Macro,157.508248,58.240036896999996,2.7044668305852912,0.7726643456559691,0.2167209736202994,0.010614680723731548
92.0,30.28793619,5.38930619,Micro,326.9481964,127.67724238,2.5607398022187766,0.7205669411795765,0.23722266885946194,0.0422103899609615
86.0,27.46516556,4.518231362,Micro,305.516268,117.983396922,2.5894852663208185,0.7289161207729546,0.2327883946090948,0.03829548461795051
44.0,17.68086233,2.147842325,Nano,159.3518594,63.828704654999996,2.4965548065139567,0.6893450249041405,0.27700487461819384,0.03365010047766573
65.0,19.77140766,5.607599419,Micro,229.7239327,90.37900707899999,2.541784205475936,0.7191935616551277,0.2187610629835519,0.06204537536132053
35.0,13.06947725,3.546487794,Macro,123.9146763,51.615965044,2.400704436977377,0.6780847741617205,0.2532061008422284,0.0687091249960511
91.0,28.6116327,5.507701839,Macro,319.3790102,125.11933453900001,2.5525951794480553,0.727305658516231,0.22867475123184647,0.04401959025192254
90.0,30.18568336,3.43784591,Micro,320.2239615,123.62352927,2.5903156412936146,0.7280167499783595,0.24417425661803382,0.02780899340360662
13.0,1.939453608,0.658229751,Nano,49.15396788,15.597683359000001,3.151363362664862,0.8334571039037592,0.1243424144061059,0.042200481690134815
60.0,23.24355676,3.593966804,Micro,212.4125063,86.83752356400001,2.4460912469878315,0.6909455444774341,0.26766719968550573,0.04138725583706006
84.0,23.87481826,4.140342969,Mega,301.0446617,112.015161229,2.687534958634345,0.7498984876544814,0.2131391679309476,0.03696234441457101
14.0,0.199780147,2.12760286,Mega,43.29659298,16.327383007,2.651777872880029,0.8574552329664719,0.012235895177711498,0.13030887185581655
22.0,13.49482792,3.186230229,Nano,76.22402052,38.681058149,1.9705774393860673,0.5687538307575681,0.34887432158700843,0.08237184765542335
88.0,35.39746031,4.222176063,Mega,312.2336385,127.619636373,2.446595581791346,0.6895490576606738,0.27736687954933636,0.033084062789989814
90.0,40.24815246,2.29177786,Macro,322.5673315,132.53993032,2.4337369932306756,0.6790406467145939,0.3036681275056219,0.017291225779784307
57.0,23.21993797,3.253903065,Mega,201.139224,83.473841035,2.4096078664412213,0.6828486540603815,0.27817023491543946,0.03898111102417895
21.0,1.434561884,0.076376517,Mega,70.07728116,22.510938401,3.1130324250226264,0.932879812734378,0.06372732484294269,0.00339286242267924
31.0,16.33744378,3.886172961,Mega,109.1824297,51.223616741,2.1314861512425978,0.6051895975394339,0.31894358148520413,0.07586682097536195
35.0,4.435772821,0.372863616,Macro,126.6539569,39.808636437,3.1815698359937272,0.879206200779823,0.11142739912782308,0.00936640009235391
20.0,4.73382989,3.521101635,Macro,72.85903042,28.254931525,2.578630578365912,0.7078410359021389,0.1675399526561054,0.12461901144175574
13.0,1.939074125,0.715073864,Macro,46.2468557,15.654147989,2.9542876260335063,0.8304508178365861,0.12386966868861636,0.04567951347479752
35.0,14.77655678,3.728001083,Nano,121.3174042,53.504557863,2.267421861715721,0.6541498780275604,0.2761737947229806,0.06967632724945895
64.0,22.87767837,3.198423532,Macro,227.8855712,90.076101902,2.52992265859742,0.7105103201471796,0.25398166535770167,0.035508014495118645
60.0,18.70522915,2.412966303,Macro,219.7053032,81.11819545300001,2.708458958844783,0.7396614244798392,0.23059227397184687,0.029746301548313855
29.0,14.64521424,3.724788505,Macro,101.1209009,47.370002745,2.1347032940730304,0.6122017800191284,0.3091664216030858,0.07863179837778579
62.0,24.37251496,4.798782837,Nano,223.269712,91.17129779700001,2.448903518924644,0.6800385811996208,0.2673266208655634,0.052634797934815666
89.0,36.77792785,3.933795213,Micro,322.3245283,129.711723063,2.484929817356982,0.6861369034221632,0.2835358823514914,0.03032721422634549
90.0,25.15940757,2.74330655,Nano,322.591039,117.90271412,2.7360781421169884,0.7633412061099718,0.21339125021662392,0.023267543673404282
99.0,30.02345521,4.263135192,Nano,352.4450349,133.286590402,2.644264766898197,0.7427603909846469,0.2252548821261579,0.03198472688919523
100.0,28.59728685,6.150342746,Mega,350.2514353,134.747629596,2.5993142614094435,0.742128082696666,0.21222849660317078,0.04564342070016327
53.0,18.97956401,2.374604112,Mega,187.4514522,74.354168122,2.5210617902742247,0.7128046932491777,0.2552589113613431,0.03193639538947917
35.0,11.70660872,1.951565452,Macro,121.7893093,48.658174171999995,2.502956828373614,0.7193036030550547,0.24058873805290634,0.040107658892039044
68.0,27.81491888,2.873346769,Nano,243.2864343,98.68826564899999,2.4652012344130725,0.6890383527647803,0.2818462630494292,0.02911538418579064
72.0,20.74214379,4.946222913,Micro,256.7731583,97.688366703,2.62849269535504,0.737037606728549,0.21232972246390328,0.050632670807547665
47.0,19.69648546,3.041314013,Macro,167.5101119,69.73779947300001,2.401998817941681,0.6739530119271504,0.282436291492475,0.04361069658037444
12.0,14.72147021,0.316274429,Macro,47.47793366,27.037744639,1.7559872058084496,0.44382400086325485,0.5444784839326183,0.011697515204126787
18.0,10.38645507,4.847890485,Mega,59.11681259,33.234345555,1.7787867220724036,0.5416083783028476,0.31252172704322717,0.14586989465392527
11.0,7.68827301,3.023129063,Nano,33.69268793,21.711402073,1.5518430277655704,0.5066462296177292,0.35411223025347727,0.1392415401287935
48.0,12.10869182,0.745238723,Macro,172.7311883,60.853930543000004,2.838455737513067,0.7887740294126558,0.1989796174536972,0.01224635313364692
92.0,35.20135777,3.687555874,Micro,330.0532934,130.888913644,2.5216290991435675,0.7028861149403948,0.268940713082415,0.02817317197719013
74.0,25.56191025,5.459718097,Micro,261.9668123,105.02162834699999,2.4944082130819796,0.7046167648010369,0.24339662841201978,0.051986606786943425
89.0,30.57969119,5.915506812,Nano,315.2058902,125.49519800200001,2.511696823610546,0.709190482320938,0.24367220162091502,0.0471373160581469
33.0,6.308065519,2.636176178,Macro,117.1749685,41.944241697,2.7935889113565917,0.7867587698542247,0.15039169296631186,0.06284953717946339
98.0,31.93407082,4.645249764,Micro,349.0851437,134.579320584,2.593898841108449,0.7281950865462397,0.23728809657697597,0.034516816876784484
96.0,31.12311841,2.603734722,Macro,341.7670022,129.726853132,2.634512392374494,0.7400164089567318,0.2399126908469099,0.020070900196358276
79.0,18.67936578,1.179350528,Nano,281.2714753,98.858716308,2.8451864014062513,0.7991202288513536,0.18895011464445247,0.011929656504193984
10.0,5.217558811,1.075065424,Nano,31.19940869,16.292624234999998,1.914940665173943,0.6137746661165786,0.3202405417165138,0.0659847921669078
21.0,2.438852131,2.350370592,Macro,65.5342542,25.789222723,2.5411488707472203,0.8142936382984216,0.09456865595351661,0.09113770574806167
50.0,19.34885503,2.369900004,Macro,177.9553686,71.718755034,2.481294725705096,0.6971677070564917,0.26978793790867134,0.033044355034837006
71.0,24.92095681,2.421698753,Mega,252.2763168,98.34265556300001,2.56527867135322,0.7219654542938,0.25340943527841997,0.024625110427779914
75.0,24.90444884,2.148412803,Nano,269.5301133,102.052861643,2.641083346029695,0.7349132478260534,0.24403479176429585,0.02105196040965073
78.0,34.09508164,6.181578337,Micro,274.5504178,118.276659977,2.321256094426313,0.6594707697627565,0.2882655094135234,0.05226372082372013
22.0,14.04193665,4.643545687,Macro,76.21534065,40.685482336999996,1.8732809904698762,0.5407334197926631,0.3451338375121105,0.11413274269522641
88.0,25.78800886,5.001771868,Macro,309.2933349,118.78978072800001,2.603703222655215,0.7408044653394791,0.21708945586025055,0.042106078800270307
88.0,37.28722266,11.96433309,Micro,311.7737736,137.25155575,2.271550015563303,0.6411584882891209,0.27167067401347106,0.08717083769740804
61.0,27.20162635,6.320749317,Nano,216.9079196,94.52237566699999,2.294778543909659,0.6453498398612145,0.2877797575235589,0.06687040261522673
47.0,23.26848576,1.478256831,Nano,172.097695,71.746742591,2.3986830451810386,0.6550820051570639,0.3243141767793487,0.02060381806358738
72.0,30.36493938,5.110394334,Mega,259.695649,107.475333714,2.416327914748046,0.6699211578314095,0.2825293798184745,0.04754946235011604
95.0,33.70899235,4.448986898,Nano,337.7959528,133.157979248,2.5368059406404186,0.713438282380865,0.25315037476814445,0.033411342850990455
38.0,8.430632401,1.893366838,Micro,138.6744703,48.323999238999995,2.869681162234653,0.7863587575204664,0.1744605689463723,0.039180673533161424
66.0,20.82213126,4.347559873,Mega,236.3223315,91.16969113299999,2.5921150830186397,0.7239247953984841,0.2283887441235739,0.047686460477942186
12.0,2.290614127,0.323279826,Mega,36.83150956,14.613893953,2.5203077070666082,0.8211363814869199,0.1567422163023,0.02212140221078009
47.0,20.93650521,4.774722284,Micro,166.7833803,72.71122749400001,2.2937775368152415,0.6463926084025792,0.28794047262821465,0.06566691896920597
38.0,21.97177734,3.883806758,Nano,138.0010516,63.855584098,2.161143047226817,0.5950928260507476,0.3440854492267994,0.060821724722452945
60.0,20.1149829,3.835213717,Nano,219.9291633,83.950196617,2.619757572497026,0.7147094636803976,0.23960614400665617,0.045684392312946236
72.0,18.55239266,4.52416234,Macro,254.800892,95.076555,2.67995503202656,0.7572844851183343,0.19513109893390645,0.047584415947759154
69.0,15.62012582,0.969789938,Nano,242.7292333,85.589915758,2.8359559785793147,0.8061697384431722,0.18249960502549042,0.011330656531337394
92.0,32.31705024,4.646319634,Nano,328.3261337,128.963369874,2.5458867430401497,0.7133808622548092,0.2505909257145999,0.03602821203059097
85.0,27.90078747,2.420804146,Macro,306.3800054,115.32159161599999,2.656744509910945,0.7370692583140424,0.2419389732575368,0.020991768428420928
62.0,13.4829249,2.810263336,Macro,215.1240314,78.293188236,2.7476723869201662,0.7918952005519654,0.17221070189859014,0.035894097549444434
32.0,8.072375614,3.938810437,Nano,108.5335779,44.011186051,2.466045286174103,0.727087880860982,0.18341645245928526,0.08949566667973276
57.0,16.9661789,4.938305555,Nano,202.8825806,78.904484455,2.571242712012217,0.7223924013153861,0.2150217318722357,0.06258586681237825
37.0,13.52767982,1.309440016,Micro,134.6971202,51.837119836,2.598468445510646,0.7137742242828878,0.2609651126991291,0.025260663017983034
100.0,27.77989541,5.280720518,Mega,359.0388426,133.060615928,2.6983103910647634,0.7515371795220809,0.20877624243849804,0.03968657803942102
30.0,4.328535678,0.477257281,Micro,102.350794,34.805792959,2.9406252608744072,0.8619254856609342,0.12436250721536103,0.01371200712370473
25.0,5.488755498,0.394929989,Macro,91.87763522,30.883685487,2.974956964209289,0.80948888080483,0.17772346180349508,0.012787657391674952
26.0,2.881749041,1.83033633,Nano,96.04950486,30.712085371,3.1274172267929123,0.8465722755691021,0.09383110935609414,0.0595966150748038
73.0,32.16939905,6.718189775,Nano,264.1399011,111.88758882500001,2.3607614023493992,0.6524405500790359,0.2875153481081372,0.060044101812826774
25.0,4.590911983,1.016804919,Mega,91.08533492,30.607716901999996,2.9758944520964326,0.8167874814069006,0.1499919774382132,0.033220541154886304
95.0,31.35729304,9.619583514,Nano,336.4166364,135.976876554,2.474072393230772,0.6986481996611608,0.23060754030150996,0.0707442600373293
20.0,3.594371591,0.189194993,Micro,71.9003296,23.783566584,3.023109647834306,0.8409167703827343,0.15112836749295852,0.007954862124307202
29.0,7.615687099,1.294083271,Macro,107.6954038,37.90977037,2.8408350340529904,0.7649742986296016,0.20088982403931138,0.0341358773310871
66.0,25.37570136,5.073874121,Micro,237.5702299,96.449575481,2.4631547491549086,0.6842953913571306,0.2630981135318617,0.05260649511100776
69.0,22.44665475,6.654602404,Mega,243.8144022,98.101257154,2.4853341259150077,0.7033549008621097,0.22881108154162688,0.06783401759626344
43.0,18.67268931,1.532240466,Micro,154.4853773,63.20492977599999,2.4441982270607756,0.6803266794598646,0.2954309003455351,0.02424242019460036
63.0,20.17822304,0.653839725,Macro,227.5510354,83.832062765,2.7143676046464034,0.7515024433623096,0.2406981574169786,0.0077993992207117556
42.0,22.00041826,2.830148305,Micro,149.1916962,66.830566565,2.2323871226633227,0.6284549444773961,0.3291969437158998,0.042348111806704086
40.0,9.383684038,1.622313049,Nano,144.2954967,51.005997087,2.82899080384367,0.7842215089290918,0.18397217138985483,0.031806319681053394
32.0,12.08256585,0.365613326,Macro,112.2756132,44.448179176000004,2.5259890344534908,0.7199395024324988,0.2718348889424032,0.008225608625097844
40.0,13.80214449,4.654436607,Nano,144.4035676,58.456581097000004,2.4702704963258757,0.6842685502531519,0.23610933501392073,0.07962211473292724
90.0,32.32893729,6.664554157,Macro,325.0674667,128.993491447,2.520029987974716,0.697709620775546,0.25062456196313676,0.05166581726131732
47.0,19.08549213,2.485246038,Nano,162.5063727,68.570738168,2.3699084630218703,0.6854235677738927,0.2783328959247904,0.03624353630131683
58.0,13.94936767,4.793888364,Macro,210.0603464,76.743256034,2.7371831383716083,0.7557667343994883,0.18176669053265,0.06246657506786181
31.0,10.42479883,3.18139857,Mega,113.4496403,44.6061974,2.5433604950149817,0.6949706948120173,0.23370740923098726,0.07132189595699542
16.0,2.081858668,2.995109293,Micro,53.80315203,21.076967960999998,2.55269885732878,0.7591224710122337,0.09877410602189986,0.14210342296586653
18.0,6.175359183,1.206347827,Macro,64.05534799,25.38170701,2.5236816406699196,0.7091721606000841,0.24329960079387114,0.047528238606044805
86.0,28.64511969,4.707488062,Nano,311.6702409,119.352607752,2.6113400182056545,0.7205540089974187,0.2400041375679116,0.039441853434669646
31.0,15.76397898,0.890836345,Micro,112.4151112,47.654815324999994,2.3589454797661626,0.6505113867000387,0.3307950911674213,0.01869352213254013
26.0,6.436900014,1.163715191,Mega,94.18913988,33.600615205000004,2.8031968850970324,0.7737953558698836,0.1915708975781534,0.03463374655196287
39.0,16.49526491,0.747077391,Nano,138.1380326,56.242342301,2.4561216149339478,0.6934277344154383,0.29328908141343024,0.013283184171131451
27.0,0.815585276,3.082830489,Micro,95.10306677,30.898415765,3.077926955650828,0.8738312088668343,0.026395698802261877,0.09977309233090385
47.0,14.90938897,0.172817665,Macro,164.122387,62.082206635,2.6436300495071796,0.7570607191256452,0.2401555901138758,0.0027836907604790392
83.0,23.661,3.981732914,Nano,299.3380264,110.642732914,2.70544678820134,0.7501622367237978,0.21385046606170818,0.035987297214494035
98.0,28.55292026,5.105355549,Nano,347.1633989,131.658275809,2.6368520836748517,0.744351233508261,0.21687144301830633,0.03877732347343261
61.0,15.32217522,4.379749933,Macro,222.6967685,80.701925153,2.759497596591368,0.7558679657808931,0.18986133467016078,0.05427069954894611
86.0,38.57577862,13.98166208,Macro,306.8075983,138.5574407,2.2142989705207508,0.6206812103740019,0.278410011220711,0.10090877840528704
95.0,28.92082619,3.084052767,Micro,334.560397,127.004878957,2.6342326353720003,0.7480027600527387,0.22771429276974245,0.0242829471775188
30.0,14.79008358,4.56781832,Macro,106.3487777,49.3579019,2.154645428719084,0.6078054140303722,0.299649762462857,0.09254482350677065
77.0,21.79509063,5.432038429,Mega,267.7114601,104.227129059,2.568539136758302,0.7387711884149902,0.20911149358879896,0.05211731799621074
77.0,30.67023291,2.807285171,Nano,272.0442444,110.477518081,2.4624398622038415,0.6969743830011195,0.27761515141490756,0.025410465583972953
46.0,18.90404688,3.609313091,Nano,161.5873361,68.513359971,2.358479224612483,0.6714018991255232,0.2759176733997809,0.05268042747469592
74.0,23.05922246,7.068861538,Mega,264.4598828,104.128083998,2.539755584142694,0.710663225123986,0.22145055949020345,0.06788621538581055
69.0,24.57404491,8.260131069,Macro,246.9671859,101.834175979,2.425189613661027,0.6775721346655666,0.2413143198121189,0.08111354552231448
100.0,34.77145023,6.553819539,Micro,356.5332518,141.325269769,2.5227848663070898,0.7075875401720636,0.24603844936461033,0.046374010463326176
92.0,29.34050811,4.968613722,Mega,329.6953424,126.309121832,2.6102259094043734,0.7283717807995408,0.23229128414830508,0.03933693505215407
10.0,1.203624003,1.044443974,Mega,34.15884466,12.248067977,2.788916972386591,0.8164552988094508,0.09827051950235922,0.08527418168819002
79.0,27.41497388,2.039587033,Mega,277.9778975,108.45456091300001,2.5630816736512174,0.7284156547678263,0.25277843226889946,0.01880591296327422
78.0,22.76786206,1.967175424,Macro,274.9018024,102.735037484,2.6758329887484913,0.75923464779139,0.22161730425752632,0.019148047951083567
96.0,36.33920355,2.480408288,Mega,345.2487017,134.81961183800001,2.5608195795345616,0.7120625752531771,0.26953944648398326,0.018397978262839624
44.0,14.63163885,0.635238342,Nano,156.8632685,59.266877192,2.6467274122074684,0.7424045619521731,0.24687716888810562,0.010718269159721242
48.0,18.08395137,3.041877866,Micro,174.7281375,69.12582923599999,2.527682335693464,0.694385883402931,0.2616091780723561,0.044004938524713176
13.0,5.654204913,3.614718008,Micro,47.46271526,22.268922921,2.1313431021507463,0.5837731823006475,0.25390563041861275,0.1623211872807398
27.0,5.345458831,1.836594068,Micro,96.09869452,34.182052899,2.811378673011514,0.7898881930754337,0.15638203026584113,0.05372977665872519
15.0,3.636114603,0.732190448,Micro,51.80370956,19.368305051,2.674664067072061,0.7744611601532752,0.1877353022593097,0.03780353758741509
35.0,6.790018809,1.234108294,Macro,121.9275005,43.024127103000005,2.8339331605288556,0.8134970389105118,0.157818862721948,0.028684098367540097
90.0,33.54395616,7.805689746,Nano,323.0028062,131.349645906,2.4591067906734674,0.6851940816377095,0.25537911372829764,0.05942680463399284
86.0,23.39740195,3.27863247,Macro,307.6293178,112.67603442000001,2.730210726562416,0.7632501484693269,0.20765198269923277,0.029097868831440186
47.0,18.77736976,0.041229108,Mega,168.8951696,65.818598868,2.5660705713095067,0.7140838730745253,0.2852897217951759,0.0006264051302988914
87.0,28.08387256,3.530834327,Mega,308.8262499,118.614706887,2.60360842264027,0.7334672258043161,0.23676551834971446,0.029767255845969422
96.0,31.77594405,7.021627245,Micro,337.2644209,134.79757129499998,2.502006658279533,0.7121790035067265,0.23573083509390097,0.05209016139937272
15.0,1.446983796,2.921059933,Micro,56.04128018,19.368043729,2.893492030694289,0.7744716095172959,0.07470985796223778,0.15081853252046631
29.0,8.031844855,3.237071791,Mega,99.40704503,40.268916646,2.4685800689369755,0.7201584352252653,0.19945520078444473,0.0803863639902899
26.0,3.497184714,1.675119633,Macro,94.28663392,31.172304347,3.024692460025788,0.8340737248865665,0.11218884157778237,0.05373743353565109
90.0,25.80246922,3.378647937,Micro,320.8831438,119.181117157,2.6923991942221295,0.7551531832130836,0.2164979640693401,0.02834885271757631
32.0,8.060818299,3.624347691,Nano,113.419828,43.685165989999994,2.5963007219879404,0.7325140988894295,0.18452072039385653,0.08296518071671405
43.0,9.48733807,1.971801126,Mega,151.8101792,54.459139196,2.7875978475096863,0.7895828071252057,0.1742102098943356,0.03620698298045864
99.0,31.39714703,4.282725886,Macro,357.1114724,134.679872916,2.6515578361343635,0.7350764286935912,0.23312426979777773,0.03179930150863107
100.0,28.65671877,3.518439608,Macro,358.4207386,132.175158378,2.7117103016814514,0.7565718189950328,0.21680865846248,0.0266195225424873
21.0,5.935557327,0.186156177,Macro,70.99640577,27.121713504,2.6176961776227454,0.7742873619287679,0.21884890591903805,0.006863732152194038
84.0,23.41186612,3.38645132,Nano,304.1323083,110.79831744,2.744918111817854,0.7581342563752203,0.21130163941955252,0.030564104205227177
36.0,10.79687452,3.619462671,Micro,125.54135,50.416337191000004,2.4900926365275664,0.7140542531603523,0.2141542825512399,0.07179146428840774
76.0,28.58653295,8.637168807,Nano,267.2726389,113.22370175699999,2.3605714594424665,0.6712375485047356,0.2524783460211559,0.07628410547410858
96.0,36.36399032,4.408971244,Micro,338.293953,136.772961564,2.4733978787298723,0.7018931147080473,0.26587119196789666,0.03223569332405598
46.0,19.57509597,4.310967846,Macro,162.3787166,69.886063816,2.323477782745354,0.658214205926827,0.2801001358659779,0.06168565820719508
87.0,35.64589864,5.481844244,Macro,307.4999275,128.12774288399999,2.399948056358052,0.6790098540857397,0.2782059360264536,0.042784209887806804
30.0,8.321674582,0.139613948,Micro,104.4279501,38.46128853,2.7151443462052938,0.7800050686445372,0.2163649451190137,0.0036299862364491614
88.0,23.2144694,1.176796593,Macro,320.1736388,112.391265993,2.8487412787034643,0.7829789906048469,0.20655047520726255,0.010470534187890486
27.0,13.22766271,5.247674761,Nano,98.78179678,45.475337471,2.172205909257825,0.5937284141589521,0.2908755260680669,0.11539605977298102
33.0,13.46389184,1.837696108,Nano,116.7920584,48.301587948000005,2.417975544111194,0.6832073520134945,0.2787463603576514,0.038046287628854085
34.0,13.8062023,1.953826728,Micro,120.067237,49.760029028000005,2.4129253809807483,0.6832793441673471,0.27745567214663885,0.03926498368601393
21.0,9.677597999,2.621158928,Nano,72.67845873,33.298756927,2.1826177742710064,0.6306541726478786,0.2906294075846719,0.07871641976744953
83.0,33.00440576,4.937946143,Micro,295.4563939,120.942351903,2.4429522764446188,0.6862773767337426,0.27289369886299786,0.04082892440325954
52.0,25.43144364,4.58797385,Micro,185.7341703,82.01941749,2.2645146232920412,0.6339962120108932,0.31006613334093314,0.05593765464817373
19.0,7.055647466,2.038211676,Mega,69.14162383,28.093859142,2.461093845474368,0.6763043803973238,0.2511455414628988,0.07255007813977742
29.0,13.02837169,4.531267811,Macro,103.9195235,46.559639501,2.2319658101684405,0.6228570562574296,0.2798211461607253,0.09732179758184507
84.0,24.59918411,4.602429717,Macro,298.5811724,113.20161382699999,2.637605262909995,0.7420388911448977,0.21730418214349512,0.04065692671160721
20.0,11.84257032,3.544378981,Nano,69.63577196,35.386949301,1.9678376728008073,0.5651801128681873,0.3346592615053522,0.10016062562646053
63.0,28.35259165,4.69537646,Mega,229.1419119,96.04796811,2.385702856697319,0.6559222567607943,0.29519199841405164,0.04888574482515412
18.0,8.769271983,4.472197966,Mega,63.57169598,31.241469949,2.0348497072569676,0.576157268828388,0.2806933219632546,0.14314940920835736
90.0,24.509163,5.201518953,Nano,324.3931698,119.710681953,2.7098097221379214,0.7518126079620463,0.20473664171107656,0.04345075032687714
18.0,15.43683719,1.949948939,Mega,68.53864475,35.386786129,1.9368428797163797,0.5086644470730483,0.43623168076711216,0.05510387215983956
47.0,18.40910552,9.195497391,Nano,167.7398014,74.604602911,2.2483840789301723,0.6299879386271773,0.2467556263513828,0.12325643502143993
99.0,28.18236541,4.826003841,Mega,353.0032234,132.008369251,2.674097297034263,0.7499524504523037,0.2134892323108257,0.03655831723687051
36.0,5.402287105,6.949626356,Macro,126.9402208,48.351913460999995,2.6253401719538627,0.7445413722672447,0.11172850707050948,0.14373012066224586
68.0,19.53554781,2.056270378,Micro,245.0828176,89.59181818799999,2.7355490998711156,0.7589978792182608,0.2180505787817197,0.02295154200001958
66.0,24.70953165,3.145122616,Macro,238.7796641,93.854654266,2.5441430259095936,0.7032149925452266,0.26327444113713316,0.03351056631764036
31.0,13.19716034,2.334421349,Nano,109.6832077,46.531581689,2.357177721425467,0.6662141899063869,0.2836172737089612,0.05016853638465193
36.0,0.066122663,0.947359723,Micro,129.7243214,37.013482386,3.504785635870539,0.9726185616519201,0.00178644803832374,0.025594990309756153
61.0,28.09411494,4.630805282,Mega,215.5914833,93.724920222,2.3002578480658373,0.6508407780504198,0.2997507479702873,0.04940847397929301
43.0,22.95583839,3.316618583,Micro,153.5383231,69.27245697299999,2.2164411341703087,0.620737330231551,0.3313847868705941,0.047877882897855106
23.0,2.8227398,2.647984558,Nano,82.07620152,28.470724358000002,2.8828280056365116,0.8078473772142443,0.09914534539079393,0.09300727739496174
100.0,34.4882046,9.18719983,Mega,360.4000528,143.67540443000001,2.5084324921847725,0.6960133531325532,0.24004250927167547,0.06394413759577124
41.0,19.71084564,2.568993237,Mega,144.5375994,63.279838877,2.2841018871894496,0.647915682587208,0.31148697578565104,0.040597341627140876
95.0,35.2543515,7.879232437,Micro,337.4651734,138.133583937,2.443034950529563,0.6877400650324661,0.25521926308723597,0.05704067188029786
60.0,11.36731934,0.820350637,Micro,213.482651,72.187669977,2.957328461605958,0.8311668740536554,0.15746898803662435,0.01136413790972025
43.0,18.7292892,2.593969187,Macro,156.5390038,64.323258387,2.4336298832715415,0.6684984728430748,0.29117444715433244,0.040327080002592844
24.0,14.37081327,0.126918813,Micro,87.31981905,38.497732083,2.2681808596345623,0.6234133467461588,0.3732898665047837,0.0032967867490574948
97.0,35.15147481,10.61089545,Mega,345.5068264,142.76237025999998,2.420153334318842,0.6794507531875719,0.24622367046709756,0.07432557634533071
21.0,2.535155143,0.809429431,Macro,75.1029808,24.344584574000002,3.08499742814301,0.862614842991734,0.10413630741136341,0.033248849596902545
28.0,11.13920205,3.30620113,Micro,103.420816,42.44540318,2.436561046703197,0.6596709632197209,0.2624360052079496,0.07789303157232962
51.0,12.40537883,2.253725276,Mega,182.6411494,65.659104106,2.781657652610433,0.7767392000607508,0.18893615742872102,0.034324642510528136
49.0,17.4557372,3.492273273,Macro,170.7516549,69.948010473,2.4411223956957335,0.700520281687126,0.24955301919184583,0.04992669912102819
93.0,31.41990627,6.764271255,Micro,334.0413917,131.184177525,2.5463542784063358,0.7089269586820166,0.23950987735553894,0.05156316396244449
65.0,27.45177105,4.551897382,Macro,235.7711887,97.00366843200001,2.430538891065513,0.670077751189021,0.28299724632830575,0.04692500248267311
47.0,4.139878602,1.573396939,Macro,164.2736798,52.713275540999994,3.116362588248365,0.8916160021860859,0.07853578741810557,0.029848210395808615
36.0,6.743957107,1.708179361,Micro,129.0150235,44.452136468,2.902335719968707,0.8098598371287624,0.15171277789662166,0.03842738497461593
42.0,17.86317794,4.313004614,Macro,152.6021862,64.176182554,2.3778632527978023,0.6544484001468892,0.2783459101041001,0.06720568974901074
46.0,15.49217812,1.251590075,Macro,164.1988926,62.743768195,2.6169753160136926,0.7331405384681008,0.2469118219334898,0.019947639598409363
10.0,1.179966599,0.939788674,Mega,34.20517016,12.119755273,2.8222657462565417,0.8250991686505154,0.09735894598702759,0.07754188536245701
96.0,29.50164045,4.919930365,Macro,344.0900697,130.421570815,2.638291101309337,0.7360745572998334,0.22620215556096468,0.03772328713920191
73.0,28.055282,3.205905832,Micro,261.0790365,104.261187832,2.504086534297753,0.7001646683483759,0.2690865372184953,0.03074879443312882
92.0,31.49086179,2.679171631,Micro,328.5020583,126.170033421,2.603645647012434,0.7291747295732057,0.2495906590190266,0.021234611407767712
100.0,30.35892668,5.196090554,Macro,352.3043995,135.555017234,2.5989772026795537,0.7377078476363318,0.2239601845765201,0.038331967787148154
54.0,26.53273409,4.434096476,Nano,193.2610151,84.966830566,2.2745465943899124,0.6355421243829287,0.31227167017122137,0.052186205445849954
71.0,19.47415695,4.433751454,Nano,252.0522656,94.90790840400001,2.655756193963041,0.7480936119440139,0.2051900339759172,0.04671635408006878
31.0,10.97590334,0.973358699,Micro,103.1601824,42.949262039000004,2.4019081470206767,0.7217819009753998,0.2555551089570142,0.022662990067585872
69.0,26.58051398,5.179786502,Mega,247.6436233,100.760300482,2.457749948296745,0.6847935116303695,0.2637994711493381,0.05140701722029229
92.0,27.35483097,6.16496891,Mega,325.1388659,125.51979988,2.5903392628958994,0.7329520927212619,0.2179323978858466,0.04911550939289149
10.0,5.134350235,0.689810674,Micro,36.81113686,15.824160909,2.326261535868461,0.6319450400881916,0.32446271650838915,0.043592243403419245
90.0,34.3769832,5.298158719,Mega,321.4109157,129.675141919,2.4785854169395503,0.6940420397320052,0.2651007948884541,0.04085716537954075
71.0,35.11346181,4.409213287,Mega,255.7971209,110.52267509699999,2.3144311398136193,0.6424021128486711,0.317703690932044,0.039894196219284986
100.0,31.42083841,2.9241027,Micro,357.5871303,134.34494110999998,2.6617089363060726,0.7443525537602583,0.23388181311771916,0.021765633122022666
15.0,4.953746366,0.903951533,Nano,50.81086695,20.857697899,2.4360726287264938,0.719158944224576,0.23750206710192603,0.0433389886734978
79.0,27.34613781,4.091102903,Nano,284.7784983,110.43724071300001,2.5786455407743416,0.7153384084024891,0.24761699616405733,0.03704459543345346
26.0,1.995924359,0.167337894,Nano,90.95073418,28.163262253,3.229410476774997,0.9231885058780943,0.07086978564734242,0.005941708474563342
87.0,32.39081231,2.967629819,Nano,310.9883193,122.358442129,2.541617185450362,0.7110257247986018,0.2647206988452095,0.02425357635618872
73.0,25.82738523,6.636373592,Macro,261.1560387,105.463758822,2.476263330807077,0.6921809047523918,0.24489346405328713,0.0629256311943211
53.0,13.90281276,0.50415037,Micro,188.0267689,67.40696313000001,2.7894264949657286,0.786268918506016,0.20625187835843092,0.007479203135552977
28.0,8.175976358,0.989815074,Macro,98.66788298,37.165791432,2.654803763846296,0.7533809700038248,0.21998660711851353,0.026632422877661703
54.0,18.49857849,2.407925531,Nano,193.3407786,74.906504021,2.5810946743128875,0.7208986817067464,0.24695557123869954,0.03214574705455402
73.0,30.78177788,4.857009064,Mega,262.5100901,108.63878694399999,2.4163569705110572,0.6719515382441567,0.2833405889911775,0.04470787276466591
55.0,10.70403354,3.313741031,Macro,192.2201481,69.017774571,2.7850818038512553,0.7968961668478657,0.15509096905158162,0.04801286410055263
69.0,20.65784983,3.72670806,Macro,245.8037354,93.38455789,2.6321668266560554,0.7388801913189633,0.22121269615404077,0.039907112526995976
29.0,20.19454619,4.263712907,Macro,107.7477433,53.458259096999996,2.0155490492964194,0.5424793191895664,0.37776288512046385,0.0797577956899699
77.0,34.01181552,4.378510541,Nano,279.7063419,115.390326061,2.4240016598283627,0.6673003069537622,0.29475447969546403,0.037945213350773804
44.0,19.87737672,2.927407367,Mega,151.1013072,66.804784087,2.261833628609898,0.658635464530485,0.29754421021874206,0.04382032525077293
55.0,21.06207556,3.82003968,Micro,193.6095728,79.88211523999999,2.4236911130647223,0.6885145671813586,0.2636644697842631,0.04782096303437846
24.0,7.225799684,1.333769168,Macro,81.65390429,32.559568852,2.507831251118804,0.7371104976571513,0.2219255333768386,0.040963968966010185
18.0,9.088533067,2.109127791,Micro,63.82023463,29.197660858,2.185799572793983,0.6164877415194752,0.31127606801110547,0.07223619046941943
80.0,17.03688921,0.749839536,Nano,285.037501,97.786728746,2.9148894196101187,0.8181069254070168,0.17422496312616348,0.007668111466819801
40.0,18.00291183,3.036473483,Mega,142.3331263,61.039385313000004,2.3318243715944873,0.6553145939279456,0.29493927138492637,0.049746134687127984
59.0,15.50264678,2.655940387,Nano,213.4362695,77.158587167,2.7662024064546986,0.7646588949626821,0.20091926704731494,0.03442183799000302
80.0,21.63872186,4.977302203,Nano,283.9177917,106.616024063,2.66299361840985,0.7503562499453886,0.20295937735601133,0.04668437269860002
35.0,10.02438885,0.033313202,Nano,125.5127538,45.057702052,2.7856004208814014,0.7767817355533877,0.22247891910757223,0.0007393453390400167
21.0,11.11699915,0.298541858,Nano,75.67241818,32.415541008,2.334448718943929,0.6478374059781171,0.3429527567427111,0.009209837279171781
86.0,19.98864888,1.227231469,Nano,302.1601492,107.215880349,2.8182406208523774,0.8021199818539951,0.18643365903385442,0.011446359112150369
95.0,33.30369314,5.275759812,Macro,335.7403031,133.579452952,2.51341277180289,0.7111872215417515,0.24931748411911253,0.039495294339135935
34.0,7.666725668,0.319328304,Nano,125.8416562,41.986053972,2.997225132991119,0.8097926998015625,0.1826017199214017,0.007605580277035709
22.0,9.616684504,4.067506017,Nano,76.62726351,35.684190521,2.1473728951454056,0.616519519675053,0.26949425960330026,0.11398622072164674
89.0,22.98771862,2.588135171,Mega,322.9763253,114.575853791,2.8188864809957885,0.7767779776910639,0.20063318630758217,0.022588836001353883
83.0,30.25054026,5.5311094,Macro,296.709142,118.78164966000001,2.4979375421144487,0.6987611321915361,0.2546735151985933,0.04656535260987046
54.0,18.67618628,7.608255903,Mega,188.9638766,80.284442183,2.3536798844448166,0.6726085220460603,0.23262522317125384,0.09476625478268598
69.0,23.47473707,5.622279813,Micro,243.0745221,98.09701688300001,2.4778992249062393,0.7033853035744815,0.23930123275816065,0.05731346366735774
86.0,30.68348155,2.984064744,Nano,302.816704,119.66754629399999,2.5304831040492632,0.7186576700479398,0.2564060390660691,0.024936290885991183
94.0,22.11973254,2.528224806,Macro,331.4718283,118.647957346,2.7937423931653975,0.7922597413613968,0.18643163384174122,0.021308624796861995
13.0,7.486313376,3.155098432,Macro,49.4566405,23.641411807999997,2.0919495376018284,0.5498825580120786,0.3166610114826862,0.13345643050523526
90.0,27.8735925,5.378532398,Micro,317.4466236,123.252124898,2.5755874299344526,0.7302105344997619,0.2261510097539284,0.043638455746309625
11.0,3.53866401,0.828501974,Nano,41.48489864,15.367165984,2.699580305385735,0.7158118817388314,0.23027434034905264,0.05391377791211603
85.0,31.13707294,7.574485845,Nano,304.7830071,123.711558785,2.463658287821646,0.68708211936544,0.25169089489942925,0.06122698573513088
37.0,20.4962389,0.8425903,Micro,129.7000617,58.3388292,2.2232201687722593,0.6342259607774233,0.35133099482908375,0.014443044393492902
16.0,10.86123463,2.575875195,Macro,51.93438844,29.437109825,1.7642488936156966,0.5435316202955397,0.3689640285533704,0.08750435115108995
86.0,33.99132588,4.794126579,Nano,310.3503959,124.785452459,2.4870719285324543,0.6891828999719057,0.27239814585893596,0.03841895416915828
27.0,2.838152223,0.755762023,Nano,98.34374047,30.593914246,3.214487027689108,0.8825284591862943,0.09276852252964243,0.02470301828406321
35.0,3.862101912,1.207369381,Micro,124.6061627,40.069471293,3.109753103275118,0.8734829502508156,0.09638514777894501,0.030131901970239454
16.0,6.067807963,1.960487823,Nano,60.3119441,24.028295786,2.510038357990438,0.6658815981998333,0.2525276039982572,0.08159079780190949
98.0,33.64967765,5.078640803,Micro,348.7073438,136.728318453,2.550366652244518,0.7167498372598449,0.24610613244371163,0.03714403029644345
66.0,24.66717022,6.205361221,Mega,236.4799492,96.872531441,2.4411455516059015,0.6813076835944681,0.2546353424760401,0.06405697392949168
34.0,18.30838926,4.750979211,Nano,118.2933637,57.059368471,2.073162862994562,0.5958705977841351,0.3208656133182599,0.08326378889760495
66.0,27.96404564,5.055596363,Nano,232.2652984,99.019642003,2.3456487389942597,0.6665344235237731,0.2824090763643921,0.051056500111834685
48.0,15.83879227,4.468691942,Micro,169.2070647,68.307484212,2.4771379981562007,0.7027048434550242,0.23187491755431244,0.0654202389906633
65.0,22.51872325,2.126138663,Micro,227.3957651,89.644861913,2.5366290967204206,0.7250833858507391,0.25119926306378093,0.02371735108548005
54.0,12.49816459,1.463925159,Micro,192.4104277,67.962089749,2.8311434861790894,0.7945606175359633,0.1838990624943798,0.021540319969656913
89.0,30.08565306,4.965533461,Nano,314.483948,124.051186521,2.5351143896294985,0.7174457777953912,0.2425261209001572,0.04002810130445152
24.0,3.745263481,1.877094065,Mega,83.40241283,29.622357546,2.8155224546353534,0.8101988493903921,0.12643367345708562,0.06336747715252225
83.0,17.02920312,4.591346122,Micro,299.6631813,104.62054924200001,2.8642860649378044,0.7933431873695381,0.16277111182631424,0.04388570080414757
64.0,14.19845566,3.631962564,Nano,231.7642637,81.83041822400001,2.8322507538159685,0.7821052536332933,0.1735107307057089,0.0443840156609976
48.0,6.591213206,0.763794602,Macro,168.0750508,55.355007807999996,3.0363115724411394,0.867130218217817,0.11907166970081119,0.01379811208137189
97.0,32.3661171,2.549591051,Nano,351.7904738,131.915708151,2.666782286437911,0.7353180402819578,0.24535453399493157,0.01932742572311069
10.0,3.378004965,2.388981177,Mega,33.74191884,15.766986142,2.140036056105769,0.634236620108523,0.21424544517114094,0.1515179347203361
89.0,39.10625599,8.950138985,Macro,316.1863507,137.056394975,2.3069799169726775,0.6493677293659607,0.28532967029472245,0.06530260033931701
12.0,1.988066733,2.637867593,Mega,43.69948833,16.625934326,2.6283929355874927,0.7217639481008978,0.11957624119151113,0.15865981070759105
35.0,10.33273313,2.29723655,Mega,125.0580855,47.62996968,2.625617575240917,0.7348314566468562,0.21693763820174658,0.04823090515139711
26.0,12.59696072,2.103348433,Micro,91.81486029,40.700309153,2.255876237815564,0.638815786441847,0.3095052834278406,0.05167893013031237
60.0,29.23658685,8.323847071,Nano,210.1216408,97.560433921,2.153758776535854,0.6150034146894556,0.29967667911024726,0.08531990620029706
84.0,28.25824209,4.849899418,Mega,298.1240103,117.10814150799999,2.5457154939106803,0.7172857404987656,0.24130040598475042,0.04141385351648407
36.0,13.68058332,2.503554117,Macro,125.8172447,52.184137437,2.4110247074964986,0.6898648088887449,0.26215980548717643,0.04797538562407876
82.0,22.66547098,2.926556978,Mega,291.8371949,107.59202795799999,2.712442552099888,0.7621382509121384,0.21066124888776866,0.027200500200093087
67.0,22.5334402,1.805945665,Nano,241.3052379,91.339385865,2.6418530802982425,0.7335280324637423,0.24670015006784174,0.01977181746841604
34.0,16.00345822,5.979958691,Micro,117.5767924,55.983416911,2.1002075058569303,0.6073227015430609,0.2858606905941736,0.10681660786276548
73.0,27.55549019,2.927052434,Micro,258.4451317,103.482542624,2.497475662528421,0.7054329952564348,0.2662815339793288,0.02828547076423641
100.0,37.14666656,6.341597116,Nano,355.1093911,143.488263676,2.474832310340347,0.6969211100484318,0.2588829609359416,0.04419592901562654
11.0,0.675873706,3.25992037,Mega,39.78232893,14.935794076,2.6635563350411577,0.7364857833488517,0.04525194325530014,0.21826227339584808
53.0,12.02782682,0.297664101,Macro,184.1005902,65.325490921,2.8182044651243134,0.8113218783781423,0.1841214914794226,0.004556630142435115
13.0,8.222252441,0.500016101,Mega,45.41847675,21.722268542000002,2.090871709010658,0.5984641969997058,0.37851720804861044,0.023018594951683752
50.0,17.54113274,4.515252989,Nano,180.1869834,72.056385729,2.50063865370202,0.6939010261775712,0.24343620017205983,0.06266277365036892
82.0,35.19842223,5.380117436,Mega,290.437967,122.57853966600001,2.3694030602043443,0.6689588587319791,0.28714995566033075,0.04389118560769002
43.0,26.13090993,8.160684173,Micro,157.4749203,77.291594103,2.0374132805457013,0.5563347541091923,0.33808217094316284,0.10558307494764493
22.0,10.88647478,1.949233449,Micro,78.92808435,34.835708229,2.2657235452527424,0.6315358899947802,0.31250906995877403,0.05595504004644591
42.0,15.31567266,0.605210374,Nano,145.500278,57.920883034000006,2.5120521369570663,0.725127066438985,0.2644240187258468,0.010448914835168117
66.0,21.37608291,4.584668421,Micro,236.5744786,91.96075133100001,2.5725592187528226,0.7176974855549203,0.2324478932654622,0.04985462117961738
92.0,31.23012284,7.478934482,Nano,330.3909663,130.709057322,2.527682266777323,0.7038532897789879,0.2389285293601729,0.05721818086083924
71.0,27.63860309,6.434458431,Macro,251.9798305,105.073061521,2.3981392266717103,0.6757202937863371,0.2630417605608277,0.061237945652835135
48.0,16.11600234,1.698185318,Mega,168.0050349,65.814187658,2.552717595984462,0.7293260269264358,0.24487124909519464,0.025802723978369704
12.0,12.10063922,2.98563609,Macro,42.68958063,27.086275309999998,1.5760594670703731,0.44302879826262836,0.44674430432051904,0.1102268974168527
20.0,10.17960343,1.182064453,Nano,69.84162145,31.361667883,2.2269740790112302,0.6377211848111325,0.3245874380143534,0.03769137717451416
11.0,7.633014867,4.595993855,Macro,40.91116356,23.229008722,1.7612100477302495,0.47354582072983564,0.3285983899851411,0.19785578928502326
36.0,4.91886598,0.39581294,Nano,127.4281858,41.31467892,3.08433198880104,0.8713610014907506,0.11905855518143284,0.009580443327816622
50.0,14.21822384,2.842302575,Mega,179.4987637,67.06052641500001,2.676667978852161,0.7455951015143846,0.21202076094678085,0.04238413753883443
39.0,12.28524638,0.224403383,Micro,131.8205648,51.509649763000006,2.5591431004970313,0.757139685077303,0.23850378398077635,0.004356530941920549
58.0,14.92296684,4.218225759,Mega,207.7139558,77.14119259900001,2.6926464162895587,0.751868075225374,0.19345004059729107,0.05468188417733487
77.0,28.06805667,4.932782548,Micro,274.1199892,110.00083921800001,2.4919808898616505,0.6999946595625617,0.25516220484804336,0.04484313558939487
51.0,18.27354261,4.86975182,Nano,177.2435407,74.14329443,2.390553887072536,0.6878572147633661,0.24646251222694693,0.06568027300968693
48.0,15.19533858,0.735757833,Nano,168.7684729,63.931096413,2.6398494999951536,0.7508083341777241,0.23768305930242298,0.01150860651985296
25.0,11.09126345,0.95375194,Mega,88.89038327,37.045015389999996,2.39952345367348,0.6748546258331033,0.29939961782264496,0.025745756344251854
31.0,5.381640531,0.013626625,Micro,102.5835669,36.395267156,2.8185963427689362,0.8517591000809412,0.14786649340786062,0.00037440651119807923
86.0,22.55656827,3.67613635,Mega,303.7166426,112.23270461999999,2.706133151012716,0.7662650587560972,0.20098035012497056,0.032754591118932266
77.0,27.85366422,4.163342937,Macro,275.028505,109.017007157,2.522803663137806,0.7063118132486342,0.25549833871229616,0.03818984803906967
79.0,20.13887118,1.706797882,Micro,279.9790285,100.845669062,2.7763118744134534,0.7833752379730927,0.19969991143217666,0.01692485059473064
32.0,13.33536154,2.344050692,Nano,116.1443174,47.679412232000004,2.4359427258637605,0.6711492130878917,0.27968804386917295,0.049162743042935254
19.0,2.386864323,0.60145585,Micro,63.1760749,21.988320173,2.8731651350781884,0.8640951127922253,0.10855146296854862,0.027353424239225987
98.0,37.59513773,5.830734367,Micro,350.3979263,141.425872097,2.4776083831370825,0.6929425185568916,0.26582927983795324,0.04122820160515513
35.0,1.593057415,2.974800702,Mega,128.4690345,39.567858117,3.2468028499324895,0.8845563461258608,0.04026140131946026,0.07518225255467902
59.0,26.02847298,5.427977765,Micro,215.7912974,90.456450745,2.3855821848275194,0.6522475679078227,0.28774590165355046,0.06000653043862693
80.0,31.97400407,6.8890137,Macro,288.9961214,118.86301777,2.4313375751506463,0.673043655637282,0.2689987573079266,0.05795758705479146
52.0,19.74043808,3.888113029,Micro,183.6277168,75.628551109,2.4280210860491787,0.6875710196411771,0.2610183295928677,0.051410650765955294
20.0,3.31555073,0.424423006,Micro,71.75423315,23.739973736,3.0225068463824694,0.8424609151808541,0.13966109511621744,0.017877989702928455
16.0,8.801618847,1.652085483,Mega,58.15906088,26.45370433,2.198522375334948,0.6048302271926088,0.33271782043085985,0.062451952376531304
97.0,31.55107466,5.170242248,Macro,350.0908826,133.721316908,2.618063377590439,0.7253892067689985,0.23594648474563765,0.03866430848536375
13.0,0.014486494,1.47170989,Micro,45.03232579,14.486196384,3.108636980770066,0.8974060309135735,0.0010000205447994845,0.10159394854162707
41.0,11.93316821,0.379865341,Nano,144.6284015,53.313033551,2.712815082294022,0.7690427137442634,0.22383209911671156,0.007125187139025122
31.0,6.751330815,0.436407096,Micro,109.4019308,38.187737911000006,2.864844496811284,0.8117789032764474,0.17679315885990918,0.011427937863643203
38.0,6.215195866,5.315751143,Mega,138.3211236,49.530947009,2.7926202092373966,0.7671971220961155,0.12548106267523354,0.10732181522865096
40.0,10.13915927,0.323433508,Macro,141.588694,50.462592778,2.8058148859471195,0.7926663652811486,0.2009242631389391,0.006409371579912282
92.0,30.38715716,5.554089658,Mega,328.955878,127.941246818,2.5711479775396353,0.7190800643898099,0.23750868399169645,0.043411251618493664
85.0,32.63667971,6.619127623,Macro,304.419999,124.255807333,2.4499458458643146,0.6840726548273418,0.26265717804669814,0.05327016712596003
29.0,5.147269556,0.515674511,Macro,106.9499394,34.662944067,3.085425727061051,0.8366283009298318,0.14849487527807345,0.014876823792094889
51.0,27.16698915,1.952594516,Micro,185.1461543,80.11958366600001,2.310872645966702,0.6365484899747755,0.33908050824693353,0.02437100177829074
80.0,27.73499051,5.223389145,Nano,285.4256742,112.958379655,2.5268216051943506,0.7082254565295446,0.2455328289473417,0.04624171452311365
23.0,13.72417939,0.403192075,Macro,85.07028547,37.127371465,2.291309136985251,0.6194890479031653,0.36965125319840625,0.010859698898428331
82.0,26.52121969,8.80643288,Macro,295.120769,117.32765257,2.5153556091470004,0.6988974739017912,0.2260440664162859,0.07505845968192287
79.0,18.80024331,3.090105563,Macro,280.469538,100.890348873,2.7799441783381376,0.7830283162113415,0.18634332738471945,0.030628356403939107
88.0,29.88066383,3.144183213,Mega,314.2050324,121.02484704300001,2.596202681325127,0.727123414324446,0.24689693529943837,0.02597965037611553
18.0,9.081157279,2.338192893,Mega,65.65345809,29.419350171999998,2.2316420215320045,0.611842202317969,0.30867973717662306,0.07947806050540797
58.0,9.560125465,1.010489382,Micro,206.4083305,68.570614847,3.0101572074357805,0.8458433707997811,0.13942015083766252,0.01473647836255634
40.0,17.98433334,1.719860401,Nano,144.9588328,59.704193741,2.427950596382546,0.669969687113139,0.30122395451845485,0.028806358368406195
78.0,26.62195735,3.352122062,Mega,282.0505985,107.97407941200001,2.6122065595370425,0.7223956010995287,0.2465587805422983,0.031045618358172843
34.0,9.997653399,3.082762553,Micro,119.1270308,47.080415952,2.5302884095470572,0.7221686408774318,0.2123526990329255,0.06547866008964269
47.0,18.99043686,2.714217977,Micro,168.0814469,68.704654837,2.4464346309397644,0.6840875645399321,0.276406844704399,0.03950559075566876
18.0,8.991212405,0.950586255,Micro,62.63569997,27.94179866,2.241648819110058,0.6441961814637168,0.32178359433501125,0.034020224201271945
65.0,26.21705634,5.481302028,Macro,228.0181448,96.698358368,2.358035323952895,0.6721934177272464,0.2711220415989596,0.05668454067379396
21.0,5.777996595,0.342541946,Mega,66.49664423,27.120538541000002,2.451892469962291,0.7743209069485416,0.21304874113266598,0.012630351918792302
84.0,29.83428924,2.578412201,Micro,296.1422357,116.41270144100001,2.5438996950868806,0.7215707475233935,0.2562803617706659,0.022148890705940574
22.0,5.55931568,2.410001518,Micro,80.30333838,29.969317198000002,2.679518450469036,0.7340841252622254,0.185500244909517,0.08041562982825752
85.0,34.1858967,3.882799492,Macro,301.1306898,123.068696192,2.446850410523605,0.6906711668367002,0.2777789783899753,0.03154985477332455
48.0,21.10276132,1.895651693,Mega,166.6313611,70.998413013,2.34697303824931,0.6760714495295982,0.297228634056032,0.026699916414369727
21.0,9.169823519,0.067278862,Nano,73.88883844,30.237102380999996,2.4436481217336925,0.6945109929976528,0.3032639637044724,0.0022250432978748592
42.0,12.58996505,1.843294988,Macro,145.3078747,56.433260038,2.574862317047699,0.7442419589390867,0.22309476789968183,0.03266327316123144
26.0,6.527093405,4.829395036,Macro,89.66739821,37.356488441,2.4003165702156046,0.6959968959894026,0.1747244903735731,0.1292786136370242
33.0,13.92505939,3.029450851,Micro,113.9643617,49.954510241,2.281362806885536,0.6606010116162716,0.27875479757123217,0.06064419081249621
11.0,6.886104824,3.476852778,Macro,37.11199279,21.362957602,1.737212303717982,0.5149099766490282,0.32233855219350915,0.1627514711574626
44.0,11.41018973,2.206969456,Mega,156.3562456,57.617159186,2.713709731770183,0.7636613922244757,0.1980345766990276,0.03830403107649667
41.0,7.275071751,3.573620196,Nano,143.3844892,51.848691947,2.765440820504563,0.7907624755878203,0.14031350604633605,0.06892401836584369
77.0,34.14759364,6.433184714,Macro,270.3489805,117.580778354,2.299261701483735,0.6548689426785081,0.29041816288366423,0.05471289443782754
40.0,13.81986703,1.308923021,Mega,142.174681,55.128790050999996,2.578955222279925,0.7255736968468879,0.250683300272238,0.023743002880874168
35.0,11.02127115,2.528031813,Nano,123.1258504,48.549302963,2.5360992410917964,0.7209166324524559,0.22701193379438303,0.05207143375316105
43.0,15.50500023,2.07810808,Macro,149.1630186,60.58310831,2.462122244318368,0.7097687985893968,0.25592942756687026,0.03430177384373297
79.0,27.44053749,2.943291647,Mega,276.9901608,109.38382913699999,2.5322770558075645,0.722227413533447,0.2508646635110163,0.026907922955536828
25.0,15.02863648,1.608618992,Nano,88.14692956,41.637255472,2.117020647993396,0.600423820364718,0.36094205320776673,0.03863412642751527
46.0,9.020878057,1.983441738,Micro,162.2787476,57.004319795,2.846779826223519,0.8069563879619309,0.15824902550264697,0.034794586535422056
37.0,10.00031472,0.039404657,Mega,132.621346,47.039719377,2.819348154207846,0.7865693182279292,0.21259299273986826,0.0008376890322025785
45.0,20.19360374,4.269134455,Micro,158.8948494,69.462738195,2.287483239631884,0.6478293423111723,0.290711311772814,0.061459345916013666
27.0,8.827911582,3.775343168,Nano,93.1858473,39.60325475,2.352984568774616,0.6817621473396704,0.22290873913589138,0.09532911352443829
21.0,7.138058437,2.684297188,Nano,73.52872631,30.822355624999997,2.385564789550377,0.6813236553200661,0.231587050770718,0.08708929390921594
36.0,20.90492829,1.336251172,Nano,129.4954835,58.241179462,2.2234351140586113,0.61811935013247,0.35893724136613026,0.022943408501399764
15.0,0.233438486,0.44392485,Micro,48.34134583,15.677363336,3.0835125010462408,0.9567935422888,0.014890162395098296,0.028316295316101612
82.0,31.21632112,5.677709042,Mega,290.9593633,118.894030162,2.447215919113441,0.6896898009788233,0.26255583293346146,0.04775436608771519
63.0,12.93722066,3.647490817,Macro,228.0006715,79.584711477,2.864880292565894,0.7916093283595935,0.16255911996035644,0.04583155168005008
80.0,20.53619813,4.65380506,Nano,288.3128639,105.19000319,2.740877033526022,0.7605285442904643,0.19522956086336818,0.04424189484616746
34.0,13.051953,2.381356122,Macro,123.3031219,49.433309122,2.4943327503261292,0.6877953469813031,0.26403154536525464,0.04817310765344236
39.0,9.448712198,0.656320737,Nano,133.3903142,49.105032935000004,2.7164285660202663,0.7942159422156184,0.1924184066938148,0.013365651090566772
83.0,28.35233604,3.111934148,Macro,302.2268785,114.464270188,2.6403599831075,0.7251171030372883,0.2476959490802952,0.027186947882416528
75.0,26.68858037,7.527451339,Nano,267.6007639,109.21603170899999,2.4501967313096236,0.6867123702116673,0.2443650437795637,0.06892258600876905
96.0,28.69482119,1.184927259,Macro,347.6217435,125.879748449,2.7615382758795266,0.7626326012153913,0.2279542304743774,0.009413168310231184
85.0,31.35910881,3.82809637,Mega,304.4568708,120.18720517999999,2.5331887062689082,0.7072300239671818,0.26091886206218545,0.03185111397063273
23.0,0.841225477,0.663195999,Mega,82.48651058,24.504421476,3.366188859459038,0.938606121451451,0.0343295383579616,0.027064340190587406
88.0,25.32678512,5.133571929,Macro,311.6614353,118.460357049,2.6309344582769087,0.7428645514178185,0.21379966894345775,0.04333577963872376
39.0,9.429549985,0.617180797,Micro,138.2677026,49.046730782000004,2.8191013018699262,0.7951600316307499,0.19225644267529068,0.012583525693959267
17.0,9.739491458,3.319238042,Nano,60.70006263,30.0587295,2.0193821774802556,0.5655594991132277,0.32401540650612,0.11042509438065239
23.0,14.9101453,3.247083339,Mega,80.12635487,41.157228638999996,1.94683552609452,0.5588325735374109,0.36227282042677095,0.07889460603581823
38.0,16.35728777,0.910704373,Nano,131.0122933,55.267992143,2.370491277501447,0.687558902116058,0.2959631268615164,0.016477971022425604
67.0,22.27987654,2.004705935,Nano,241.6568055,91.28458247500001,2.6472904728044546,0.7339684115699298,0.24407053125429765,0.02196105717577255
70.0,21.05815129,5.146705872,Macro,249.8114662,96.204857162,2.596661681845656,0.7276139902388352,0.21888864981671394,0.053497359944450915
62.0,23.88464708,4.74068007,Mega,219.8811188,90.62532715,2.4262656556931392,0.684135461352649,0.2635537749890484,0.052310763658302555
55.0,19.36532701,7.680491394,Macro,193.5565201,82.045818404,2.359127178754103,0.6703571378760063,0.2360306397901185,0.09361222233387523
75.0,22.15841736,2.535527683,Mega,263.5079422,99.693945043,2.6431689716596503,0.7523024589673023,0.2222644248900235,0.025433116142674225
87.0,30.68709234,1.275253398,Nano,310.8153236,118.962345738,2.612720198747028,0.7313238441986244,0.2579563487053674,0.010719807096008258
45.0,15.74523453,0.344629786,Micro,157.924518,61.089864315999996,2.5851181659710796,0.7366197405060219,0.2577389016376679,0.005641357856310352
86.0,18.58905369,2.780680191,Micro,304.9511132,107.369733881,2.840196228277732,0.8009705984306108,0.1731312262597448,0.025898175309644365
80.0,25.32034737,6.524476741,Mega,288.3030984,111.84482411100001,2.577706216551198,0.7152767294855261,0.22638819070313804,0.0583350798113358
36.0,11.66355563,0.421868807,Micro,130.1610471,48.085424437,2.706871128288217,0.7486676143862692,0.24255906579926773,0.008773319814463094
41.0,14.35188944,3.039988379,Micro,147.3946664,58.391877819,2.5242323402731808,0.7021524487890181,0.24578571500110366,0.05206183620987823
89.0,32.18271929,3.791252056,Macro,316.5400344,124.973971346,2.5328476881288724,0.7121482900915159,0.257515376549087,0.030336333359397123
32.0,9.634628021,4.311247152,Macro,117.1260827,45.945875173,2.54921866781262,0.696471661047056,0.20969516816738687,0.09383317078555717
95.0,22.10773802,0.785405303,Micro,344.8519006,117.893143323,2.9251226227396905,0.8058144631848684,0.18752352678755793,0.00666201002757362
80.0,24.53154648,5.517524789,Nano,286.0021775,110.04907126900001,2.598860437458,0.7269484337986902,0.22291461615369715,0.05013695004761249
56.0,22.82931149,6.750361981,Micro,196.5688926,85.57967347099999,2.2969109909797734,0.6543609916784325,0.26676090903450417,0.07887809928706337
36.0,1.546544558,0.259152416,Micro,128.3416589,37.805696974,3.394770343429035,0.9522374372507448,0.040907711847333494,0.006854850901921637
92.0,32.50731066,6.995889112,Nano,331.0238396,131.50319977200002,2.5172303044635296,0.699602748522541,0.24719786831317497,0.0531993831642839
54.0,18.12225321,6.685431919,Nano,194.0358153,78.80768512899999,2.4621433173983416,0.6852123610991442,0.2299554057492712,0.08483223315158468
16.0,6.717837678,2.14724259,Micro,57.62621438,24.865080268000003,2.3175559362324596,0.6434726864964568,0.2701715661318612,0.08635574737168186
11.0,6.327931043,1.110666769,Macro,40.16005595,18.438597812,2.1780428403218104,0.5965746480375587,0.34318938498033336,0.06023596698210795
58.0,14.52240349,2.871804552,Mega,209.8950004,75.394208042,2.7839671753442037,0.7692898633233182,0.19261961717152035,0.03809051950516143
12.0,4.55390149,0.028845079,Macro,44.26360954,16.582746569,2.669256830032424,0.7236436949734825,0.2746168417307373,0.001739463295780167
27.0,17.84797223,3.732882382,Mega,95.68459403,48.580854611999996,1.9695947054493534,0.5557744962627872,0.3673869546459431,0.07683854909126975
14.0,7.528707085,0.62760563,Nano,54.68936909,22.156312715000002,2.4683425348557595,0.6318740929541894,0.33979964003229673,0.02832626701351376
63.0,24.27373202,2.836324904,Micro,220.8635879,90.11005692399999,2.451042596569207,0.6991450471852996,0.2693787225156542,0.03147623029904635
57.0,18.0141482,1.533416779,Nano,202.3870613,76.547564979,2.643938593677313,0.7446350516262318,0.2353327399106946,0.020032208463073596
31.0,9.288699517,4.01258944,Nano,112.3453068,44.301288957,2.53593765429817,0.6997539062596897,0.2096710893901046,0.09057500435020582
49.0,16.93806801,0.071734979,Macro,175.9464773,66.009802989,2.6654598155567903,0.742313986426614,0.2565992813646572,0.0010867322087289681
32.0,14.48421832,0.612035667,Micro,112.9942153,47.096253987,2.399218743197492,0.6794595597525225,0.3075450188458319,0.01299542140164567
86.0,30.92426092,4.636847457,Mega,304.5374673,121.561108377,2.5052212123266564,0.7074631117485899,0.25439271929056406,0.038144168960846
17.0,9.465577577,3.693051043,Nano,63.82033234,30.158628619999998,2.116154986492884,0.5636861083506389,0.3138596816276588,0.12245421002170225
34.0,12.55262291,1.431271991,Micro,118.9983017,47.983894901,2.479963369908099,0.7085710751523722,0.2616007503329706,0.029828174514657246
69.0,23.3830835,6.09007978,Macro,246.8754116,98.47316328,2.5070324073781496,0.7006985223355161,0.23745640661011577,0.061845071054368185
40.0,13.50408741,1.5672662,Mega,139.0751487,55.071353609999996,2.525362817207863,0.7263304309399924,0.24521074069891563,0.028458828361092106
80.0,27.5636699,1.277631295,Micro,284.0579455,108.84130119500001,2.6098359940688503,0.7350151010843948,0.2532464202225674,0.011738478693037641
70.0,25.22857993,1.980812384,Mega,251.403637,97.209392314,2.5862072688195696,0.720095027174845,0.2595282135753728,0.020376759249782137
36.0,19.24574054,0.229962294,Mega,123.30723,55.475702834,2.222724971488371,0.6489327428211741,0.34692197767352395,0.004145279505301923
21.0,4.015279347,0.073865848,Macro,73.51436294,25.089145195,2.9301262505607655,0.8370153640860222,0.16004050021601382,0.0029441356979639415
90.0,32.26545634,5.473180079,Micro,317.3858125,127.738636419,2.4846500745391675,0.7045636506153693,0.2525896411964579,0.04284670818817283
18.0,6.770558288,0.753333515,Macro,69.64708343,25.523891803,2.7287015619543524,0.7052216072270113,0.2652635554270846,0.029514837345904103
22.0,16.95506909,3.637021955,Micro,78.03576719,42.592091045,1.8321656738466434,0.5165278214858305,0.3980802227363383,0.0853919557778312
72.0,15.43129391,3.006825317,Macro,258.0288425,90.43811922699999,2.8530982809621097,0.7961244729037295,0.17062820458779557,0.033247322508475195
44.0,16.48492471,1.282186653,Micro,157.0058879,61.767111363,2.541901093241837,0.7123532091603861,0.26688838681672383,0.020758404022890097
89.0,31.37888985,3.74603739,Mega,318.7830508,124.12492724,2.568243606569223,0.7170195542424391,0.2528008720547146,0.030179573702846185
89.0,33.22895595,5.27459422,Macro,321.2773925,127.50355017,2.519752525099435,0.6980197796950488,0.26061200574961213,0.041368214555339074
60.0,23.78188165,1.048029693,Nano,213.2724719,84.829911343,2.514118764519949,0.707297686041388,0.28034783101258576,0.012354482946026105
42.0,9.080773683,3.203523671,Nano,146.9101496,54.284297354,2.70631023630952,0.7737044052741189,0.16728177623415205,0.059013818491728987
82.0,27.29885728,2.750432923,Mega,289.5230097,112.049290203,2.5838897254544886,0.7318207893279858,0.24363257661465404,0.024546634057360232
98.0,32.90246875,4.878579353,Nano,349.5406063,135.781048103,2.5742959800608367,0.7217502101299125,0.2423200381031161,0.035929751766971454
87.0,30.91030003,7.642073563,Micro,310.8008998,125.552373593,2.475468132585972,0.6929379151526496,0.24619446964978256,0.06086761519756783
72.0,29.09432783,4.46136209,Macro,256.1411528,105.55568991999999,2.4265973060677997,0.6821043948892604,0.27563012332211,0.04226548178862967
57.0,22.68934587,4.243392228,Nano,200.7843525,83.932738098,2.392205437949181,0.6791152212078047,0.27032772174676206,0.05055705704543332
45.0,15.75354548,0.714255601,Micro,157.6297256,61.467801081,2.56442759994426,0.732090610183056,0.25628939384443833,0.011619995972505676
15.0,6.092326337,2.210370127,Mega,53.9003205,23.302696464,2.3130507914940157,0.6437023296069313,0.2614429770568375,0.09485469333623124
21.0,17.18990789,0.237534685,Macro,73.14737548,38.427442575,1.9035192190382186,0.5464844546709988,0.4473341637672072,0.006181381561793928
99.0,27.32209399,2.769970013,Macro,351.3896605,129.092064003,2.7220082288856577,0.7668945474270156,0.2116481303557518,0.02145732221723272
33.0,14.23628106,1.756967978,Macro,118.7427187,48.993249037999995,2.4236547081803277,0.6735621876067994,0.29057638224723775,0.03586143014596288
28.0,12.27441919,0.323515501,Nano,95.35275739,40.597934691000006,2.3487095616008853,0.6896902567363163,0.30234097580143815,0.007968767462245285
43.0,8.871398971,3.545252188,Macro,154.0226563,55.416651159,2.779356981678345,0.7759400667612616,0.16008543976333783,0.06397449347540067
13.0,4.450937443,3.332875723,Macro,46.04861925,20.783813166,2.2156001346918575,0.625486762037803,0.21415403455806833,0.16035920340412857
14.0,10.43400455,2.627862541,Micro,49.6229099,27.061867090999996,1.833683896722084,0.5173331150035838,0.3855611482723618,0.09710573672405448
63.0,23.04076574,5.078547759,Micro,225.4093744,91.119313499,2.473782623510149,0.6914011704081967,0.2528636888847156,0.055735140707087696
39.0,13.19598147,0.423432855,Macro,139.1971639,52.619414325,2.6453575298322174,0.7411713053117491,0.2507816105381937,0.008047084150057195
21.0,3.580580052,0.165207857,Macro,74.51676782,24.745787909,3.011290975822935,0.8486292728776818,0.14469452600043295,0.00667620112188524
64.0,20.9722448,2.587763209,Macro,230.6616991,87.560008009,2.634327067173076,0.7309272972362183,0.2395185345100052,0.029554168253776453
57.0,20.73205864,5.623284528,Mega,207.4863233,83.355343168,2.4891784427282366,0.6838193909791522,0.24871901250787495,0.0674615965129728
84.0,26.76644607,3.817537409,Mega,294.202871,114.583983479,2.567574123951792,0.7330867495577584,0.23359674936511116,0.03331650107713044
92.0,33.39604904,4.480487867,Nano,321.7504669,129.876536907,2.4773563767749223,0.7083650533881878,0.25713689196928413,0.03449805464252807
58.0,19.60865788,2.15523984,Macro,210.4584896,79.76389771999999,2.638518121804743,0.7271460103868155,0.24583374735313776,0.027020242260046873
40.0,9.006915909,1.575542558,Macro,139.5806481,50.582458467,2.759467458290158,0.7907879769445371,0.1780640202546919,0.031148002800771023
70.0,21.17876903,1.700145413,Macro,250.4826895,92.878914443,2.6968735692289103,0.7536694460717364,0.22802558747601923,0.018304966452244477
20.0,7.518263983,1.381464824,Nano,68.42501013,28.899728807000002,2.367669627177481,0.6920480165597839,0.2601499838704005,0.04780199956981555
60.0,17.69173462,3.241365169,Nano,216.0789617,80.93309978900001,2.6698466049531975,0.7413530453723567,0.21859702230760922,0.04004993232003389
95.0,26.52648147,7.958528174,Micro,336.3691573,129.485009644,2.5977459338713995,0.7336756606899018,0.2048614086134809,0.06146293069661734
50.0,14.19652687,0.137827823,Mega,174.8740677,64.334354693,2.7182066025918727,0.7771897338303501,0.22066789878821425,0.002142367381435732
100.0,33.56740156,6.740516964,Macro,353.6220534,140.307918524,2.52032855394054,0.7127181491392074,0.23924096311255744,0.048040887748235096
89.0,25.80629941,0.788523459,Macro,316.7094486,115.59482286900001,2.739823815110793,0.7699306750170024,0.2232478822969907,0.006821442686006872
47.0,8.019407584,0.780992605,Micro,163.5669052,55.800400189,2.9312855220748784,0.8422878660512755,0.14371595108346327,0.013996182865261206
47.0,15.70133839,0.377178568,Nano,172.1412058,63.078516958,2.7289989381744335,0.7451031233231804,0.24891736754772673,0.005979509129092863
70.0,25.91833389,4.768469714,Nano,252.1067578,100.686803604,2.5038709024027903,0.6952251684869167,0.2574154006510773,0.04735943086200586
29.0,8.503710547,3.662492615,Macro,101.7461246,41.166203161999995,2.4715936079798726,0.7044613729830089,0.206570193358266,0.0889684336587252
64.0,13.13494165,2.703723754,Micro,223.5338943,79.838665404,2.7998200266609254,0.8016166061412336,0.1645185523021271,0.033864841556639304
77.0,29.75675332,3.156460901,Macro,279.061514,109.913214221,2.538925969710042,0.700552709205445,0.27072953448680676,0.02871775630774818
50.0,18.2630567,4.050816325,Mega,180.4424011,72.31387302499999,2.495266724790392,0.6914302596227179,0.2525526007117083,0.05601713966557389
21.0,17.19214314,1.894452133,Micro,77.19592466,40.086595273,1.9257291404838937,0.5238658922511281,0.4288751145592958,0.04725899318957608
69.0,25.03470033,9.204856494,Macro,239.5680872,103.23955682399999,2.3205067376297364,0.6683484714839423,0.24249135796542096,0.08916017055063681
65.0,26.47185629,6.427113657,Nano,233.8431002,97.89896994700001,2.3886165536429713,0.6639497845093706,0.2703997427585927,0.06565047273203665
30.0,10.3027251,3.030377184,Micro,108.1222192,43.333102284000006,2.4951414392484486,0.6923113836480842,0.23775646231089487,0.06993215404102082
46.0,20.35389675,3.989674716,Macro,165.8408051,70.343571466,2.357582955254949,0.6539332456588977,0.2893497774681215,0.056716976872980884
61.0,23.62333336,0.386922712,Mega,219.3898315,85.010256072,2.5807454492806885,0.7175604782126012,0.27788803906192283,0.004551482725476009
72.0,17.98193992,1.675082402,Micro,248.8023789,91.657022322,2.714493364468389,0.7855371926338282,0.19618725837315226,0.018275548993019575
39.0,14.01695152,3.105424638,Nano,142.3453845,56.122376158,2.5363392330228214,0.6949099925884147,0.24975691479167608,0.05533309261990924
97.0,32.49473058,6.186571761,Macro,347.8776156,135.68130234100002,2.5639318726886864,0.7149105906738386,0.2394930621931448,0.04559634713301649
87.0,38.17605375,6.963602725,Mega,307.416326,132.13965647499998,2.326450167956667,0.6583943255252814,0.2889068639074499,0.052698810567268814
89.0,32.45209007,4.445174089,Micro,324.5892769,125.897264159,2.578207549371883,0.7069256079115336,0.2577664438284785,0.03530794825998789
36.0,7.734769762,1.820901371,Micro,124.7621206,45.555671133,2.738673747901911,0.7902418975432901,0.16978719816064838,0.03997090429606162
60.0,19.08371682,2.884634332,Nano,211.6521752,81.96835115200001,2.582120687135912,0.7319898370132826,0.2328181127446573,0.035192050242059986
19.0,12.66996639,1.461187917,Mega,69.7213785,33.131154306999996,2.1044053537630343,0.5734783588866885,0.38241850170982644,0.0441031394034852
24.0,12.87917212,0.569848093,Nano,84.35561875,37.449020213,2.2525454142780728,0.6408712394475057,0.3439121249834233,0.015216635569071145
56.0,25.10714076,7.154155755,Mega,201.3638581,88.261296515,2.281451395468434,0.6344796894127066,0.284463765561534,0.08105654502575942
66.0,17.00947877,6.048201516,Macro,240.4988996,89.05768028600001,2.7004846614874918,0.7410927366179701,0.19099395712279646,0.06791330625923327
91.0,31.57090079,5.354754236,Nano,331.8671743,127.925655026,2.5942190738249518,0.7113506667720785,0.24679100359957848,0.04185832962834299
65.0,13.28316032,1.042497914,Nano,234.9536246,79.325658234,2.961886857678741,0.8194070045817806,0.16745099398755026,0.013142001430669148
56.0,20.55128397,1.437485088,Micro,200.475809,77.988769058,2.570572807103889,0.7180521077124961,0.2635159423367238,0.01843194995078005
21.0,9.726088372,0.863382785,Nano,75.92780039,31.589471157,2.4035793449228082,0.6647784603809852,0.3078901930222649,0.027331346596749868
52.0,17.23864858,7.172554439,Nano,188.9634803,76.411203019,2.4729813539647236,0.6805284820220663,0.22560367981267787,0.09386783816525583
36.0,10.56614422,2.638889554,Mega,128.4165943,49.205033774,2.609826362274656,0.7316324619417789,0.21473705858084713,0.05363047947737397
79.0,25.06755404,3.429945412,Mega,285.761592,107.497499452,2.658309202137291,0.7349008153931547,0.2331919734671895,0.03190721113965582
74.0,21.60479931,4.666188365,Macro,261.4717905,100.270987675,2.607651490852835,0.7380001106586288,0.21546411191266845,0.04653577742870278
84.0,26.41066438,5.163949549,Nano,298.9711942,115.574613929,2.58682407871736,0.7268032065554035,0.22851613760288783,0.04468065584170869
51.0,18.95737635,2.877555299,Macro,183.4840455,72.834931649,2.5191764630772355,0.700213466881179,0.2602786317059759,0.039507901412845055
20.0,4.218479595,2.092680162,Micro,68.12363535,26.311159757,2.58915365111855,0.7601337297448116,0.1603304314199866,0.07953583883520184
20.0,12.22988349,5.542360445,Micro,75.93383288,37.772243935,2.0103077013552597,0.5294893264593125,0.3237796385897983,0.14673103495088927
45.0,17.45057273,3.797949477,Micro,156.7943081,66.24852220700001,2.366759331024484,0.679260434812313,0.26341074711785983,0.05732881806982704
63.0,20.35692774,1.927395643,Nano,222.5016725,85.284323383,2.608939881023339,0.7387055146943687,0.23869483783766304,0.022599647467968234
82.0,27.1165686,4.626630461,Mega,291.5314175,113.743199061,2.5630668022942884,0.7209222237192726,0.23840166993595371,0.040676106344773706
43.0,13.70486746,2.218968013,Nano,151.2688729,58.923835473000004,2.5671932535571993,0.7297556185001467,0.23258614022639149,0.037658241273461776
10.0,2.563279595,2.194326393,Nano,36.91917963,14.757605988000002,2.5017051993406287,0.6776166817389893,0.17369210135331603,0.14869121690769452
28.0,6.698580072,2.975868625,Mega,97.08322836,37.674448696999995,2.57689844756058,0.7432092829066304,0.1778016747072773,0.0789890423860925
96.0,25.73667837,4.179366017,Nano,346.9400122,125.916044387,2.7553280750599822,0.7624127685026879,0.204395543834739,0.03319168766257315
21.0,4.192298884,1.011604124,Micro,75.3411398,26.203903008,2.875187706846514,0.8014073320905187,0.15998757447392856,0.038605093435552684
41.0,4.510233003,0.651581966,Mega,148.9073606,46.161814969,3.2257691925674683,0.8881799822544582,0.09770484557482954,0.014115172170712315
69.0,31.30100477,4.080001577,Nano,247.9551456,104.381006347,2.375481462362108,0.6610398042208866,0.29987260963880924,0.039087586140304185
64.0,22.1945826,3.116904294,Macro,228.6388175,89.311486894,2.560015799214738,0.7165931530840918,0.2485075926049894,0.03489925431091883
81.0,29.09884013,3.436515796,Nano,288.8354078,113.535355926,2.5440128799019837,0.7134341486787088,0.2562976078479555,0.030268243473335746
91.0,27.36025947,6.603772501,Micro,320.4673397,124.964031971,2.5644766309586573,0.728209538094274,0.21894507594272733,0.05284538596299867
84.0,29.65912031,5.892874671,Nano,300.3318396,119.55199498099999,2.5121441064009913,0.7026231558356667,0.2480855322800228,0.04929131188431055
93.0,37.70803265,6.43094939,Macro,326.2649816,137.13898204,2.3790827140953743,0.6781441616131745,0.2749621740593168,0.04689366432750867
99.0,33.42960304,6.443252612,Macro,353.46916,138.87285565200003,2.545271776406431,0.7128822946370673,0.2407209305450655,0.04639677481786705
70.0,23.21694607,4.202648436,Micro,250.2521525,97.41959450600001,2.568807166248132,0.7185412786304376,0.23831905878616733,0.04313966258339498
90.0,28.38052047,4.338469575,Nano,318.6274849,122.718990045,2.5963991781806715,0.7333828282566356,0.2312642929964882,0.035352878746876266
34.0,3.974176914,2.878866014,Nano,117.6208998,40.853042928,2.8791221257935864,0.8322513468561472,0.09727982615650314,0.07046882698734964
26.0,2.170693374,0.057924027,Macro,91.76813254,28.228617400999997,3.2508900891741552,0.9210511315753973,0.07689690724715066,0.002051961177452072
64.0,14.49372202,0.737132129,Micro,228.6705497,79.23085414900001,2.8861300582468368,0.8077661245408618,0.18293027603543674,0.009303599423701323
97.0,38.2427277,7.11700822,Micro,350.1140371,142.35973592,2.4593613835919794,0.6813724356338354,0.2686344383322737,0.049993126033891
73.0,30.28290663,4.22436639,Nano,260.2546867,107.50727302,2.4208100474428718,0.6790238274057935,0.28168239951883395,0.03929377307537253
54.0,22.93800806,0.049662684,Nano,188.4611145,76.987670744,2.4479389060447403,0.7014110113755905,0.29794391541307497,0.0006450732113345622
18.0,3.398236382,0.905116643,Macro,64.50258019,22.303353025,2.892057535819774,0.8070535394307601,0.1523643722175267,0.04058208835171321
38.0,12.25305035,2.427705252,Micro,137.9207634,52.680755602000005,2.618048314302536,0.7213260243852186,0.2325906340936161,0.04608334152116514
43.0,10.06244907,0.24725853,Nano,154.8917662,53.3097076,2.9055077053170706,0.8066073129239973,0.18875453501830872,0.004638152057693897
38.0,21.82640897,2.802768211,Nano,132.7269458,62.629177181,2.119250990898628,0.6067459562845442,0.3485022469147422,0.04475179680071358
79.0,17.97181312,1.541124943,Micro,281.5342766,98.512938063,2.857840626171925,0.8019251232714094,0.18243099305907257,0.01564388366951796
63.0,28.52795281,3.168882093,Macro,224.4662398,94.696834903,2.370366866325845,0.6652809469770796,0.3012556104881625,0.033463442534757935
28.0,7.273574298,2.962681744,Macro,105.7328925,38.236256042,2.765252235570852,0.7322892693584814,0.19022715743953747,0.07748357320198113
33.0,13.34990619,1.461002855,Nano,116.1267135,47.810909044999995,2.4288748283514257,0.6902190453843943,0.27922301534645505,0.03055793926915075
96.0,34.65952748,2.733309859,Macro,342.4983937,133.392837339,2.5675920876440035,0.7196788217048632,0.259830498933893,0.020490679361243807
47.0,17.98768499,4.832000332,Mega,169.7770916,69.819685322,2.4316507703666734,0.6731625870732824,0.2576305651771841,0.0692068477495336
63.0,19.28371879,0.481806199,Nano,224.1129616,82.765524989,2.70780571536018,0.761186496531896,0.2329921642201015,0.005821339248002532
82.0,29.49738981,6.111231604,Micro,291.3194908,117.608621414,2.4770249603939463,0.6972277968580866,0.2508097574425667,0.051962445699346715
48.0,18.0116912,5.942587756,Macro,164.7008776,71.954278956,2.288965715308113,0.6670902786664289,0.2503213354554514,0.08258838587811976
82.0,28.75451711,1.621090004,Mega,291.3240319,112.37560711399999,2.592413419439549,0.7296957240623821,0.2558786363737269,0.014425639563891096
31.0,9.926309363,2.270709178,Macro,112.4931128,43.197018541,2.604186969367535,0.7176421208462958,0.22979153882063752,0.052566340333066744
18.0,9.714072444,3.383355406,Mega,65.42069676,31.09742785,2.1037333722763183,0.5788260073091543,0.31237543152624436,0.10879856116460128
30.0,5.232195406,2.164882999,Macro,101.293761,37.397078405,2.7086009207194377,0.8022017034354478,0.13990920224667747,0.057889094317874694
20.0,4.307579249,0.047124006,Mega,72.18106625,24.354703255,2.963742382497774,0.8211966202418836,0.17686847603514352,0.0019349037229729122
29.0,7.868453405,1.960643728,Nano,99.31009056,38.829097133,2.557620390189257,0.7468625886578634,0.20264322340662344,0.05049418793551323
15.0,5.13906928,1.55848132,Micro,52.29844801,21.6975506,2.4103387969515784,0.6913222730311319,0.23685020372760418,0.07182752324126393
74.0,16.77799061,2.297885997,Macro,261.2171393,93.075876607,2.806496686600688,0.7950502611160436,0.18026142993895983,0.02468830894499662
23.0,13.31099098,0.731708591,Nano,76.32136362,37.042699571,2.060361812284073,0.620905070806617,0.3593418172583975,0.019753111934985437
81.0,24.00579144,3.774497494,Micro,287.9321491,108.780288934,2.6469147298799363,0.7446201953843397,0.2206814458322038,0.03469835878345655
83.0,34.68510091,10.0302438,Mega,298.6394097,127.71534471,2.3383205078302294,0.6498827544056355,0.2715813122437134,0.07853593335065116
69.0,23.61530268,5.555739478,Macro,246.1376093,98.171042158,2.5072323150431397,0.7028549201805245,0.2405526330462366,0.05659244677323882
10.0,0.858809909,3.621606085,Mega,36.88229796,14.480415994,2.5470468510906237,0.6905878949985641,0.05930837272602184,0.25010373227541405
94.0,30.40243066,5.207841441,Micro,336.1680912,129.610272101,2.5936840170973325,0.7252511585405024,0.23456806445332223,0.04018077700617542
37.0,12.26220119,0.43813494,Macro,136.5561795,49.70033613,2.7475906630251603,0.7444617658765923,0.24672270139030952,0.008815532733098238
11.0,4.205790339,3.05864083,Mega,38.63419974,18.264431168999998,2.1152698040535403,0.6022634867857352,0.2302721776596272,0.16746433555463772
98.0,25.83842228,6.986829858,Micro,353.1339978,130.825252138,2.699280085678714,0.7490908551555893,0.1975033249142493,0.053405819930161476
63.0,23.56384635,7.89715201,Macro,225.1611984,94.46099836,2.383641950743405,0.6669419241145526,0.2494558257810901,0.08360225010435725
24.0,7.225160543,0.00131539,Macro,86.45386027,31.226475933,2.7686076538222477,0.7685785629955415,0.2313793128146261,4.212418983244605e-05
33.0,11.22418965,5.585571387,Mega,115.0606852,49.809761037,2.310002754571135,0.662520745190621,0.22534116639632895,0.11213808841305001
25.0,6.289604837,1.761397829,Nano,89.58970992,33.051002666,2.7106502887478845,0.7564067042879103,0.19029997064113877,0.05329332507095081
43.0,15.69550209,4.621334711,Nano,156.9593326,63.316836801,2.4789509478073146,0.6791242609788882,0.24788828505962432,0.07298745396148743
52.0,15.70165246,3.943078855,Macro,184.8832065,71.644731315,2.5805555147820294,0.7258035454326974,0.21915990431961604,0.055036550247686555
87.0,24.95177785,1.015740835,Nano,303.8782625,112.967518685,2.6899613803799465,0.7701328754736293,0.22087568303218058,0.00899144149419006
68.0,29.19533041,8.045763533,Nano,245.6391876,105.241093943,2.334061519096728,0.646135434859977,0.27741378691685387,0.07645077822316913
90.0,32.32648182,5.609706527,Mega,322.0002384,127.936188347,2.516881599806945,0.7034757027143401,0.2526766057178538,0.04384769156780606
62.0,16.44434995,7.48999682,Nano,217.9190051,85.93434677,2.5358778333796135,0.7214810181305111,0.19135945716807126,0.08715952470141759
46.0,13.9792447,0.891245828,Macro,162.9699605,60.870490528000005,2.677322937376937,0.7557027978744532,0.2296555289556874,0.014641673169859426
96.0,22.75135338,8.688003416,Nano,345.8938959,127.439356796,2.714184256702532,0.7532994705369793,0.17852690057451787,0.0681736288885028
77.0,16.07402028,2.696286698,Nano,274.9318537,95.770306978,2.8707421159583033,0.804007029210924,0.1678392895168694,0.02815368127220665
90.0,30.48464888,5.005497564,Mega,316.4611153,125.490146444,2.5218005099804457,0.7171877836652498,0.24292464184511714,0.03988757448963297
83.0,23.07633733,0.831079356,Micro,291.9624407,106.907416686,2.730983964915446,0.7763727024082999,0.2158534743925016,0.007773823199198429
19.0,5.263205766,1.251405937,Mega,71.44251373,25.514611703,2.8000627468533965,0.7446713366116399,0.20628202487522682,0.04904663851313324
27.0,14.12523976,0.417048422,Mega,95.88047198,41.542288182,2.3080209631193203,0.6499401256308005,0.34002074459924364,0.010039129769955819
42.0,15.64684698,1.920959216,Nano,151.0697358,59.567806196,2.536097020308671,0.705078845136659,0.2626728761592481,0.0322482787040929
62.0,17.0374692,1.778592176,Mega,222.0800056,80.81606137600001,2.7479686812100845,0.7671742342347332,0.210817861077546,0.02200790468772077
64.0,19.21061664,3.087815141,Macro,221.7316739,86.298431781,2.5693592493394277,0.7416125493730077,0.22260678720965504,0.03578066341733724
87.0,27.73488768,3.636000569,Micro,315.3186484,118.370888249,2.6638192300856014,0.7349780109530857,0.23430497219601884,0.03071701685089549
28.0,13.16871546,1.873044843,Mega,99.09562263,43.041760303000004,2.302313426133109,0.6505310145981275,0.3059520653267088,0.043516920075163584
11.0,2.588070098,0.331165434,Mega,37.48139169,13.919235532,2.6927765970933644,0.7902732858217145,0.1859347872984897,0.023791926879795828
60.0,22.4028944,5.276295758,Nano,212.4985828,87.67919015800001,2.4235919882137646,0.6843128898873103,0.255509823478404,0.0601772866342856
28.0,7.949128866,0.926508325,Mega,102.8151161,36.875637191,2.78815835960913,0.7593089132256073,0.21556587144045586,0.025125215333936708
54.0,19.27265847,1.302007252,Micro,194.3564249,74.57466572199999,2.6061990760310394,0.7241064975242613,0.2584343930128331,0.017459109462905707
66.0,32.8621864,8.186191406,Mega,238.0688324,107.048377806,2.22393685247098,0.6165436726151,0.3069844408063332,0.07647188657856681
35.0,15.25354503,0.935726218,Macro,123.6561859,51.189271248,2.4156660738715114,0.6837370243157638,0.29798324254510594,0.01827973313913039
76.0,30.7022579,6.693904146,Micro,267.5219901,113.396162046,2.359180286820269,0.6702166866032911,0.27075217843391736,0.05903113496279149
62.0,23.67422982,3.363063357,Micro,218.9998496,89.037293177,2.4596418173297723,0.6963374310666461,0.2658911673441966,0.03777140158915728
54.0,12.98134935,2.751051575,Macro,194.0955015,69.73240092500001,2.783433510467501,0.7743889394842315,0.18615950659668182,0.03945155391908657
39.0,10.98094871,1.069789208,Nano,135.8889695,51.050737918,2.66184143544156,0.7639458623035686,0.21509872644031305,0.02095541125611825
79.0,24.33346963,4.355745346,Mega,283.1252094,107.689214976,2.6290953041407006,0.7335924959394143,0.22596013570553972,0.04044736835504592
70.0,20.77717376,2.831544226,Macro,245.2427203,93.608717986,2.619870516084604,0.7477935977124386,0.22195767880409822,0.030248723483463177
75.0,25.67494111,2.394660585,Macro,267.1790104,103.06960169499999,2.5922192965354314,0.7276636250321158,0.2491029429411826,0.023233432026701695
53.0,18.85081371,4.566440958,Micro,186.9356462,76.417254668,2.446249175165409,0.6935606392857494,0.24668268693894663,0.05975667377530397
23.0,6.721845062,1.367690472,Nano,82.43756501,31.089535534,2.651617774084949,0.7397987652419845,0.2162092468267622,0.04399198793125335
43.0,23.36300311,3.930571161,Macro,146.2867782,70.293574271,2.081083224421431,0.6117202097907816,0.33236328287888095,0.055916507330337574
24.0,7.16376032,3.215148198,Micro,87.76036175,34.378908518,2.552738453114377,0.6981024422992997,0.20837660730995053,0.09352095039074969
26.0,5.928308617,2.03273826,Micro,85.56280693,33.961046877,2.5194396168024813,0.7655829955468307,0.17456201036649804,0.05985499408667124
49.0,13.50306851,0.392220254,Micro,172.7951702,62.895288764,2.747346798078531,0.779072661290437,0.21469125550352644,0.006236083206036554
33.0,10.15050712,2.311200267,Nano,118.2267883,45.461707387,2.6005795887421406,0.7258856276356334,0.22327597671579288,0.050838395648573884
59.0,21.29972944,6.145551611,Mega,209.5601139,86.445281051,2.4241937946429504,0.6825126748699198,0.24639551379830474,0.07109181133177551
76.0,25.09598285,3.588906021,Mega,272.4213353,104.684888871,2.6022985574899593,0.7259882569455892,0.23972880060010393,0.034282942454306846
100.0,32.14820776,7.565099552,Micro,362.0421229,139.71330731199998,2.591321684852164,0.7157514335888246,0.23010125791531374,0.05414730849586175
96.0,37.91634195,5.817879816,Mega,335.9666885,139.734221766,2.404326472455777,0.6870185326595395,0.27134614177402444,0.04163532556643616
23.0,6.662270909,0.142948635,Nano,83.41535689,29.805219544,2.7986828537484167,0.7716769194082337,0.2235269865791397,0.004796094012626609
68.0,20.85748443,5.305812168,Nano,244.6335186,94.163296598,2.5979710506991314,0.7221497383455487,0.2215033371128067,0.05634692454164454
20.0,5.063964906,0.037356944,Micro,66.38544197,25.101321849999998,2.6446990467954183,0.7967707883877837,0.20174096552608445,0.0014882460861319145
61.0,24.66406819,0.643440065,Micro,223.2473066,86.30750825499999,2.586649888447762,0.7067751257488787,0.2857696704338716,0.007455203817249863
56.0,9.690666538,2.55275792,Nano,196.0786327,68.243424458,2.8732238198374027,0.8205918803864372,0.142001469225274,0.03740665038828875
29.0,16.79919436,4.279003862,Micro,101.9046011,50.078198222,2.034909495909779,0.5790943170806797,0.33545924087620027,0.08544644204312003
31.0,7.985636206,0.789064,Mega,112.9525763,39.774700206000006,2.8398096205628,0.7793899096522582,0.20077175100355296,0.01983833934418869
29.0,9.850775833,1.774849524,Nano,96.69435801,40.625625357,2.3801321742199124,0.713835165493721,0.24247690334452077,0.04368793116175834
82.0,34.76779038,4.248044829,Micro,292.1774167,121.015835209,2.414373426381729,0.6775972735996257,0.2872995118362353,0.03510321456413889
78.0,26.53771888,3.961284729,Macro,280.8588623,108.499003609,2.588584714677534,0.718900611116118,0.24458951692897107,0.03650987195491085
99.0,30.66885609,4.401725907,Nano,351.4211477,134.070581997,2.621165228535097,0.7384170227754754,0.22875156975663946,0.03283140746788504
99.0,34.51295267,4.817666841,Macro,347.6723383,138.330619511,2.513343318558283,0.715676690742555,0.2494961187335356,0.034827190523909285
46.0,15.55341525,1.648887001,Mega,161.7368695,63.202302251,2.559034461397978,0.7278215881648865,0.2460893780139775,0.026089033821136018
37.0,15.55091019,0.381845418,Nano,130.3841296,52.932755607999994,2.4632031357969653,0.6990000723561046,0.2937861445408996,0.007213783102995866
67.0,33.47845174,6.272878542,Macro,233.1382365,106.751330282,2.1839375292479226,0.6276268391504746,0.3136115648541478,0.05876159599537757
82.0,21.68701274,2.537905135,Nano,290.618183,106.224917875,2.735875807802313,0.771946937125368,0.20416125682977845,0.023891806044853577
42.0,9.381876981,3.464095033,Mega,147.4870688,54.845972014,2.689113956488043,0.7657809399253435,0.17105863268509816,0.06316042738955842
22.0,13.32653424,3.470841069,Micro,80.42495159,38.797375309,2.0729482587277874,0.567048668235466,0.3434906133175608,0.08946071844697322
73.0,22.36101534,2.23634963,Nano,262.5974491,97.59736497,2.6906202762822398,0.7479710135866796,0.22911494943406976,0.022914036979250627
41.0,7.125223319,1.156608183,Mega,148.2257628,49.281831502,3.0077161964645036,0.8319495998913129,0.14458113876532444,0.023469261343362642
100.0,44.56040957,8.470339644,Nano,357.0924872,153.030749214,2.333468855338594,0.6534634412601537,0.29118598581574084,0.055350572924105446
29.0,8.712061917,2.585117315,Macro,104.7124537,40.297179232,2.5985057935977767,0.7196533492590245,0.2161953288800361,0.06415132186093954
19.0,10.61709956,1.277720616,Macro,68.24392705,30.894820176,2.2089116124072437,0.6149898232701078,0.3436530622129231,0.04135711451696912
37.0,5.580487693,4.347285454,Macro,134.4459731,46.927773147,2.864955315029579,0.7884456797917617,0.11891652466694447,0.09263779554129371
45.0,9.016529466,2.7795578,Micro,157.4058687,56.796087266,2.7714209953020537,0.7923081001908819,0.15875265181159037,0.04893924799752772
51.0,19.3160696,3.605940065,Macro,184.69981,73.92200966499999,2.4985766869302286,0.6899163081621018,0.2613033613065531,0.048780330531345284
100.0,39.30321723,7.077221972,Micro,355.8951039,146.380439202,2.4313023368434967,0.6831513865182726,0.26850047345303363,0.04834814002869384
56.0,15.38414712,1.618385333,Mega,197.2730126,73.002532453,2.7022762905794666,0.7670966762153566,0.21073443075285803,0.02216889303178541
23.0,3.510261265,1.060978149,Micro,84.48658764,27.571239414,3.064301403770038,0.834202614348964,0.12731604888308268,0.038481336767953254
100.0,30.43535718,5.012795155,Mega,353.8381927,135.448152335,2.612351564788143,0.7382898790134316,0.22470116170152776,0.03700895928504066
16.0,5.768998355,0.167732483,Macro,58.28261531,21.936730838000003,2.656850546255492,0.7293703021730078,0.26298350458887093,0.00764619323812118
95.0,33.7322487,2.828376137,Micro,337.1550219,131.560624837,2.562735030467709,0.7221005533965986,0.25640079424822837,0.021498652355172985
18.0,3.998145083,0.550344488,Mega,62.53463829,22.548489571,2.7733404533857056,0.7982796339117147,0.17731321073239792,0.02440715535588723
94.0,32.16264869,4.178849052,Mega,336.5236729,130.341497742,2.581861331424319,0.7211824447963999,0.24675678312108434,0.032060772082515725
58.0,23.29102567,1.819778353,Macro,202.3545385,83.110804023,2.434756117195071,0.6978635411101202,0.2802406491405674,0.02189580974931245
11.0,10.43493748,3.021098715,Micro,39.05670605,24.456036195000003,1.5970170201982725,0.44978670755520606,0.42668147024305625,0.12353182220173761
88.0,26.89087788,5.091676018,Mega,311.0460958,119.982553898,2.592427696316813,0.7334399639035094,0.22412323297319184,0.04243680312329869
33.0,16.56795456,3.220240342,Nano,117.856095,52.788194902,2.2326221841606246,0.6251397696258358,0.31385719081241564,0.061003039561748566
69.0,20.97212652,3.386159119,Nano,242.4652608,93.358285639,2.5971477425964133,0.7390881219350022,0.2246412985891312,0.03627057947586655
47.0,13.47141759,2.441219796,Macro,167.7045406,62.912637386,2.665673345897901,0.7470677109216048,0.21412895961341155,0.038803329464983556
32.0,13.43185072,1.969664799,Micro,113.3354651,47.401515519,2.3909671211793135,0.6750839007915982,0.28336331809087617,0.041552781117525604
89.0,34.19286493,7.28093696,Micro,317.7146217,130.47380189,2.4350836497265496,0.6821292758452323,0.2620669010536487,0.055803823101118956
83.0,27.92371868,8.566793342,Macro,295.5055495,119.490512022,2.4730461398106063,0.6946158200804968,0.2336898403687384,0.07169433955076471
64.0,26.71359667,7.772853029,Micro,229.952856,98.486449699,2.334867961052462,0.6498355885058351,0.27124134083057766,0.07892307066358717
67.0,15.1421411,2.24962288,Macro,240.107728,84.39176398000001,2.8451559331892042,0.7939163354362201,0.17942676377268918,0.02665690079109068
100.0,23.35453897,4.472029211,Micro,356.2684227,127.826568181,2.787123426450209,0.7823099800223213,0.18270488915051225,0.03498513082716647
46.0,9.84754116,2.944586242,Micro,166.6523608,58.792127402,2.834603341710863,0.7824176812903553,0.16749761566996818,0.05008470303967655
42.0,10.5955477,2.411606792,Mega,149.3632846,55.007154492,2.715342867294158,0.7635370414608212,0.19262126532178592,0.04384169321739291
15.0,4.852190352,5.603537932,Macro,52.00797219,25.455728284000003,2.0430753977952065,0.5892583324527443,0.1906129063708543,0.2201287611764013
32.0,15.40516167,4.049889123,Nano,109.1469616,51.455050793,2.1212098699327,0.621902019468093,0.29939066102517065,0.07870731950673637
74.0,19.11490912,4.485970525,Nano,259.900723,97.60087964499999,2.662893243845006,0.758189887930902,0.19584771356084024,0.04596239850825783
50.0,18.1727377,5.722841776,Micro,181.2762703,73.895579476,2.453140926499878,0.6766304609092231,0.24592455771866828,0.07744498137210873
29.0,4.595233625,0.581271839,Micro,104.5145469,34.176505464,3.0580817283993804,0.8485361392652417,0.13445592410963178,0.017007936625126455
43.0,24.20995844,7.407487893,Micro,150.9981854,74.617446333,2.0236311053333407,0.5762727366479573,0.3244543954500491,0.09927286790199352
97.0,28.37534439,6.324932659,Macro,348.5464665,131.700277049,2.6465127812170124,0.7365208500200078,0.21545394607972432,0.04802520390026792
35.0,14.1368135,1.571675673,Mega,126.7749212,50.708489173000004,2.5000729319204793,0.6902197358038411,0.27878593368794785,0.030994330508210977
80.0,28.50516115,5.403039713,Mega,284.9089972,113.90820086299999,2.5012158478621447,0.7023199330153396,0.2502467858682432,0.047433281116417245
72.0,18.12593442,3.547403641,Nano,257.3816404,93.673338061,2.747650993630581,0.768628528569289,0.19350153197483372,0.037869939455877334
85.0,36.24543619,8.863215031,Macro,305.7394717,130.108651221,2.349878112107065,0.6533001395550605,0.2785782178960123,0.06812164254892718
54.0,17.47277703,1.477320945,Macro,194.0262623,72.950097975,2.6597121551021465,0.7402320421626548,0.23951684116980787,0.02025111666753728
36.0,15.19445096,2.799221115,Mega,128.0211864,53.993672075,2.3710405586449457,0.6667447983532985,0.281411698372619,0.05184350327408251
23.0,4.510090793,0.033647813,Mega,77.40214925,27.543738606,2.8101540737515953,0.8350355167468001,0.16374286938729307,0.001221613865906726
13.0,1.470311516,1.231379728,Micro,49.28503296,15.701691244000001,3.1388359504797303,0.8279362903004234,0.09364032785715627,0.07842338184242034
62.0,15.96713564,1.18040903,Macro,220.0547642,79.14754467,2.780310685789465,0.7833471051882221,0.20173886260873694,0.014914032203040923
36.0,3.478911133,1.239673052,Mega,125.6122776,40.718584185,3.0848881441775013,0.8841171843411432,0.08543791987447268,0.030444895784384213
47.0,19.42239584,3.602285923,Macro,167.1207967,70.024681763,2.386598446325309,0.6711919114330641,0.27736499975445095,0.05144308881248489
69.0,21.00808675,2.478178486,Micro,244.1818392,92.48626523600001,2.6401956936731503,0.7460567233840679,0.22714817920685876,0.026795097409073192
65.0,15.6978375,3.011898971,Mega,232.6702357,83.709736471,2.7794883308539045,0.7764927084977539,0.18752702089127093,0.035980270610975196
20.0,11.75733151,3.733754349,Nano,70.20770114,35.491085859,1.9781784479326205,0.5635217834544869,0.33127562105904174,0.10520259548647132
40.0,13.56691537,3.323877768,Mega,140.3737325,56.89079313800001,2.467424424185745,0.703101464994028,0.2384729518024249,0.058425583203546995
33.0,13.55208661,5.696142076,Micro,119.6868639,52.248228686000004,2.2907353399345056,0.6316003590920279,0.25937887179764435,0.10902076911032757
30.0,6.626398231,2.827163775,Mega,109.08296,39.453562006,2.76484440070103,0.7603876171038163,0.16795437202836777,0.071658010867816
29.0,0.969179242,1.101270316,Micro,102.4582611,31.070449558,3.2976111565022115,0.9333627421729113,0.03119295844724771,0.035444299379840984
27.0,2.045585162,0.051933011,Nano,92.92957432,29.097518173,3.193728543014733,0.9279141897762841,0.07030101845243034,0.001784791771285476
90.0,33.80612226,6.27858393,Mega,322.660707,130.08470619,2.4803892513600028,0.6918568879922533,0.25987776157654713,0.04826535043119968
59.0,22.19699053,4.710262205,Mega,210.8443494,85.907252735,2.454325364709266,0.6867871817761255,0.2583831961018652,0.05482962212200931
75.0,23.48296489,3.750273951,Micro,263.3750447,102.233238841,2.576217360281606,0.7336165893819038,0.22969990148235728,0.036683509135738895
75.0,32.43091127,1.524148306,Macro,265.8749687,108.955059576,2.4402259953292287,0.6883572024269773,0.2976540180529964,0.013988779520026355
13.0,1.237598531,2.447639874,Micro,46.57401993,16.685238405,2.791330803882511,0.7791318100737681,0.07417326027712817,0.1466949296491038
18.0,10.65529469,1.368274421,Micro,64.70988356,30.023569110999997,2.1553028329430584,0.5995289878246082,0.35489766891492347,0.045573343260468434
31.0,6.705393208,1.99719926,Micro,112.0706407,39.702592468000006,2.8227537229546935,0.780805435438146,0.1688905633405299,0.05030400122132397
36.0,9.099158632,1.051392464,Micro,125.4867164,46.150551096,2.7190729778929184,0.7800556904535041,0.19716251303418672,0.022781796512309195
70.0,26.16107046,3.582985818,Mega,247.4803463,99.744056278,2.4811538204365706,0.7017962033236412,0.26228199891014664,0.035921797766212155
88.0,27.65593332,3.643025864,Micro,310.0771395,119.298959184,2.5991604756731737,0.7376426466912738,0.23182040739638846,0.030536945912337778
42.0,6.58132946,1.641510704,Macro,148.4648245,50.222840164,2.9561216373903996,0.836272896213182,0.13104255829636519,0.03268454549045285
32.0,8.459387308,0.474236007,Mega,115.552505,40.933623315000006,2.8229239349465582,0.7817534195237902,0.20666109234703595,0.011585488129173692
38.0,18.43696066,2.419836853,Macro,140.5311929,58.856797513,2.387679908492476,0.6456348562221169,0.3132511696024191,0.04111397417546408
86.0,25.25707261,0.696331556,Macro,303.5614352,111.953404166,2.7114980331450336,0.7681767306734386,0.22560343562710994,0.006219833699451493
89.0,27.81948029,5.228492402,Mega,318.2708476,122.047972692,2.6077520222575727,0.7292214531461346,0.22793889711060733,0.04283964974325802
45.0,6.951526595,1.566329051,Macro,160.5471107,53.517855645999994,2.9998793629168796,0.8408408643585735,0.12989172512780914,0.029267410513617427
91.0,26.28625575,6.917554923,Micro,328.484604,124.20381067299999,2.6447224301742582,0.7326667314546574,0.2116380778300406,0.055695190715302025
46.0,13.66666813,5.592577136,Macro,167.1352804,65.259245266,2.5610973543863116,0.7048809683976832,0.2094211797009599,0.085697851901357
78.0,24.58785494,4.628858613,Macro,276.2603779,107.216713553,2.5766540378374616,0.7274985159980918,0.22932856385161987,0.04317292015028828
70.0,29.76077482,5.814951014,Macro,247.8132733,105.575725834,2.347256164638115,0.6630311981947743,0.2818903169729924,0.05507848483223339
100.0,36.67505326,7.344048307,Micro,356.7467816,144.019101567,2.477079621511426,0.6943523387658296,0.2546540900544236,0.05099357117974681
62.0,19.00447338,0.255726683,Macro,224.7741278,81.26020006300001,2.766103549163495,0.7629811390069453,0.23387185073708988,0.0031470102559646457
56.0,25.65263615,3.484751126,Micro,194.2430827,85.13738727600001,2.2815250610204783,0.6577603775701752,0.3013087078516844,0.040930914578140236
98.0,25.80264351,4.420553579,Macro,350.2019853,128.223197089,2.7311905587327074,0.7642922827136964,0.20123225824801677,0.03447545903828684
32.0,17.01194371,2.682326269,Micro,115.3543379,51.694269979,2.231472423285229,0.6190241203328629,0.32908760906984164,0.05188827059729548
34.0,13.93985815,1.153340571,Mega,124.4780998,49.093198721,2.5355467364719404,0.6925602911560993,0.28394682997172715,0.02349287887217358
58.0,12.19180528,1.666526752,Nano,209.9240389,71.85833203199999,2.9213597499941484,0.8071437001094237,0.16966446249504843,0.02319183739552793
10.0,0.688749344,0.982755686,Mega,33.45988582,11.671505029999999,2.8668013023167074,0.8567875329099697,0.059011185123912,0.08420128196611848
13.0,0.747718323,1.912693178,Macro,45.75723345,15.660411501,2.921841067016544,0.8301186721159838,0.04774576472350386,0.12213556316051238
14.0,7.442168644,1.954879928,Micro,54.51656478,23.397048572,2.3300616149184616,0.5983660698449911,0.31808151447385047,0.08355241568115851
38.0,17.82863476,1.823407233,Nano,140.7737107,57.652041993,2.441781866409736,0.659126696754538,0.3092455036053141,0.031627799640147954
61.0,20.04207353,1.427891296,Micro,215.3130793,82.469964826,2.6108060037891403,0.7396632231952737,0.24302270011010615,0.017314076694620272
23.0,11.3262451,1.308263234,Mega,80.977606,35.634508334,2.2724490889842506,0.6454417662907664,0.31784485403417995,0.03671337967505349
75.0,32.25518431,6.076591747,Macro,266.7925281,113.331776057,2.3540840652300132,0.6617737991000767,0.28460847815335844,0.05361772274656483
19.0,2.405404817,0.50779351,Mega,70.97470749,21.913198327,3.2389022556579357,0.8670573649940205,0.10976968223010233,0.023172952775877095
20.0,1.342204767,1.901254957,Mega,77.52464044,23.243459723999997,3.335331373235803,0.8604571022337536,0.05774548122085752,0.08179741654538898
80.0,31.55506543,5.829251423,Nano,286.0660872,117.384316853,2.437004319395066,0.6815220477892608,0.2688184101247214,0.04965954208601778
37.0,13.37330873,0.38920132,Nano,131.4947625,50.762510049999996,2.5903912625770564,0.728884366899032,0.26344853154084724,0.007667101560120746
88.0,34.17538554,6.988181689,Macro,317.8270201,129.163567229,2.4606553296604914,0.681306670974647,0.2645899789946874,0.05410335003066564
39.0,9.574084012,2.508975852,Nano,139.663301,51.083059864,2.7340433672499236,0.7634624884224026,0.1874218975427349,0.049115614034862504
94.0,33.27375618,5.605628024,Nano,330.7216,132.879384204,2.4888857062452017,0.7074084558947735,0.25040570724588274,0.042185836859343726
18.0,10.73061151,0.827735972,Mega,67.58062238,29.558347482,2.286346434662974,0.6089650313151428,0.3630315096787656,0.028003459006091674
49.0,12.9152275,4.690735711,Macro,178.1451554,66.605963211,2.674612704506002,0.7356698655460271,0.1939049730290072,0.07042516142496567
72.0,23.83835402,2.826565354,Nano,249.6328332,98.664919374,2.5301073044385705,0.7297426527768827,0.24160921806096203,0.028648129162155395
52.0,24.21323418,3.817027564,Mega,184.0961892,80.030261744,2.300332214192739,0.6497542163030414,0.30255098074592146,0.04769480295103706
26.0,4.949507518,0.508675133,Macro,94.42876263,31.458182651,3.00172338871579,0.8264940250505382,0.15733609194498918,0.01616988300447261
48.0,16.91928999,1.063630886,Macro,171.5389446,65.982920876,2.5997476668601673,0.7274609757001386,0.2564192334224789,0.01611979087738256
65.0,23.33843751,3.875179167,Macro,233.9894064,92.213616677,2.5374713066466446,0.704885052146668,0.2530910114039708,0.04202393644936118
74.0,24.62362561,5.521459055,Micro,271.36513,104.145084665,2.6056451043550557,0.7105472162995816,0.23643579232957554,0.05301699137084282
91.0,36.29359238,6.685509421,Macro,325.6558158,133.979101801,2.4306463576961326,0.6792104050313971,0.27088995143367284,0.04989964353493001
13.0,8.233607467,1.324969168,Mega,47.60129082,22.558576634999998,2.1101194277544013,0.5762774934935517,0.36498789796096553,0.05873460854548282
65.0,18.18146552,2.970729615,Mega,232.2256845,86.152195135,2.6955283511476833,0.7544787442519064,0.21103891191059898,0.03448234383749461
35.0,7.198778595,1.50952132,Nano,128.7372869,43.708299915,2.9453739255554843,0.8007632433214029,0.1647004941624255,0.03453626251617158
98.0,27.93306892,6.098290028,Micro,345.2216408,132.031358948,2.6146942934667825,0.7422479082306265,0.2115638977176727,0.0461881940517009
48.0,5.931776912,0.520852596,Mega,169.6157745,54.452629508,3.114923485468789,0.8815001301810044,0.10893462750276409,0.009565242316231543
83.0,21.26976739,4.22881998,Macro,299.9265797,108.49858737,2.764336264371771,0.764986918373,0.19603727482152564,0.038975806805474356
85.0,27.11256453,5.223855748,Mega,304.2232926,117.336420278,2.5927439398544556,0.7244127594707018,0.23106691397064438,0.04452032655865373
89.0,23.53301297,1.37947462,Mega,316.6376611,113.91248759,2.7796571543557143,0.7813015226243994,0.2065885265775364,0.012109950798064211
49.0,10.23560703,2.507190611,Nano,171.4176165,61.742797640999996,2.776317611921281,0.7936148323713436,0.1657781542312734,0.04060701339738309
16.0,1.414510013,1.221977592,Macro,59.3072258,18.636487605,3.182317776665621,0.8585308744394167,0.07590003239776254,0.0655690931628208
70.0,16.25832885,1.726270065,Micro,252.1484106,87.98459891499999,2.8658244023319934,0.7955937841760861,0.18478607677358191,0.019620139050332115
97.0,37.55223206,6.093938019,Macro,348.6783865,140.646170079,2.4791175351888337,0.6896739523409401,0.2669979000416945,0.043328147617365455
51.0,11.93587139,1.614925811,Macro,178.2278365,64.55079720100001,2.7610477984497908,0.7900754477314172,0.184906645735664,0.025017906532918573
85.0,29.91287893,5.690365858,Nano,302.3746247,120.60324478800001,2.507184821034651,0.7047903242521836,0.24802714871048248,0.04718252703733382
13.0,0.700883,1.089991801,Mega,46.1734284,14.790874801,3.1217510134612354,0.8789202920655566,0.047386176235675655,0.07369353169876784
34.0,5.082664527,0.219320758,Mega,119.0000482,39.301985285,3.0278380935992453,0.865096247770884,0.12932335326429045,0.005580398964825473
55.0,16.4816156,3.267172118,Macro,196.4487991,74.748787718,2.6281202023119077,0.7357978862144896,0.2204934167250865,0.04370869706042394
14.0,4.451725157,0.925170583,Micro,47.57626686,19.37689574,2.455309018450651,0.7225099514314671,0.2297439804978793,0.04774606807065372
50.0,13.83946774,1.042655278,Micro,174.4791088,64.882123018,2.6891707713015944,0.7706282975069834,0.21330170925758038,0.01606999323543621
75.0,30.8609378,5.033560605,Micro,261.0148949,110.89449840500001,2.3537226702333087,0.676318492609895,0.27829097244564965,0.045390534944455344
43.0,10.36532832,2.844228834,Macro,152.1070032,56.209557154,2.706070122261686,0.764994463169152,0.1844050877611723,0.05060044906967565
60.0,22.04149759,4.153907425,Nano,213.8519171,86.195405015,2.4810129619181533,0.696092790440031,0.25571545938167195,0.0481917501782969
56.0,16.5687787,3.151386833,Nano,200.3812647,75.720165533,2.646339496084049,0.7395652083670412,0.21881593342237313,0.041618858210585634
100.0,36.07207366,7.602359551,Macro,354.4495579,143.674433211,2.467032929786861,0.6960180580851165,0.2510681465993648,0.05291379531551858
45.0,7.116575677,2.3036211,Macro,162.0597348,54.420196777,2.977933642248285,0.8268988843314634,0.13077085527937174,0.042330260389164855
12.0,5.013390243,0.840971884,Nano,41.3738608,17.854362127,2.3172970563553754,0.6721046607345985,0.28079357903347174,0.047101760231929676
64.0,18.30859625,3.349844406,Macro,232.8098953,85.658440656,2.717886217832903,0.7471534563303667,0.2137395463866358,0.03910699728299756
46.0,5.523665535,1.952389236,Macro,159.0684125,53.476054771,2.974572697652756,0.86019808673219,0.10329231575990301,0.036509597507907
35.0,18.09583854,2.099576563,Mega,127.2258024,55.195415103,2.305006714100878,0.6341106400719444,0.32785039312108455,0.03803896680697094
46.0,12.35741283,0.836941986,Micro,162.8790751,59.194354816,2.7515981144873365,0.7771011297105376,0.20875998848896718,0.014138881800495237
15.0,6.603955904,0.332433523,Mega,49.67373838,21.936389426999998,2.2644445908158435,0.6837953004945074,0.30105026745521046,0.015154432050282184
43.0,17.79694208,3.052953409,Macro,153.8017429,63.849895489,2.4088017955565304,0.6734545087455625,0.2787309508292937,0.047814540425143846
33.0,11.32773929,1.322383377,Mega,119.539224,45.650122667,2.6185958988980698,0.7228896237743379,0.24814258162308742,0.028967794602574797
76.0,26.01264783,6.850737344,Micro,273.7063026,108.86338517399999,2.5142181842180094,0.6981226964284333,0.2389476295305636,0.0629296740410032
66.0,26.44214863,3.116634564,Nano,237.9195275,95.55878319399999,2.489771421816709,0.690674345088815,0.2767108134510054,0.03261484146017976
23.0,12.05614618,3.597400217,Nano,82.79208811,38.653546397,2.1419014767665847,0.595029490018155,0.3119027179595534,0.09306779202229173
98.0,34.94758415,3.385312582,Macro,351.1142035,136.33289673200002,2.575418053283295,0.7188287078843932,0.2563400689614857,0.02483122315412081
63.0,26.40015451,1.373655412,Nano,223.2988655,90.773809922,2.4599481468484794,0.6940327838407858,0.2908344877524155,0.015132728406798754
29.0,13.61181888,2.670106133,Micro,104.8200646,45.281925013,2.3148323435875833,0.6404321369216168,0.3006015949209796,0.05896626815740361
82.0,32.44415878,5.42544944,Nano,291.1947002,119.86960822,2.429262133447223,0.6840766497668295,0.2706620907649447,0.045261259468225866
35.0,7.881705224,1.73269323,Micro,129.0694862,44.614398454,2.893000705435444,0.7845000989106018,0.17666281508034876,0.03883708600904943
85.0,31.86497083,5.081795137,Micro,301.7448669,121.946765967,2.474398271305162,0.697025454721791,0.261302303323263,0.04167224195494602
86.0,28.21073834,4.373466421,Micro,302.8879982,118.58420476100001,2.554201875455962,0.7252230613118189,0.2378962560558314,0.03688068263234958
65.0,24.23537069,3.319695807,Macro,233.6433429,92.555066497,2.5243711850995547,0.7022846231989565,0.2618481257402105,0.035867251060833084
90.0,36.71377854,8.103656838,Micro,320.6784079,134.817435378,2.3786122840928146,0.6675694412051286,0.2723221847164071,0.06010837407846421
21.0,2.93712643,1.585800545,Macro,73.55234105,25.522926975,2.881814500431136,0.8227896440157408,0.11507796236994876,0.06213239361431037
38.0,12.95360781,3.856301336,Micro,133.8775857,54.809909146,2.44257996019266,0.6933052908147945,0.23633696920560116,0.07035773997960423
12.0,11.83576293,2.828314712,Nano,37.42374113,26.664077642000002,1.4035265585580161,0.45004369403343486,0.4438842058934325,0.10607210007313253
83.0,27.4575452,5.358948693,Micro,293.8314848,115.816493893,2.5370435153343847,0.7166509467699967,0.2370780212477106,0.04627103198229261
43.0,15.84401592,2.529435016,Micro,151.1967195,61.373450936000005,2.463552516505343,0.7006286813632205,0.25815748794249943,0.041213830694279925
44.0,26.10580982,5.549674314,Micro,157.918206,75.655484134,2.0873332291456537,0.5815837477434918,0.3450616980226011,0.07335455423390708
28.0,9.184659403,0.686658382,Micro,102.2791829,37.871317784999995,2.700703035491164,0.7393458067384756,0.2425228362831843,0.018131356978340226
61.0,21.06482504,0.950811765,Nano,216.9042717,83.015636805,2.612812236922285,0.7348013259632792,0.2537452683701063,0.01145340566661452
75.0,31.97193882,4.698021921,Micro,269.3323638,111.669960741,2.4118604682298748,0.6716219787517441,0.2863074241975747,0.0420705970506812
63.0,10.24455279,1.64791391,Nano,218.1599843,74.8924667,2.912976350130019,0.8412061022420564,0.1367901638363315,0.022003733921612173
91.0,24.70800033,1.160337309,Micro,324.1609442,116.868337639,2.7737276900550745,0.778654012185012,0.21141740208816592,0.009928585726822087
88.0,24.96601033,1.277689358,Macro,313.1283776,114.243699688,2.7408809278337,0.7702831774559853,0.21853292915217445,0.011183893391840203
85.0,26.56616206,5.987521897,Macro,301.6507764,117.55368395699999,2.566068252785178,0.7230738938908302,0.2259917440759887,0.05093436203318118
69.0,23.88586038,2.516655365,Nano,248.4322622,95.402515745,2.604043093203443,0.7232513677566857,0.25036929260695984,0.026379339636354367
15.0,2.777117161,2.523639962,Micro,56.88697574,20.300757123,2.802209562694052,0.7388886980478949,0.1367986988945171,0.12431260305758793
34.0,10.67476314,3.993121151,Micro,120.0024179,48.66788429099999,2.465741415477798,0.6986126579224962,0.2193389602920144,0.08204838178548962
93.0,30.45012602,2.841142764,Nano,335.5060119,126.291268784,2.6566049666808453,0.7363929501655485,0.24111030250301646,0.022496747331435064
17.0,1.437546273,0.175893869,Nano,59.80239291,18.613440141999998,3.2128608389300295,0.9133185413501625,0.07723162736351308,0.009449831286324505
21.0,5.719153159,1.08986217,Micro,75.26600102,27.809015329,2.706532400717927,0.755150793782354,0.2056582403705575,0.03919096584708851
72.0,27.98561722,6.255029335,Micro,256.6993408,106.240646555,2.416206500278673,0.6777067189884441,0.2634172336810098,0.058876047330546105
54.0,22.15078407,5.855266971,Macro,200.4014788,82.006051041,2.4437401418074214,0.6584879934408985,0.2701115806554985,0.07140042590360292
13.0,2.933653909,0.336684657,Micro,44.79021789,16.270338566,2.7528755906529057,0.7989999683943885,0.18030687542854415,0.020693156177067348
53.0,12.07008908,1.852175612,Mega,182.9061686,66.922264692,2.7331138514483793,0.791963634881826,0.1803598419083818,0.027676523209792272
99.0,30.57840248,3.043517305,Nano,347.1590861,132.621919785,2.617659936327245,0.7464829355546492,0.23056823886709057,0.02294882557826035
39.0,7.244487161,2.260934844,Macro,141.009684,48.505422005,2.907091169837973,0.8040338252490583,0.14935417241093643,0.046612002340005204
98.0,41.21683733,6.137985783,Micro,353.4355621,145.354823113,2.4315365292367104,0.6742122339058128,0.2835601629672632,0.042227603126923974
49.0,21.18136319,4.522900343,Macro,171.3933858,74.704263533,2.2942918876951164,0.6559197250951366,0.2835362024637764,0.06054407244108692
36.0,21.64067045,4.667504418,Mega,128.1335998,62.308174868,2.0564492551972724,0.5777733030419535,0.34731671238719164,0.07490998457085475
68.0,23.84490026,1.673252591,Nano,244.0284657,93.518152851,2.6094234997220713,0.7271315560342878,0.2549761680814146,0.017892275884297558
70.0,24.78821501,7.581210788,Mega,246.0905777,102.36942579800001,2.403946058910178,0.6837979157773842,0.24214471085256675,0.07405737337004888
36.0,11.64101703,1.088920803,Micro,129.9458887,48.729937833,2.6666541037940834,0.7387655638587894,0.2388884030571589,0.022346033084051687
56.0,16.13003967,3.866936616,Mega,196.3964655,75.996976286,2.584266836629127,0.7368714222162572,0.21224580842924193,0.05088276935450073
91.0,31.00206421,3.149276093,Macro,327.3305904,125.151340303,2.615478105208543,0.7271196599228003,0.24771659764043974,0.025163742436760055
14.0,12.24402504,5.347549295,Nano,47.05770262,31.591574335,1.4895649745402282,0.4431561356057376,0.3875724872133062,0.1692713771809562
84.0,28.45135602,2.841499055,Nano,298.3720645,115.29285507499999,2.5879493079246223,0.7285794071571612,0.246774667879392,0.02464592496344683
97.0,24.13192924,3.174014104,Macro,342.7989716,124.305943344,2.757703794189067,0.7803327611743031,0.19413335027125878,0.02553388855443816
72.0,30.02854198,7.25837797,Micro,259.9760791,109.28691995,2.3788398393782346,0.6588162612043675,0.2747679410650277,0.06641579773060481
54.0,14.3343517,4.555541139,Mega,190.83278,72.889892839,2.618096591546836,0.7408434543768063,0.1966576042533342,0.06249894136985946
43.0,11.65183738,3.36668963,Micro,145.4186567,58.01852701000001,2.506417590969447,0.7411425662803981,0.20082959669058303,0.0580278370290187
12.0,3.876010939,1.906025559,Micro,44.41389565,17.782036498,2.4976833027530545,0.6748383404425965,0.2179733991343425,0.10718826042306101
47.0,10.99758175,2.293062106,Nano,167.1158814,60.290643856,2.771837729899595,0.7795571085997394,0.18240942618338854,0.0380334652168721
57.0,13.28060278,2.101510154,Mega,201.3055442,72.38211293399999,2.781150425707467,0.7874873734616475,0.18347907019666063,0.029033556341691972
47.0,16.93952644,2.858758675,Nano,166.9484692,66.798285115,2.4992927425095024,0.7036108774212504,0.2535922353521036,0.04279688722664598
47.0,13.73828647,3.330651447,Nano,169.2547079,64.068937917,2.6417592269012795,0.7335848154824658,0.2144297520242597,0.051985432493274523
96.0,33.28958396,6.573732291,Micro,342.952628,135.86331625100001,2.5242474382593008,0.7065924978795989,0.24502260712155238,0.04838489499884863
56.0,13.99621892,0.602834245,Macro,194.2322848,70.599053165,2.751202404174623,0.7932117711142678,0.19824938568636113,0.008538843199371114
64.0,25.90099361,4.113418096,Macro,229.933365,94.014411706,2.445724658885736,0.6807466944550962,0.2755002466110948,0.04375305893380899
81.0,29.12147199,7.916414207,Nano,289.6405858,118.037886197,2.453793397457175,0.6862203535635549,0.24671292352183902,0.06706672291460604
15.0,6.290858174,0.67851384,Mega,53.72935589,21.969372014,2.445648234995562,0.6827687195811167,0.2863467453685588,0.030884535050324447
52.0,23.99344773,0.519212296,Macro,190.1853454,76.512660026,2.485671591281397,0.679626090405558,0.3135879437709617,0.006785965823480256
10.0,5.490507416,2.469998038,Nano,37.3193283,17.960505454,2.0778551247113475,0.5567772034930616,0.30569893648383956,0.13752386002309888
93.0,24.93237267,1.253028505,Macro,329.1478082,119.18540117500001,2.7616453437674973,0.7802969078691779,0.20918982043272044,0.010513271698101493
48.0,23.65891291,2.309970166,Nano,173.0682943,73.968883076,2.3397445939825725,0.6489215194811305,0.3198495357256029,0.031228944793266652
52.0,16.26671791,3.204358716,Nano,181.059151,71.471076626,2.5333206039061356,0.7275670446677343,0.227598613004277,0.04483434232798877
33.0,13.27208767,5.465264124,Macro,117.047403,51.737351794,2.2623385028681353,0.63783705303268,0.2565281602128536,0.10563478675446641
38.0,18.66475844,3.68182399,Mega,136.1497932,60.34658243,2.2561309641342024,0.6296959739862439,0.30929271697615174,0.06101130903760443
29.0,9.002412712,0.609849942,Nano,105.433105,38.612262654,2.730560131758499,0.7510567370751006,0.23314905921648713,0.01579420370841239
44.0,12.79549978,1.228337955,Mega,156.070975,58.023837735,2.689773394734591,0.7583090281093072,0.22052143187146944,0.021169540019223273
27.0,5.26644146,1.353228723,Mega,98.37497073,33.619670183000004,2.926113498274112,0.8031012753257978,0.1566476241835058,0.04025110049069632
58.0,23.04770854,1.465806506,Micro,208.8825784,82.51351504600001,2.531495334837586,0.7029151523561431,0.27932040620438064,0.017764441439476135
56.0,21.02285901,3.664076004,Nano,194.9610328,80.686935014,2.4162651954268966,0.6940404910693836,0.26054848912469314,0.0454110198059233
69.0,26.89374417,4.596614853,Macro,247.5738851,100.49035902300001,2.4636580813024644,0.6866330329679431,0.2676251177871165,0.045741849244940375
45.0,8.374998074,1.439268363,Mega,159.0624812,54.814266437,2.901844566009402,0.8209541589272222,0.15278865555239501,0.026257185520382777
86.0,33.58317694,5.258118263,Nano,305.7983315,124.841295203,2.4494966269194194,0.6888746216559068,0.2690069570761148,0.04211842126797836
47.0,15.72822743,2.771904176,Macro,166.9720246,65.50013160600001,2.5491860933101522,0.7175558101580158,0.2401251271464506,0.04231906269553335
50.0,15.36043208,7.610970713,Micro,175.9337802,72.971402793,2.4109962734179065,0.6851999288246711,0.2104993393586439,0.10430073181668513
95.0,28.7254987,5.147521114,Nano,342.8327117,128.873019814,2.6602365040782314,0.7371597261949142,0.22289769217373015,0.03994258163135558
61.0,15.96956521,1.950999733,Macro,212.9338993,78.920564943,2.6980787511314763,0.7729290843781587,0.2023498592734852,0.0247210563483561
36.0,14.16404637,0.497245703,Macro,134.9986474,50.661292073,2.6647296560355143,0.7106016946454125,0.27958320426550565,0.009815101089081929
58.0,4.870187029,3.043994197,Macro,205.5431339,65.914181226,3.1183446426384953,0.8799320407415114,0.07388678640035877,0.0461811728581298
47.0,14.07755898,0.062540126,Macro,170.4688777,61.140099106,2.788168161200625,0.7687262645504551,0.23025083678051306,0.001022898669031804
86.0,28.37383108,4.539821932,Mega,306.6991275,118.913653012,2.579175054600752,0.7232138431683823,0.2386086909392708,0.038177465892346864
57.0,19.8795092,8.274529348,Micro,201.4251375,85.154038548,2.3654208412729574,0.6693751813998815,0.23345351012088794,0.09717130847923057
54.0,9.966013162,1.321266997,Macro,195.2679052,65.28728015899999,2.9909027413065226,0.8271136409494918,0.15264861911430327,0.020237739936205024
46.0,15.22052675,5.422181754,Nano,166.0693596,66.642708504,2.4919359270944437,0.690248056128136,0.22838997831377816,0.08136196555808581
18.0,14.46110551,2.347338423,Mega,62.32850707,34.80844393299999,1.790614575876221,0.5171159054006197,0.41544820382764114,0.06743589077173932
25.0,10.25499766,1.748859254,Micro,93.4669033,37.003856914,2.525869222692779,0.675605249963593,0.2771332102984145,0.04726153973799251
19.0,0.388590647,0.255873313,Micro,67.48699862,19.64446396,3.4354207250152933,0.9671936092879778,0.019781178442498975,0.013025212269523285
54.0,10.7247493,0.3426558,Mega,195.0270446,65.0674051,2.997307857909336,0.8299086142594612,0.164825219071169,0.005266166669369761
60.0,22.0455874,0.180601963,Mega,213.9523895,82.226189363,2.6019981122495497,0.7296945226918018,0.2681090729217233,0.002196404386474791
26.0,9.409506568,1.018662426,Micro,91.27428359,36.428168993999996,2.5055962490190926,0.7137333749682122,0.25830303382939224,0.027963591202395638
23.0,0.337280944,1.659522761,Mega,85.58550551,24.996803705,3.4238579668040003,0.920117638696319,0.013492962859588932,0.06638939844409199
38.0,2.092054681,0.06584059,Nano,136.9539111,40.157895271,3.410385683208382,0.9462647318431969,0.052095725308362366,0.0016395428484407336
96.0,33.01778056,5.625786859,Mega,338.7969989,134.643567419,2.5162509089327,0.7129935862532198,0.2452236017874609,0.041782811959319245
21.0,19.97442857,1.474610408,Macro,64.57081108,42.449038978,1.5211371714084039,0.49471084636058876,0.4705507839730393,0.03473836966637205
66.0,18.90171732,4.247814704,Micro,230.3210909,89.149532024,2.5835367350890315,0.7403291806650438,0.21202261964663435,0.047648199688321895
52.0,15.21955294,0.74054497,Nano,190.8058971,67.96009791,2.807616571604789,0.7651548717434742,0.22394836688074451,0.010896761375781248
59.0,26.56931113,4.516217387,Macro,211.0368497,90.085528517,2.3426276470163057,0.6549331615328886,0.29493428708681124,0.050132551380300185
83.0,33.05370376,9.502273995,Macro,291.8816194,125.55597775499999,2.324713045280526,0.6610597239898816,0.26325870222203507,0.07568157378808348
73.0,29.74053217,5.056047533,Macro,261.938262,107.79657970299999,2.429931104694505,0.6772014492586762,0.2758949518801135,0.04690359886121034
19.0,10.62585401,1.036051829,Macro,64.67600576,30.661905839,2.109327649090104,0.619661416343964,0.34654903924741,0.03378954440862603
90.0,29.30928806,2.974964668,Micro,314.8117249,122.284252728,2.5744257161242485,0.735990104958071,0.23968162217250819,0.02432827286942081
73.0,23.66456112,7.655588185,Micro,253.7634186,104.320149305,2.4325446262358565,0.6997689371261392,0.22684554496573914,0.07338551790812163
37.0,8.110512199,3.565895209,Macro,128.373973,48.676407407999996,2.637293502866476,0.760121832531113,0.1666210106883737,0.07325715678051341
28.0,10.96271564,1.364428017,Micro,99.9982348,40.327143657,2.479675616268009,0.6943214287169022,0.27184458520649746,0.03383398607660035
99.0,28.78290675,7.412178995,Macro,351.5295188,135.195085745,2.6001649162236715,0.7322751374760038,0.2128990605789419,0.05482580194505427
70.0,22.17449472,1.088762382,Mega,249.7158008,93.263257102,2.6775367766417517,0.750563535685254,0.2377623879868171,0.011674076327928848
76.0,28.88737713,5.953678828,Micro,264.6641446,110.841055958,2.387780793971205,0.6856665099689956,0.26061982972217473,0.053713660308829736
82.0,24.90431818,4.074219874,Micro,292.9740224,110.978538054,2.6399160372561816,0.7388816021355444,0.22440661606014348,0.036711781804312144
22.0,11.99561122,0.858907412,Nano,77.64516073,34.854518632,2.2276928150920963,0.6311950605968707,0.3441622977683819,0.024642641634747334
91.0,38.5561432,10.21480685,Macro,320.6831486,139.77095005,2.2943476343638114,0.6510651889212081,0.2758523368855072,0.07308247419328463
33.0,18.44134045,2.713985708,Nano,118.3464052,54.155326158,2.1853142358467266,0.6093583464666316,0.34052680979515776,0.05011484373821062
76.0,30.18229439,4.016900096,Macro,269.3902063,110.199194486,2.444575094731968,0.6896602135295575,0.27388852097130745,0.036451265499135
61.0,21.48782482,3.771891615,Macro,218.5678072,86.259716435,2.533834056418435,0.7071667114274116,0.24910613792930678,0.043727150643281615
92.0,32.16716867,6.726771343,Micro,331.9315106,130.893940013,2.535881420996523,0.702859123889638,0.2457498694500697,0.05139100666029243
53.0,23.58638711,3.258949178,Mega,186.8385884,79.845336288,2.3400062807184905,0.6637832898446369,0.2954009364419799,0.040815773713383297
71.0,22.08457409,1.663684165,Nano,248.7031099,94.74825825500001,2.6248831849832506,0.7493541444204144,0.23308686087466482,0.017558994704920658
51.0,17.13094247,3.601388974,Macro,178.0044789,71.73233144400001,2.481509736498172,0.7109764728588903,0.23881758929547386,0.050205937845635644
68.0,28.75170232,6.739499589,Mega,244.9267479,103.491201909,2.3666431868804128,0.6570606848279965,0.27781784141691024,0.06512147375509325
32.0,15.224893,1.161446776,Macro,111.4934346,48.386339776,2.304233697282091,0.6613436798100659,0.3146527112917035,0.02400360889823054
10.0,12.20122965,2.452274641,Macro,34.11396192,24.653504291,1.3837368317839356,0.405621849209104,0.4949085333257948,0.09946961746510115
72.0,24.40263571,1.995127175,Macro,253.7082243,98.39776288499999,2.5783942323619224,0.7317239527503105,0.2479999036006539,0.020276143649035565
49.0,14.29071783,4.671001994,Nano,172.8908763,67.961719824,2.5439449847316156,0.7209941144352287,0.210275988703767,0.06872989686100443
59.0,13.95053433,0.174759871,Micro,212.3449809,73.125294201,2.903851303713403,0.8068343607319554,0.19077577030533469,0.002389868962709898
90.0,28.22427787,3.729510231,Macro,312.5706663,121.95378810100001,2.56302548011985,0.7379844562553773,0.2314342039676959,0.030581339776926685
96.0,23.98104459,1.166863302,Mega,344.8630125,121.14790789199999,2.846627882401699,0.7924197922227543,0.19794848303429588,0.009631724742949968
10.0,10.30266681,2.397550882,Macro,37.15633949,22.700217692,1.636827452236047,0.4405244097515503,0.45385762153421383,0.1056179687142359
80.0,26.81982599,0.700882001,Mega,284.2308094,107.520707991,2.6434983056825807,0.7440427197214549,0.249438703400697,0.0065185768778481925
50.0,19.41204366,0.188385566,Mega,174.2680324,69.60042922599999,2.5038355989750176,0.7183863742800305,0.27890695324546105,0.002706672474508628
94.0,38.58436016,5.522805833,Macro,333.5663815,138.10716599300002,2.4152720758668442,0.6806308660679085,0.27937985608911603,0.03998927784297539
22.0,6.387047153,1.980000334,Mega,81.22101849,30.367047487,2.6746432469198846,0.7244695095701386,0.21032822356978453,0.06520226686007685
30.0,9.749321224,3.173628519,Mega,108.4865117,42.922949743,2.5274710230671484,0.698926802086627,0.22713539685352002,0.07393780105985295
64.0,26.17395298,5.061944746,Micro,225.4587115,95.23589772599999,2.3673710951794638,0.6720155060031276,0.27483284774932454,0.05315164624754787
79.0,35.94267446,3.479529086,Mega,280.1191449,118.422203546,2.3654275677380916,0.6671046276327157,0.3035129678704079,0.029382404496876374
35.0,16.6133403,2.9376344,Nano,128.4717346,54.550974700000005,2.355076793889074,0.641601734753238,0.304547084472168,0.05385118077459392
87.0,25.30886812,0.888742374,Macro,314.1227914,113.197610494,2.7749948963511906,0.7685674602169399,0.2235812930109641,0.00785124677209602
15.0,7.531238469,2.180049883,Nano,52.68309686,24.711288352,2.131944563535317,0.6070100346988173,0.3047691549595172,0.08822081034166551
82.0,30.25009056,3.334021873,Mega,292.7546803,115.584112433,2.532828034386642,0.7094400629457832,0.2617149530610005,0.028844983993216316
56.0,18.89275737,6.418796387,Macro,202.5339757,81.311553757,2.490838833375068,0.688709013818089,0.23235021958209168,0.07894076659981934
42.0,5.929142678,0.934337091,Mega,153.5321895,48.863479769,3.1420641801569764,0.859537638304787,0.12134098320524381,0.019121378489969164
46.0,14.59052219,2.353695787,Micro,162.4281991,62.944217977,2.5805102409779996,0.7308058067670097,0.23180083348293276,0.03739335975005754
89.0,34.52637823,7.837740232,Macro,317.4878689,131.364118462,2.416853800087278,0.6775061641032916,0.2628295963481651,0.0596642395485434
74.0,27.19660184,5.61632048,Mega,267.2872416,106.81292232,2.5023867505397543,0.6928000694363925,0.25461902220521515,0.05258090835839234
83.0,32.83596609,5.757350405,Nano,293.3031876,121.593316495,2.4121653726918524,0.6826033074228469,0.27004745849949935,0.047349234077653825
99.0,40.28751595,3.937106656,Nano,354.2925152,143.224622606,2.47368440393543,0.6912219295724132,0.2812890354811957,0.027489034946391027
52.0,11.05567279,2.339107702,Mega,186.9707267,65.39478049200001,2.85910779565768,0.7951704953939154,0.16906047710264097,0.03576902750344352
38.0,15.2710352,2.028067933,Mega,132.1550752,55.299103133,2.389823120316319,0.6871720850265168,0.2761533973394035,0.03667451763407969
82.0,25.84421495,5.576685984,Nano,294.4359896,113.420900934,2.595958832766928,0.7229708045408322,0.22786113262350857,0.0491680628356593
19.0,3.538770143,2.106952026,Micro,65.25206495,24.645722169000003,2.6476020667016877,0.7709248635407677,0.1435855731365483,0.0854895633226839
73.0,16.85283064,4.371485674,Micro,258.8694192,94.224316314,2.7473738131176733,0.7747469321690746,0.17885861420143814,0.04639445362948712
14.0,0.218030497,0.337638266,Mega,48.94881206,14.555668763000002,3.362869329949728,0.9618245803715668,0.01497907794894494,0.023196341679488107
80.0,29.34018613,7.067678233,Nano,284.2603503,116.407864363,2.4419342443529235,0.6872387912772999,0.25204642564790253,0.06071478307479754
20.0,8.722931937,3.337461521,Nano,68.81072262,32.060393458,2.1462844088343442,0.6238226622577341,0.27207813118161767,0.1040992065606483
71.0,19.97976845,6.960355849,Mega,252.0764263,97.94012429899999,2.573780951415168,0.7249327127995583,0.20399982737416236,0.07106745982627947
13.0,5.039607861,5.038277048,Macro,48.15440304,23.077884909,2.086603830025193,0.5633098549221992,0.2183739056188219,0.21831623945897893
21.0,2.669395217,1.602543732,Nano,77.61395601,25.271938949000003,3.0711516107501176,0.8309611716924062,0.1056268465346869,0.06341198177290673
48.0,12.73575034,0.021272948,Nano,170.6154248,60.75702328799999,2.808159708405233,0.7900321214301556,0.20961774706489633,0.0003501315049481955
13.0,3.597244019,5.441006056,Micro,52.30014963,22.038250075,2.373153469627284,0.589883496001667,0.16322729829990823,0.24688920569842476
49.0,13.09088428,2.950203359,Macro,176.7169009,65.041087639,2.7170040864143985,0.7533699355085596,0.2012709927708901,0.04535907172055033
87.0,34.6902751,5.616502273,Micro,305.7135791,127.306777373,2.401392804126056,0.6833885971765357,0.27249354524433456,0.04411785757912982
93.0,34.79511805,4.269074383,Nano,326.4344483,132.064192433,2.471786199469699,0.7042029961844624,0.26347125143443084,0.03232575238110683
93.0,34.37118742,6.494090329,Micro,331.0132524,133.865277749,2.4727342143244666,0.6947283236088809,0.2567595421155189,0.048512134275600166
21.0,5.000539172,0.199657398,Macro,75.82196435,26.20019657,2.8939463926319697,0.8015207040105043,0.1908588417892164,0.007620454200279308
33.0,11.35073417,0.964355355,Micro,117.5888528,45.315089525000005,2.594916043035225,0.7282342448378953,0.25048464626198924,0.02128110890011532
94.0,29.08831186,4.337243376,Mega,336.7849071,127.42555523600001,2.642993444103528,0.7376856222121707,0.22827690886750815,0.03403746892032102
96.0,34.09118325,6.356479674,Nano,342.198386,136.447662924,2.507909469952601,0.7035664660190702,0.24984805543344812,0.04658547854748158
38.0,12.60091687,2.97134281,Mega,140.1370074,53.57225968,2.6158502224298927,0.7093223288878077,0.2352134657986859,0.05546420531350638
52.0,21.00550622,2.405095013,Micro,184.0915955,75.410601233,2.441189865748488,0.6895582205919952,0.2785484517634094,0.03189332764459542
28.0,11.26841221,1.373882899,Mega,102.6790459,40.642295109,2.5264086495268403,0.6889374708024193,0.27725826456844643,0.033804264629134134
12.0,5.037808977,1.199564471,Mega,45.27366111,18.237373448,2.482466087514643,0.6579894870396471,0.2762354453816633,0.06577506757868963
51.0,19.84177838,4.035106928,Micro,178.557418,74.876885308,2.384680095406193,0.6811180752272966,0.26499203724063114,0.05388988753207235
44.0,20.73054448,7.469616948,Micro,157.7902917,72.20016142799999,2.1854562175370327,0.609416919986779,0.287126012878421,0.1034570671348001
99.0,37.12787724,3.057987485,Macro,354.9664218,139.18586472500002,2.5503051082186676,0.7112791244685784,0.2667503436024652,0.02197053192895626
27.0,4.701938982,2.075231234,Macro,99.35728704,33.777170216,2.9415515392386298,0.7993564833092588,0.13920464479208283,0.06143887189865828
52.0,22.90816582,3.257424196,Mega,185.8950197,78.165590016,2.37822064238175,0.6652543656275854,0.29307225615914684,0.04167337821326784
98.0,26.8474977,0.555850618,Macro,351.8627923,125.403348318,2.8058484643307944,0.781478336220257,0.2140891615742161,0.004432502205526955
90.0,29.74804469,0.191958978,Mega,323.0890584,119.940003668,2.6937556154686044,0.7503751646458554,0.24802437702390015,0.0016004583302444459
95.0,37.64117276,4.268640845,Mega,335.3367393,136.909813605,2.4493258041201025,0.6938874394649717,0.274934073525211,0.031178487009817298
28.0,10.97367816,2.558390415,Mega,102.9788304,41.532068575,2.4795015980010096,0.6741778331950085,0.2642218058602924,0.06160036094469923
23.0,1.577017515,1.075431493,Macro,78.15138175,25.652449008,3.046546617269471,0.8966005543107091,0.06147629470029117,0.041923150988999715
58.0,17.79137836,4.621131863,Macro,201.9085053,80.412510223,2.510909120235984,0.7212808036853269,0.22125137383052643,0.057467822484146745
59.0,19.83461673,7.641127922,Nano,210.2300459,86.47574465199999,2.4310868526893668,0.6822722398914371,0.22936624379263174,0.08836151631593123
37.0,1.555588154,0.019312963,Macro,130.4808906,38.574901116999996,3.3825333784847205,0.9591729059207896,0.04032643270508478,0.0005006613741256943
49.0,16.6826188,4.159433929,Mega,165.6538521,69.842052729,2.3718353860927794,0.7015830446755196,0.2388620916503074,0.05955486367417304
37.0,14.14716305,7.161305345,Nano,134.6410155,58.308468395000006,2.3091159690201293,0.634556197726723,0.2426262160439997,0.12281758622927724
97.0,31.69082641,5.548205454,Nano,342.4261322,134.239031864,2.55086860688118,0.7225916237109968,0.236077584663353,0.04133079162565018
50.0,17.68275393,1.605194317,Nano,175.4994966,69.287948247,2.532900757493547,0.7216262173294311,0.2552067766094607,0.023167006061108195
99.0,30.30840623,7.342506617,Nano,351.0426188,136.650912847,2.5689006497383726,0.7244737553333762,0.22179439272341006,0.05373185194321368
97.0,34.96819327,6.731469772,Micro,342.0899468,138.699663042,2.4664079154713656,0.6993528165286688,0.2521144788896221,0.04853270458170923
58.0,21.39993028,2.172741919,Mega,206.4130386,81.57267219900001,2.530418987580137,0.7110224347990775,0.2623419057278638,0.026635659473058616
28.0,10.34705868,1.330435169,Micro,96.9794153,39.677493849,2.444192056813694,0.7056897319815397,0.26077903809594516,0.03353122992251516
76.0,19.10180456,2.327478321,Nano,268.892292,97.429282881,2.7598714067148036,0.7800529548475308,0.19605814592036894,0.02388889923210026
30.0,6.433771661,0.718034664,Macro,106.652765,37.151806325,2.8707289241070297,0.8074977495727457,0.1731752045840802,0.019327045843174087
25.0,14.06659351,1.322903892,Micro,90.81196516,40.389497402,2.248405427186702,0.6189727926340092,0.3482735467092852,0.03275366065670559
50.0,6.744746854,1.282871587,Macro,178.146188,58.027618441,3.0700241158635766,0.8616586608812468,0.11623339084401284,0.022107948274740396
45.0,12.66662023,1.415740851,Nano,160.2409262,59.082361081,2.712161857924311,0.7616486405867643,0.21438920175574017,0.023962157657495528
23.0,2.119801838,0.893297038,Micro,80.70133466,26.013098876,3.1023345217226703,0.8841699372165182,0.08148978513112694,0.03434027765235485
86.0,30.40958262,6.126358542,Mega,306.7707311,122.535941162,2.5035163413355623,0.7018348999033903,0.24816867876990206,0.04999642132670756
58.0,21.746656,4.451849392,Nano,210.2238701,84.198505392,2.496764866802186,0.6888483320454616,0.25827840884769704,0.05287325910684141
20.0,12.92065658,1.865530074,Nano,72.34626828,34.786186654,2.079741277754601,0.5749408579597856,0.3714306689754474,0.05362847306476711
39.0,26.08214459,3.414835509,Mega,135.6150886,68.496980099,1.9798696001486915,0.5693681669415579,0.3807780219259736,0.049853811132468506
92.0,25.64876108,4.156526229,Micro,328.4519464,121.805287309,2.6965327503950745,0.7553038298461636,0.21057182037536112,0.034124349778475345
37.0,17.592606,2.569460824,Macro,130.2686322,57.16206682400001,2.2789349552578733,0.647282403449856,0.3077671430980096,0.044950453452134255
81.0,22.06361159,2.2942489,Micro,290.4074031,105.35786049,2.756390474800539,0.7688083226375699,0.2094159039238858,0.02177577343854432
10.0,5.592288963,1.396276425,Mega,36.12642605,16.988565387999998,2.1265142303021167,0.5886312217430423,0.3291795884630821,0.08218918979387572
20.0,11.76435902,1.308742285,Mega,71.12471063,33.073101305,2.15053042574049,0.6047210334331844,0.3557077672126702,0.03957119935414535
36.0,2.629061724,4.784614133,Nano,129.8559572,43.413675857,2.99113020578427,0.8292317867434249,0.06055837641253525,0.1102098368440398
54.0,4.341896369,1.135469579,Macro,191.9649054,59.477365948,3.2275286966781866,0.9079083974097178,0.07300081803884931,0.019090784551432906
40.0,17.33275169,0.428533543,Macro,143.7043014,57.761285232999995,2.4878999977289165,0.6925053665036408,0.30007558904000126,0.007419044456357968
85.0,23.78707098,2.504073833,Nano,307.3095443,111.291144813,2.76131173613467,0.7637624731313851,0.2137373195321953,0.022500207336419612
24.0,7.544702793,2.339837083,Mega,83.55712247,33.884539876,2.4659364647056186,0.7082876169435284,0.22265914840838136,0.06905323464809028
12.0,2.914654396,2.95186781,Macro,52.19893328,17.866522206,2.9216057091665197,0.6716472216383621,0.1631349605924532,0.1652178177691847
46.0,17.46994122,1.304576856,Micro,165.228835,64.77451807599999,2.5508307882142307,0.7101558045716089,0.26970391658495246,0.020140278843438695
71.0,21.49219873,5.969253678,Nano,253.6910094,98.461452408,2.5765515660765086,0.7210943802229678,0.21828033412448175,0.06062528565255044
20.0,14.14182146,1.024806177,Macro,70.03021409,35.166627637000005,1.9913827055830293,0.5687210103409893,0.4021375494396542,0.02914144021935634
90.0,32.71166164,4.755053057,Micro,322.3930252,127.466714697,2.5292330312768914,0.7060666795558214,0.25662904796564817,0.03730427247853053
94.0,27.08974013,1.867946948,Nano,336.6476274,122.95768707799999,2.737914443579625,0.7644906327846728,0.22031758057400047,0.015191786641326789
98.0,28.55638293,5.407817067,Nano,346.1858447,131.964199997,2.6233315149704994,0.7426256515193354,0.21639492324925386,0.04097942523141077
23.0,4.375792879,3.299249022,Nano,81.43265885,30.675041901,2.654687778840338,0.7497952268241305,0.14264993974979215,0.10755483342607741
24.0,11.18989537,0.329939678,Nano,83.48905348,35.519835048000004,2.350491024723972,0.6756788134733006,0.3150323011038325,0.009288885422866787
26.0,14.81694261,5.930061418,Mega,95.0360686,46.747004028,2.0329873662722076,0.5561853757393054,0.3169602612634836,0.12685436299721106
23.0,16.62502162,0.612275984,Nano,80.68144883,40.237297604,2.005140842807978,0.5716089640600904,0.41317440807325245,0.015216627866657067
46.0,15.63311408,2.681854353,Micro,164.5987215,64.314968433,2.5592599282929047,0.715230079727403,0.24307116151795624,0.04169875875464071
26.0,12.78850362,3.01349173,Micro,97.74436434,41.80199535,2.338270303166282,0.6219798787667202,0.3059304588913601,0.07208966234191977
25.0,5.438159446,0.017011212,Nano,88.43421795,30.455170658,2.9037505303477915,0.8208786705134739,0.1785627638429108,0.0005585656436153142
17.0,10.65327885,1.82859956,Macro,61.88191017,29.48187841,2.0989812558554677,0.5766254023432152,0.36135007077386555,0.06202452688291919
27.0,2.334265598,0.061268949,Macro,94.63760923,29.395534547,3.2194552910301937,0.918506855414729,0.07940885015265785,0.002084294432613163
96.0,32.89164931,2.377670015,Nano,344.664982,131.269319325,2.625632430885617,0.7313209247495274,0.25056616031173284,0.01811291493873982
24.0,10.62179399,1.086533803,Macro,86.87918146,35.708327793,2.4330229621402535,0.672112122951464,0.2974598545071668,0.030428022541369077
67.0,20.08171295,0.884518198,Macro,233.0850067,87.96623114799999,2.649710049619415,0.7616559118836742,0.22828888640475284,0.010055201711573048
26.0,3.97700114,0.130780036,Mega,90.18167788,30.107781176,2.9952947164332078,0.8635641347335665,0.1320921364730195,0.004343728793414025
23.0,9.024577462,3.276219428,Mega,85.93989959,35.300796889999994,2.434503103649341,0.6515433652013515,0.25564798126572835,0.09280865353292031
95.0,31.0557159,6.758467165,Mega,340.6233592,132.814183065,2.564661027454402,0.7152850532047956,0.23382830947204755,0.05088663732315673
58.0,13.30369009,4.383672242,Mega,207.5720601,75.687362332,2.7424929830358242,0.7663102295147372,0.17577161734932473,0.057918153135937976
46.0,15.57190659,3.193752933,Nano,162.7009564,64.765659523,2.512148530537554,0.7102529386528393,0.2404346177385873,0.04931244360857336
30.0,7.570742919,0.732234227,Macro,109.9760621,38.302977145999996,2.8712144667189365,0.783228935068117,0.19765416380409523,0.01911690112778786
40.0,13.32266602,2.613952248,Micro,145.1731028,55.936618268,2.595314255582198,0.7150950707880573,0.23817432001643865,0.04673060919550404
43.0,19.40467358,1.227667435,Nano,148.1785567,63.632341015,2.328667377883677,0.6757570020858362,0.30494986150872166,0.019293136405442054
92.0,42.27157869,7.379310185,Macro,328.8426678,141.65088887500002,2.321500912642967,0.6494840994692628,0.29842085020237746,0.0520950503283596
98.0,29.35026643,6.913729654,Nano,347.50737,134.263996084,2.5882394397272956,0.7299052825650143,0.21860116848926125,0.051493548945724374
92.0,29.64528436,2.641853177,Macro,330.2643204,124.287137537,2.6572687000831525,0.7402214084511505,0.23852254503145723,0.021256046517392248
54.0,11.11754521,2.865084871,Nano,189.6558121,67.982630081,2.7897686787643954,0.794320548287997,0.16353508531155175,0.04214436640045121
52.0,18.15994431,0.318088036,Mega,182.9296042,70.478032346,2.5955549284057473,0.7378185552161101,0.25766815141556193,0.004513293368327885
77.0,28.86749641,3.481911572,Nano,270.0653225,109.349407982,2.4697465444390465,0.7041647634038857,0.2639931659689633,0.03184207062715106
84.0,22.47695972,2.357758852,Micro,295.7135652,108.834718572,2.717088527264116,0.7718125346594202,0.20652380063012968,0.02166366471045006
44.0,10.24267885,0.468675155,Macro,159.267743,54.711354005000004,2.911054677708117,0.8042206375659958,0.1872130389802441,0.008566323453760044
85.0,27.89100194,7.145666677,Micro,302.8317272,120.03666861699999,2.522826821912583,0.7081169527555684,0.23235401533002878,0.059529031914402925
63.0,20.23650027,4.367758728,Macro,230.1243479,87.60425899799999,2.626862558191991,0.719143118389236,0.23099904618178438,0.04985783542897973
28.0,17.34363919,2.071635541,Micro,96.93005432,47.415274731000004,2.044279082424621,0.5905270012427801,0.365781687196695,0.043691311560524804
81.0,26.67272207,4.564258578,Nano,291.3200448,112.23698064799999,2.5955798447005995,0.7216872686020834,0.23764646835655318,0.040666263041363566
60.0,12.85900617,2.182885119,Micro,213.340699,75.041891289,2.8429547194964218,0.7995534090276198,0.17135770366551162,0.02908888730686852
45.0,17.1275201,1.462856663,Micro,157.65616,63.590376762999995,2.4792455718194786,0.7076542440959905,0.2693413842134308,0.023004371690578847
40.0,8.144143253,0.719071866,Micro,146.0792253,48.863215118999996,2.9895541041301326,0.8186117082673584,0.16667227551781028,0.014716016214831424
50.0,14.11823913,0.461927771,Mega,178.2776412,64.58016690100001,2.760563339411862,0.7742315078969819,0.21861571140940148,0.007152780693616434
63.0,17.25010011,0.87748155,Macro,227.2929653,81.12758166,2.80167312582506,0.7765546403691481,0.21262929027385483,0.010816069356997027
51.0,14.29224744,0.469666552,Micro,182.5264574,65.761913992,2.7755648569201394,0.7755248730474025,0.2173332035581973,0.0071419233944002205
65.0,24.23743524,5.698040664,Mega,225.4525939,94.935475904,2.37479816426033,0.6846755586471053,0.2553043002018467,0.060020141151048034
70.0,6.447448967,0.381426418,Micro,248.312749,76.828875385,3.2320237378937393,0.9111157705904248,0.08391960619872348,0.00496462321085165
50.0,17.63728761,1.085353836,Mega,176.6747499,68.722641446,2.570837589804013,0.7275622552909053,0.2566444950149188,0.015793249694175907
45.0,14.29397472,1.906690103,Macro,156.4633708,61.200664823000004,2.556563253888037,0.7352861301449198,0.23355914125018032,0.031154728604899748
45.0,13.4913782,0.427454636,Macro,164.1527348,58.918832836,2.7860825970011582,0.763762583777874,0.22898244161681072,0.007254974605315347
31.0,8.275869393,2.131422502,Macro,112.1928797,41.407291895,2.709495708738863,0.7486604069304832,0.19986502411183585,0.051474568957680926
20.0,2.372901063,0.857514423,Micro,73.75120184,23.230415486000002,3.17476895255906,0.8609402622201554,0.10214630317008527,0.036913434609759266
25.0,15.28573168,0.430381993,Micro,88.88778996,40.716113672999995,2.1831108605766567,0.61400752048146,0.3754221683032681,0.010570311215271964
48.0,16.06992836,4.783021098,Nano,165.9920562,68.85294945800001,2.4108198342505927,0.6971378913735538,0.2333949160711348,0.06946719255531124
12.0,3.135564385,2.924747767,Micro,40.56229358,18.060312152,2.245935354750119,0.6644403429467368,0.1736162896084145,0.16194336744484855
27.0,7.351579839,3.159416944,Mega,96.7459122,37.510996783,2.579134667086354,0.7197889236640176,0.19598465702014453,0.08422641931583778
75.0,30.08100939,6.303425067,Nano,268.8120326,111.384434457,2.4133716161549934,0.6733436351822909,0.27006474950153636,0.056591615316172746
53.0,17.36953424,4.404963491,Macro,188.2123858,74.77449773100001,2.517066533527124,0.7087978068494235,0.23229222217562204,0.058909970974954345
26.0,10.40053409,2.607022067,Nano,89.84006146,39.007556157,2.303145090617987,0.6665375266103215,0.2666287026067281,0.0668337707829503
79.0,28.96967508,5.72254515,Nano,281.3554191,113.69222023,2.474711273390707,0.6948584506502077,0.2548078929358067,0.05033365641398557
64.0,26.08926355,6.297890399,Nano,225.9807912,96.387153949,2.3445115032607986,0.663988896631012,0.2706715831012528,0.06533952026773522
25.0,11.14088597,2.011770582,Mega,91.25033955,38.152656551999996,2.391716535534839,0.6552623659620231,0.29200813198461234,0.05272950205336465
25.0,8.577294801,1.765273027,Micro,88.39152161,35.342567828,2.500993194387313,0.7073622981121891,0.2426901984808437,0.04994750340696722
22.0,3.482537558,1.146371254,Macro,81.23779626,26.628908812,3.050736957850528,0.8261697899572199,0.13078033285504498,0.04304987718773522
76.0,34.12497308,5.948489204,Mega,270.3425712,116.07346228399999,2.3290644207592064,0.6547577586171144,0.2939946169306601,0.05124762445222557
64.0,20.71221941,5.464031097,Nano,228.4325974,90.176250507,2.5331791476766683,0.7097212363584794,0.22968596824052023,0.06059279540100029
55.0,26.77262827,6.89508981,Mega,198.1521866,88.66771808,2.2347725969582095,0.6202933964126214,0.3019433549180157,0.07776324866936285
87.0,21.84723897,4.848892139,Nano,308.7451176,113.696131109,2.715528792303472,0.7651975414765297,0.1921546384815429,0.04264782004192726
58.0,22.8094174,6.16708512,Nano,198.9158424,86.97650252,2.2870066815374632,0.6668467726287691,0.26224804101262916,0.07090518635860181
21.0,8.977244028,1.183893145,Micro,77.28657273,31.161137173,2.4802231157650443,0.6739163556006468,0.28809102755654425,0.037992616842808954
51.0,18.81480053,3.440682119,Mega,182.5116139,73.255482649,2.491439647930453,0.6961936247743252,0.25683812118405086,0.046968254041623844
14.0,14.95556574,0.924449961,Nano,46.58681598,29.880015701,1.5591295682766615,0.46854058378327623,0.5005206787591976,0.03093873745752621
19.0,7.069720275,3.109655988,Mega,66.3342674,29.179376263,2.2733271198847764,0.6511448301275843,0.24228483197444278,0.1065703378979729
72.0,33.19821998,2.388289664,Micro,257.2367226,107.586509644,2.3909756292976443,0.669228886021542,0.30857233020990965,0.022198783768548374
92.0,31.18303928,5.00595276,Mega,331.7547553,128.18899204000002,2.5880128240378037,0.7176903300034716,0.2432583233845045,0.03905134661202379
84.0,27.77118565,4.870181828,Macro,299.2571021,116.641367478,2.5656172297229247,0.720156166000398,0.2380903640832056,0.04175346991639631
17.0,4.490602106,0.947531027,Mega,55.79275944,22.438133133,2.4865152153832706,0.7576387883623847,0.20013260815337724,0.042228603484238
33.0,16.36099547,2.198071571,Nano,116.6798911,51.559067041,2.2630334060780357,0.6400426131403474,0.31732528164230867,0.042632105217343896
53.0,19.3744916,0.211224076,Macro,191.8641318,72.58571567599999,2.6432767110325353,0.7301712121510998,0.2669187927619491,0.002909995086951246
34.0,15.85130193,2.468160476,Macro,130.342015,52.319462406,2.4912720621734135,0.6498537721232563,0.3029714221257398,0.04717480575100388
61.0,20.16105438,3.305574466,Nano,219.1887773,84.46662884599999,2.5949748473995116,0.722178697473715,0.2386866228171334,0.03913467970915166
24.0,14.53701186,5.115165808,Micro,82.95910852,43.652177668,1.900457501821602,0.5498007495189323,0.3330191673497337,0.11718008313133398
16.0,3.639306804,2.077946459,Nano,54.3187395,21.717253263,2.501179078320352,0.7367414196554696,0.1675767538337981,0.09568182651073226
93.0,32.49798817,8.698498353,Macro,331.5415059,134.196486523,2.4705677062802756,0.6930136727839047,0.24216720580408155,0.06481912141201372
88.0,33.64954284,6.652385998,Nano,314.8714995,128.301928838,2.4541447065661144,0.6858821281721563,0.2622684097172653,0.05184946211057834
75.0,24.46123389,7.508531221,Nano,261.5153506,106.969765111,2.4447595105834967,0.7011326978438652,0.22867427879847313,0.07019302335766162
24.0,9.509295201,3.018306095,Macro,81.28853155,36.527601296,2.225400208770391,0.6570373949692708,0.2603317727857845,0.08263083224494468
90.0,26.91428685,6.074164732,Mega,322.4667969,122.988451582,2.6219274472693233,0.7317760232146217,0.21883588665278428,0.04938809013259409
69.0,12.36276951,1.544761417,Micro,245.51018,82.907530927,2.9612530641658052,0.832252501413345,0.14911515723324828,0.018632341353406856
32.0,16.82166633,1.585219121,Micro,114.6695418,50.406885451,2.2748785364148127,0.6348339063937378,0.3337176296351847,0.031448463971077416
76.0,32.6687401,6.549804387,Micro,269.0314009,115.218544487,2.3349661471409626,0.6596160395740376,0.28353717056099403,0.056846789864968376
40.0,20.30739536,1.15081881,Micro,139.9859534,61.45821417,2.27774196322698,0.6508487195764543,0.33042605669972075,0.01872522372382497
66.0,23.76823033,5.455271317,Nano,242.2336763,95.22350164699999,2.5438434011592723,0.6931062065399202,0.24960466606353598,0.057289127396544
47.0,17.74772264,5.058791336,Macro,164.7476296,69.806513976,2.360060977355802,0.6732896018294073,0.2542416406311565,0.07246875753943607
82.0,25.14587476,2.923125392,Macro,288.7463385,110.069000152,2.6233211721852214,0.7449872342508966,0.22845555719843694,0.026557208550666442
19.0,7.80977491,2.943760793,Macro,67.28327311,29.753535703,2.2613538700617664,0.6385795688169007,0.2624822470834131,0.09893818409968619
97.0,32.36994086,5.285901611,Micro,341.1248757,134.65584247099997,2.5333091341615277,0.7203549301686655,0.24039016997700136,0.03925489985433341
93.0,33.78890644,5.026881705,Macro,328.6183478,131.815788145,2.4930120467702492,0.7055300530289903,0.2563342898108042,0.0381356571602055
53.0,21.55391007,8.112433024,Micro,192.3225804,82.666343094,2.3264919337403103,0.6411315417658385,0.2607338036653082,0.09813465456885327
98.0,27.41215735,4.655176013,Macro,351.4179127,130.067333363,2.701815310684052,0.7534559021556589,0.2107535892467054,0.0357905085976357
14.0,5.736636694,1.232054121,Macro,48.94457673,20.968690815000002,2.334174181965971,0.667662093142461,0.2735810616224206,0.05875684523511822
77.0,16.06927787,0.357098302,Macro,273.4946458,93.426376172,2.9273815062300006,0.8241783868213117,0.1719993702893507,0.003822242889337527
67.0,16.09668684,1.386043169,Macro,238.7203655,84.48273000900001,2.825670589415955,0.7930614930751224,0.1905322761028817,0.016406230821995736
52.0,18.38397312,0.704457411,Macro,186.0817907,71.08843053100001,2.6176100570803014,0.7314833034233891,0.2586071036127767,0.009909592963834002
19.0,6.81912787,3.677202163,Micro,63.5059943,29.496330033,2.1530134165487893,0.644147932259475,0.2311856377512346,0.12466642998929046
70.0,28.11519313,5.700976365,Macro,251.2359124,103.816169495,2.4200075346846623,0.6742687612200077,0.270817092046091,0.05491414673390132
25.0,1.896591048,1.966394722,Micro,84.30943506,28.86298577,2.9210226458147885,0.8661612557764151,0.06571014735319948,0.06812859687038539
41.0,24.74052081,9.85509108,Macro,152.510022,75.59561188999999,2.0174454334984286,0.5423595229265364,0.32727456252355236,0.13036591454991134
25.0,14.16591288,0.496059904,Nano,87.27977917,39.661972784,2.2005909702305444,0.630326689399707,0.3571661187190028,0.012507191881290259
54.0,19.69719543,1.434318245,Nano,193.735841,75.131513675,2.5786228910288225,0.7187396787131216,0.2621695539797735,0.01909076730710497
33.0,13.19329779,0.782495368,Micro,123.8578104,46.975793158,2.6366305297584307,0.7024894691827057,0.2808531139777717,0.016657416839522605
69.0,25.74882385,1.818395347,Nano,248.1797166,96.56721919700001,2.570020330539973,0.7145281864152879,0.26664145518648136,0.018830358398230555
51.0,17.87552981,5.311291172,Mega,181.1590403,74.186820982,2.4419302229428963,0.6874536383271386,0.2409529020570534,0.07159345961580807
69.0,28.0169731,6.183202335,Micro,248.2907867,103.200175435,2.4059143858373035,0.6686035145692095,0.2714818359746522,0.059914649456138294
80.0,33.19290751,6.567471154,Micro,287.314256,119.760378664,2.3990760483990248,0.6680005598884101,0.2771610100125526,0.05483843009903728
44.0,7.159147123,1.94613341,Micro,157.8854215,53.105280533,2.9730644469882592,0.8285428409074703,0.13481045672193098,0.0366467023705987
22.0,4.079788849,0.922612615,Mega,81.13090923,27.002401464,3.004581253195755,0.8147423490955323,0.15108985230218264,0.03416779860228509
94.0,40.13111896,5.87651394,Nano,333.4228289,140.0076329,2.381461796001838,0.6713919666589835,0.28663522215723425,0.04197281118378225
62.0,20.46892895,5.018036257,Macro,217.7730454,87.486965207,2.4892056191997796,0.7086769995199155,0.23396547018826344,0.05735753029182109
78.0,28.7304925,5.352241057,Macro,276.7211332,112.082733557,2.46890064524767,0.6959145046220065,0.2563329032779971,0.047752592099996403
65.0,17.29582864,3.449765367,Nano,234.8878482,85.745594007,2.7393576418728234,0.7580564430481829,0.20171098982168137,0.04023256713013583
79.0,21.06477438,7.17742182,Micro,283.04186,107.24219620000001,2.639276982654706,0.7366503372671511,0.19642244495548664,0.06692721777736214
57.0,20.88550566,0.552810251,Macro,202.7919917,78.438315911,2.5853690169750436,0.7266856680690981,0.2662666251490882,0.007047706781813698
16.0,6.856474267,0.635842754,Nano,54.87146753,23.492317020999998,2.3357196942706797,0.6810737308583675,0.29186028184750507,0.02706598729412745
31.0,6.274391805,0.189037455,Micro,109.3335321,37.46342926,2.9184069440417266,0.8274736352846094,0.16748044503494552,0.005045919680445185
58.0,14.62053793,1.667640013,Mega,204.833802,74.288177943,2.757286659489284,0.78074333771522,0.1968084065975892,0.022448255687190912
47.0,27.98651144,5.474037323,Macro,167.6726118,80.460548763,2.0839108653594556,0.5841372041649942,0.3478289903594303,0.06803380547557551
53.0,16.94523174,2.181723009,Micro,188.8248058,72.12695474899999,2.617950618560088,0.7348154401421588,0.23493618715733924,0.03024837270050208
14.0,11.79752103,0.279324759,Macro,52.31974763,26.076845789,2.006367950071249,0.5368747475549984,0.4524136517682883,0.01071160067671327
43.0,22.33436079,3.378794858,Mega,156.9208771,68.71315564800001,2.28370936569797,0.6257899174399447,0.32503762313600093,0.04917245942405418
43.0,11.96907259,5.149783609,Macro,152.0970558,60.11885619899999,2.5299392805568703,0.7152498021197425,0.19909015817568218,0.08566003970457543
91.0,33.16642967,1.289134539,Mega,324.0969621,125.455564209,2.583360603759891,0.7253564285789709,0.26436794477084413,0.010275626650185032
46.0,14.77131146,2.053779217,Micro,163.3497975,62.825090677,2.60007261015863,0.7321915416962607,0.23511802849506613,0.032690429808673246
93.0,29.08470705,9.310734949,Mega,327.2404468,131.39544199899998,2.49050074965683,0.7077871087850048,0.22135248078256287,0.07086041043243237
69.0,22.38809556,4.68004768,Macro,245.7603942,96.06814324,2.558188239217186,0.7182401748686071,0.23304390826071722,0.04871591687067565
38.0,6.238737938,2.254929515,Nano,133.5416504,46.493667453,2.8722546040274404,0.817315606225597,0.13418468104945,0.04849971272495306
88.0,34.75140749,3.520735816,Mega,308.3063,126.27214330599999,2.441601860300018,0.6969074706108878,0.27521040334118363,0.027882126047928637
24.0,3.595598161,0.980335778,Macro,86.93714373,28.575933939,3.0423202935582627,0.8398675630770956,0.12582609438681486,0.03430634253608953
80.0,34.56254581,6.122002938,Macro,286.9573333,120.684548748,2.3777470792818085,0.662885189777252,0.2863874967305852,0.0507273134921628
33.0,11.24753148,4.786842033,Micro,110.7969059,49.034373513,2.259576251558012,0.6729972799846425,0.2293805482600497,0.09762217175530777
55.0,10.8373,2.078602242,Micro,198.6174502,67.915902242,2.9244616303893056,0.8098250657706398,0.15956940336865738,0.03060553086070272
74.0,22.67029057,4.618754518,Nano,261.2341445,101.289045088,2.579095738073546,0.7305824626514027,0.2238177934277496,0.045599743920847736
26.0,14.75836595,0.605994361,Nano,93.88105612,41.364360311,2.2696121833904987,0.6285604274916307,0.35678941579268947,0.014650156715679907
100.0,32.73514194,5.361312107,Mega,360.1096828,138.096454047,2.60766784552947,0.7241315549345374,0.23704549234014988,0.03882295272531271
78.0,20.850507,0.903613579,Nano,279.6871741,99.75412057899999,2.8037656236817057,0.7819225867289173,0.20901900471858204,0.009058408552500704
75.0,23.6025531,4.523740054,Mega,266.2170235,103.126293154,2.5814660389514263,0.7272636076233382,0.22887037222169873,0.04386602015496313
34.0,9.581611964,3.153043917,Nano,121.23858,46.734655881,2.5941900654775036,0.7275115085168032,0.20502155805742028,0.06746693342577648
26.0,19.83762759,0.857272544,Mega,88.39640673,46.694900133999994,1.8930634068459191,0.5568059879213362,0.42483499339482717,0.01835901868383681
100.0,30.05731411,6.120963746,Micro,352.0133529,136.178277856,2.584944959226405,0.7343315070098312,0.22072032767064162,0.044948165319527215
44.0,12.5643202,4.04894823,Nano,153.0361834,60.61326843,2.5247967543069514,0.7259136677444471,0.20728663088858282,0.06679970136697015
72.0,37.86899749,3.738798543,Nano,255.6630187,113.607796033,2.250400303740923,0.633759323867932,0.3333309756224835,0.03290970050958457
35.0,9.497455756,2.826741899,Macro,124.3064335,47.324197655,2.626699229138785,0.7395793639261437,0.20068920819826208,0.05973142787559427
26.0,9.724543191,0.926883355,Macro,96.75762967,36.651426546,2.639941710005821,0.7093857579422796,0.26532509393038345,0.025289148127336847
44.0,25.39485225,6.637342214,Nano,156.7171339,76.032194464,2.0611944059329104,0.5787022235802135,0.3340013060128634,0.08729647040692312
67.0,14.96789081,0.99267693,Nano,235.79587,82.96056774,2.8422644205978527,0.8076126022905156,0.18042174996812527,0.011965647741359104
92.0,28.10042831,6.381561037,Macro,325.1610137,126.481989347,2.5708088193326035,0.7273762887109597,0.222169404949089,0.05045430633995134
91.0,30.23149256,4.807255552,Mega,326.0231094,126.038748112,2.586689524322241,0.7220001893317441,0.23985871815495838,0.03814109251329756
39.0,13.60979845,4.812459429,Mega,141.9140783,57.422257879,2.4714123676404522,0.6791791448218681,0.23701259672997402,0.08380825844815784
32.0,5.838121345,2.765538827,Nano,115.3436166,40.603660172,2.840719681708403,0.788106290527645,0.14378312990181924,0.06811057957053576
77.0,31.94357839,4.004854458,Micro,274.5838423,112.948432848,2.4310549104255426,0.6817270329338921,0.2828155963260506,0.03545737074005728
34.0,10.92058269,1.175521194,Nano,117.111484,46.096103884,2.5405939793677335,0.7375894519319979,0.2369090176792695,0.025501530388732582
37.0,9.859486032,2.897944304,Mega,132.9857305,49.757430336,2.6726808358466108,0.7436075325865478,0.19815102921154196,0.05824143820191029
41.0,13.95180765,4.477142031,Micro,147.1501779,59.428949681,2.4760689645343894,0.6898994550648788,0.23476449987573186,0.07533604505938937
52.0,13.71733271,1.558106711,Nano,186.0681153,67.27543942099999,2.7657658857582867,0.7729418112692138,0.20389807674326604,0.023160111987520337
37.0,16.85298144,3.91916677,Nano,130.6762365,57.77214821,2.2619244834897927,0.6404470172288925,0.2917146403962672,0.06783834237484035
44.0,19.86674573,3.239329723,Micro,152.4606811,67.106075453,2.2719355895992,0.6556783376613475,0.2960498821587972,0.048271780179855305
65.0,24.08129979,6.713941984,Micro,233.7412523,95.795241774,2.4400090022366876,0.6785305699561561,0.2513830472583656,0.07008638278547824
59.0,11.79531244,5.28554619,Macro,208.8594206,76.08085863000001,2.745229540793367,0.7754907221398691,0.1550365315586607,0.06947274630147006
87.0,22.29068202,3.487820374,Mega,309.2154343,112.77850239399999,2.7417941162202455,0.7714236149018818,0.19765009772984804,0.03092628736827027
18.0,5.446337263,3.734724378,Macro,62.79673032,27.181061641,2.3103119057453303,0.6622257893285796,0.20037249960776837,0.13740171106365212
20.0,1.319809182,0.644217455,Nano,72.61550848,21.964026637,3.3061109276599536,0.9105798463342121,0.060089582106802104,0.02933057155898586
77.0,28.94958279,1.239417276,Micro,272.5494985,107.18900006599999,2.5427002615210688,0.7183572936830125,0.2700797915100872,0.011562914806900406
60.0,19.62187156,2.391937312,Nano,213.59437,82.013808872,2.604370811912412,0.7315841176653893,0.23925082653610327,0.029165055798507387
19.0,8.375280559,2.664241648,Micro,67.43855035,30.039522207,2.2449941076055144,0.632500073372422,0.27880871410958524,0.08869121251799277
54.0,23.84382575,2.481614073,Mega,191.5817244,80.32543982300001,2.385069099181495,0.6722652265457985,0.2968402762878202,0.030894497166381228
96.0,36.97046742,7.525472375,Macro,345.1152975,140.495939795,2.456407622907563,0.6832937673506809,0.2631426037929938,0.05356362885632527
96.0,24.27437076,3.456332223,Micro,342.6976454,123.730702983,2.7697057976554533,0.775878562762146,0.19618712392941937,0.027934313308434718
43.0,17.43919472,2.697972086,Mega,153.0511109,63.137166806,2.424104828306223,0.6810568509056643,0.2762112334496253,0.04273191564471037
13.0,4.441685878,0.043926315,Nano,49.90514092,17.485612193,2.854068840665383,0.7434683931286248,0.2540194663460589,0.002512140525316293
43.0,15.62476383,5.683331226,Nano,155.6124386,64.308095056,2.4197954933121784,0.6686560994001651,0.24296729387480426,0.08837660672503066
36.0,16.25772483,2.784612646,Mega,132.1699982,55.042337476,2.40124246644921,0.6540419911435812,0.2953676310910456,0.05059037776537322
12.0,2.846446825,2.467488906,Micro,42.43621949,17.313935731,2.4509863123737614,0.6930833166091992,0.1644020671685604,0.14251461622224038
75.0,22.65024416,1.537757637,Mega,263.8075933,99.188001797,2.6596724252991155,0.7561398419286275,0.22835669385049623,0.015503464220876263
37.0,14.34414237,3.13864616,Mega,131.9446678,54.48278853,2.4217678896399906,0.6791135512387843,0.2632784179558219,0.057608030805393874
38.0,10.81858114,0.61243765,Micro,140.0224896,49.431018789999996,2.8326846791255464,0.7687480640736356,0.2188621922999617,0.01238974362640281
20.0,1.028427715,0.921794519,Nano,72.76394233,21.950222233999998,3.314952420722722,0.9111525061928902,0.04685272449802388,0.04199476930908599
41.0,14.36171426,2.625772385,Mega,151.794227,57.987486645,2.6177066084841005,0.7070490957989338,0.24766919711355254,0.045281707087513653
94.0,25.98728487,3.090720713,Mega,336.1285185,123.07800558299999,2.731020192501619,0.76374328260145,0.21114483247354038,0.025111884925009723
90.0,28.66004546,3.637390017,Macro,321.7444568,122.297435477,2.6308356797923964,0.7359107707285159,0.23434706826203222,0.02974216100945199
31.0,16.8762305,1.04950058,Macro,108.8523122,48.92573108,2.2248479439584083,0.6336134241777793,0.3449356836876928,0.021450892134527916
13.0,1.178416233,6.490106168,Mega,49.10778734,20.668522401,2.375969911502916,0.62897578006694,0.05701502072267077,0.3140091992103891
56.0,14.70641376,3.98567555,Micro,200.002557,74.69208931,2.677693967963794,0.7497447255435463,0.1968938597896613,0.053361414666792374
62.0,21.15923997,0.1411057,Micro,223.0521522,83.30034567,2.6776857935696485,0.7442946304882962,0.25401143056265063,0.0016939389490531031
17.0,6.867834252,0.023448897,Micro,55.37313085,23.891283149000003,2.3177127199347476,0.7115565913299032,0.287461925304228,0.000981483365868588
18.0,1.271180652,1.050902776,Mega,62.80019843,20.322083428,3.090244100832357,0.885735956343895,0.06255168947139311,0.051712354184711894
36.0,17.57188246,1.500329303,Nano,129.8176825,55.072211763,2.3572266002074276,0.6536872017220566,0.31906985206295246,0.027242946214990935
68.0,26.99061065,2.552594587,Macro,238.337812,97.54320523700001,2.443407630710026,0.6971269791143412,0.2767041598071451,0.02616886107851367
30.0,5.312299993,0.516589987,Nano,106.5992303,35.82888998,2.9752311712560626,0.8373131296209919,0.1482686177541468,0.014418252624861252
73.0,23.01551995,2.959907987,Micro,255.8052576,98.97542793699999,2.584532978860426,0.7375568009310965,0.23253771597380593,0.02990548309509756
26.0,1.739578302,6.435910993,Macro,96.31729934,34.175489295,2.8183151529623185,0.7607791588752438,0.05090134297666096,0.18831949814809523
63.0,23.91406052,3.340211678,Mega,224.8081681,90.254272198,2.4908313216111853,0.6980278990205636,0.2649631971718445,0.03700890380759193
32.0,5.58329736,1.811827945,Mega,114.1926467,39.395125305,2.8986491555976026,0.8122832394174053,0.14172558956910775,0.045991171013486896
80.0,30.28224548,7.438100621,Macro,283.2811538,117.720346101,2.406390765764098,0.6795766632504016,0.25723884173784944,0.063184495011749
79.0,23.13587607,1.40636985,Nano,279.5126168,103.54224592,2.6995031285680264,0.7629735988249462,0.2234438307227323,0.013582570452321516
27.0,7.759085036,1.017372135,Micro,94.71314891,35.776457171000004,2.647359643726082,0.754686241595937,0.21687684163118945,0.028436916772873487
28.0,10.80138028,3.119772273,Nano,95.96736372,41.921152553000006,2.289234858194095,0.6679205674176111,0.25765943019682125,0.07442000238556752
23.0,6.674391648,0.15301899,Nano,83.3869198,29.827410638,2.7956472927544507,0.7711028047033387,0.22376704867223213,0.005130146624429223
56.0,13.21843022,3.196613591,Nano,203.5649727,72.415043811,2.8110867851063572,0.7733199768014706,0.18253707412646888,0.04414294907206046
88.0,27.54281898,4.614034843,Mega,315.3768673,120.15685382299999,2.6247097628286244,0.7323760334939409,0.2292238694978867,0.03840009700817248
33.0,8.767063323,3.074580992,Macro,119.1906975,44.841644315,2.6580358352320603,0.7359230577760315,0.19551163782964412,0.06856530439432437
56.0,14.65286853,2.096605189,Mega,200.4501628,72.74947371900001,2.755348630757838,0.769765018731324,0.20141545747255493,0.028819523796121
47.0,18.22307143,1.474865689,Macro,169.7622455,66.697937119,2.5452398204927458,0.7046694700039123,0.2732179167323731,0.022112613263714574
89.0,31.06459542,6.00634362,Mega,321.353775,126.07093904,2.548991682357822,0.7059517496872291,0.24640567966376273,0.047642570649008155
64.0,12.6264151,1.734419715,Micro,232.3602699,78.360834815,2.9652602661594036,0.8167345351934533,0.1611317073102828,0.022133757496263857
20.0,5.529660156,1.538808526,Macro,71.37816586,27.068468682,2.6369487945014445,0.7388670646633072,0.2042841884024683,0.05684874693422452
85.0,18.80897495,5.653697173,Macro,303.0271396,109.46267212299999,2.7683148394139083,0.7765204188007396,0.17183003653396023,0.05164954466530021
68.0,28.1018425,1.426340997,Mega,245.4946136,97.528183497,2.517165857062759,0.6972343538223666,0.28814073524566797,0.01462491093196537
89.0,31.10587709,4.739285667,Macro,314.6516345,124.84516275700001,2.520335009794824,0.7128830467643393,0.249155645305576,0.037961307930084544
54.0,9.674174412,1.365669378,Micro,191.1595594,65.03984379,2.9391146758779754,0.8302602966629911,0.14874227624586364,0.02099742709114523
74.0,20.16118814,2.57120506,Nano,261.5225806,96.7323932,2.703567770305098,0.7649970971668257,0.20842230273694912,0.026580600096225055
84.0,26.42486812,1.19268299,Micro,301.0353218,111.61755111,2.6970249643205957,0.7525698168849568,0.23674474002711346,0.010685443087929795
98.0,33.39717323,7.286840033,Mega,350.3919102,138.684013263,2.5265486767787553,0.7066423713463863,0.2408148743623801,0.052542754291233666
26.0,8.893581105,0.236530774,Nano,88.35156547,35.130111879000005,2.5149810445896867,0.7401058126302814,0.2531611950349747,0.006732992334743824
87.0,19.91736078,3.127906282,Macro,306.2487772,110.045267062,2.78293456298723,0.7905837508757538,0.1809924344022762,0.028423814721970038
49.0,9.296765758,1.840306536,Macro,170.806851,60.137072294,2.8402920941171548,0.8148052130048378,0.15459292252455656,0.030601864470605616
100.0,37.71103171,8.096590776,Nano,355.6437032,145.80762248599999,2.439129704855779,0.6858352004855007,0.25863552993342925,0.05552926958107015
69.0,20.31132319,2.926078332,Macro,250.0282238,92.237401522,2.710703246994274,0.7480696426984933,0.2202070185721293,0.03172333872937744
70.0,23.02194895,8.345155386,Micro,245.4126376,101.367104336,2.4210283918788336,0.6905593334102952,0.2271145960102549,0.08232607057944992
93.0,16.53028988,2.319053522,Nano,336.2135837,111.849343402,3.005950446142611,0.8314756007618821,0.14779067428753828,0.02073372495057966
26.0,15.20439445,3.615245315,Micro,92.66783206,44.819639765000005,2.0675719962471675,0.5801028329617142,0.3392350882273986,0.0806620788108871
88.0,34.39190309,5.058448106,Macro,307.9807713,127.450351196,2.41647644286496,0.6904649471280693,0.26984549487125603,0.03968955800067468
19.0,14.70872866,2.737595238,Micro,70.95160392,36.446323897999996,1.9467423962583368,0.5213145790278901,0.4035723520749138,0.07511306889719614
25.0,17.80623496,2.724311667,Micro,90.53373293,45.530546627,1.9884174392123974,0.5490819208652942,0.3910832678086222,0.05983481132608366
42.0,7.59338776,0.350837784,Nano,154.3461066,49.944225544,3.090369405448559,0.8409380572534602,0.15203735121110962,0.007024591535430217
59.0,10.57227241,0.978358792,Macro,206.2240263,70.55063120199999,2.9230642275834646,0.8362788396757456,0.1498536898944186,0.013867470429836
78.0,25.39863272,5.864782672,Mega,273.60741,109.263415392,2.5041081593357633,0.7138711500108478,0.23245321985294287,0.053675630136209386
16.0,3.849731765,1.23722102,Micro,57.15088632,21.086952785,2.7102486975099467,0.7587630210554388,0.1825646315165304,0.058672347428030715
94.0,27.47401916,5.880689586,Macro,336.3336192,127.354708746,2.6409201710067407,0.7380959913109799,0.21572833411911763,0.04617567456990241
37.0,14.95661588,3.961661465,Macro,128.7187909,55.918277345,2.3019090896853163,0.6616798971062795,0.2674727582847715,0.070847344608949
45.0,16.92875024,0.551052977,Micro,162.2357016,62.479803217,2.596610316401535,0.7202327421504433,0.27094756014522614,0.00881969770433056
64.0,26.89935681,7.413317734,Nano,222.4696465,98.312674544,2.2628785915129725,0.6509842225007997,0.2736102637301475,0.0754055137690528
81.0,29.72285354,1.837938386,Nano,291.3337296,112.56079192600001,2.5882345407762357,0.7196111418019449,0.26406045152507873,0.01632840667297634
46.0,8.066799135,0.508134517,Micro,165.2759528,54.574933652,3.0284224229000625,0.8428777997848147,0.147811432743801,0.009310767471384337
100.0,32.72043521,4.622529206,Mega,355.3688708,137.342964416,2.5874559524113545,0.7281042784041607,0.23823888867647142,0.03365683291936788
30.0,11.03989483,0.224889558,Micro,108.360295,41.264784388,2.6259750682596974,0.7270121592765221,0.2675379259514671,0.005449914772010755
74.0,26.11537916,5.268664251,Nano,263.9934407,105.38404341100001,2.505060843703064,0.7021935921683934,0.2478115122054054,0.04999489562620118
25.0,7.787564905,1.171257249,Mega,82.73231231,33.958822153999996,2.43625388227003,0.7361857218317939,0.22932376363597481,0.034490514532231446
17.0,6.337465655,1.733237745,Nano,63.18462712,25.0707034,2.520257453965173,0.6780822910616859,0.25278371946277345,0.0691339894755406
34.0,12.63758596,0.308467931,Micro,112.8147944,46.946053891,2.403072996549081,0.7242355252891259,0.269193785474326,0.006570689236548083
21.0,2.126632572,1.771582974,Micro,73.67573204,24.898215546,2.9590768022665106,0.8434339385166796,0.08541305171332458,0.07115300976999583
56.0,8.731409299,3.349439969,Nano,199.5647998,68.08084926800001,2.9312912800839768,0.8225514311602696,0.1282505931239024,0.04919797571582784
77.0,29.54985454,5.219418108,Nano,271.7395527,111.769272648,2.431254550217944,0.6889192188133815,0.26438263254215394,0.04669814864446464
42.0,15.20469724,2.230216304,Nano,151.2248068,59.434913544000004,2.544376659823816,0.7066553561806254,0.2558209700893041,0.03752367373007042
11.0,4.512800943,2.2934618,Nano,35.05080497,17.806262743,1.9684537668511701,0.6177601756620333,0.2534389730250427,0.12880085131292393
20.0,10.33151042,1.335153841,Micro,69.4310121,31.666664261,2.192558443407308,0.63157899534848,0.3262582485747977,0.042162756076722215
27.0,6.665685049,1.885684114,Nano,95.65706989,35.551369163000004,2.6906718965286673,0.7594644210805861,0.1874944680312705,0.05304111088814326
54.0,26.55541659,4.633747811,Nano,192.9436776,85.189164401,2.2648851993873427,0.6338834331771672,0.31172293773183524,0.05439362909099747
14.0,9.102133973,0.114328704,Micro,50.32466078,23.216462677,2.1676282679296985,0.6030203737225426,0.39205515929079365,0.004924466986663854
52.0,14.79010177,3.012857573,Macro,179.1528586,69.80295934300001,2.566551050073292,0.7449540891881208,0.21188359217442237,0.043162318637456676
50.0,23.42542742,1.702195369,Mega,177.0023893,75.127622789,2.3560227613899194,0.6655341689757402,0.31180844741742436,0.02265738360683537
50.0,19.57574792,0.47773224,Micro,176.8909589,70.05348015999999,2.5250845282202468,0.713740414977265,0.2794400488782227,0.0068195361445123675
78.0,19.20396374,2.635150336,Macro,275.7605866,99.839114076,2.762049615044503,0.7812569324345614,0.19234910002688393,0.026393967538554663
54.0,15.69645629,3.306405925,Macro,184.643663,73.002862215,2.529266078036883,0.7396970250421846,0.21501151891514234,0.04529145604267319
57.0,21.18777348,1.021528117,Macro,200.0908822,79.209301597,2.526103351068788,0.7196124552392068,0.2674909771051746,0.012896567655618484
56.0,15.92090337,0.310011712,Micro,197.1262712,72.23091508200001,2.72911219491284,0.7752912992508277,0.22041674748168183,0.00429195326749024
94.0,25.30668459,8.030213252,Mega,332.6334624,127.336897842,2.6122315529685087,0.7381992304904073,0.1987380328787388,0.06306273663085395
58.0,18.16916172,0.137570341,Macro,204.3054142,76.306732061,2.677423192971718,0.7600902100437809,0.23810693013921075,0.0018028598170083546
74.0,19.41782899,4.035883388,Macro,265.9391924,97.453712378,2.7288769807812403,0.7593348492766641,0.19925181418110388,0.04141333654223206
96.0,37.19547402,8.66657884,Macro,337.2020617,141.86205286,2.3769715360934187,0.6767137374977924,0.26219466918829415,0.06109159331391336
82.0,28.51798649,5.24218225,Nano,291.5637059,115.76016874,2.518687637324189,0.7083610959843527,0.24635405079662637,0.045284853219020975
48.0,14.59080695,0.457234705,Mega,175.001346,63.048041655,2.775682501886585,0.761324201989601,0.23142363453318904,0.0072521634772099094
46.0,22.78233554,1.590795934,Mega,164.5918119,70.37313147399999,2.338844505744497,0.6536585630979791,0.32373627637157437,0.022605160530446686
97.0,42.19441845,5.549949955,Mega,344.7151915,144.744368405,2.3815447557550176,0.6701469706136717,0.2915099144440528,0.0383431149422756
15.0,1.724488258,2.238012224,Micro,52.14299852,18.962500482000003,2.749795501363141,0.791034917269409,0.09094202843327315,0.11802305429731774
23.0,4.290951161,0.999133071,Macro,86.23968543,28.290084231999998,3.048406810060006,0.81300570939919,0.1516768605498297,0.03531743005098028
17.0,9.735393504,4.97714354,Mega,62.67089721,31.712537044,1.9762183367116415,0.5360655937559683,0.3069887940688092,0.15694561217522246
29.0,11.27808484,3.290785312,Nano,100.8025627,43.568870151999995,2.313637290761205,0.6656128538295083,0.2588564908994384,0.07553065527105342
79.0,33.57670036,2.990845572,Mega,282.0397908,115.56754593199999,2.4404757280729346,0.6835829156265345,0.29053745226844696,0.02587963210501861
28.0,10.82316525,0.023109357,Micro,94.73689499,38.846274607000005,2.43876397282453,0.7207898384921181,0.27861526901860734,0.0005948924892745249
39.0,19.19282825,1.538106706,Macro,140.8227323,59.730934956000006,2.357618081882281,0.6529280016917336,0.32132141015602955,0.025750588152236787
97.0,35.7618836,7.309638816,Macro,347.3233081,140.071522416,2.479614000827953,0.692503360618289,0.2553115935571142,0.052185045824596814
15.0,2.251002844,2.071719253,Micro,44.76171723,19.322722097,2.3165326813321814,0.7762881401854278,0.11649512075472457,0.10721673905984759
73.0,38.76584877,3.606399358,Mega,258.9137088,115.372248128,2.244159345085723,0.6327344849777911,0.3360067035097655,0.03125881151244338
26.0,15.96243391,3.251310532,Mega,94.26338068,45.213744442,2.0848390648317277,0.5750463785044986,0.3530438389254963,0.07190978257000519
44.0,0.132417912,0.091141363,Mega,155.7968397,44.223559275,3.5229375982876494,0.9949447923535548,0.002994284362698439,0.0020609232837467037
73.0,25.14783209,3.786915705,Nano,256.954759,101.934747795,2.52077691423497,0.7161444117839935,0.2467051975306258,0.03715039068538071
75.0,25.70465202,5.893578362,Nano,263.5301403,106.598230382,2.472181192460952,0.7035764077061487,0.24113582306090933,0.05528776923294198
59.0,13.04265832,1.123624456,Mega,213.4828328,73.166282776,2.9177761217360443,0.8063823630432292,0.17826050231266158,0.015357134644109201
22.0,9.963834215,5.045815917,Nano,72.56953736,37.009650132,1.96082743557885,0.5944395562112579,0.26922259949668853,0.13633784429205367
93.0,26.97803866,6.000294191,Nano,327.3526318,125.97833285099999,2.5984835994549482,0.738222183889313,0.2141482431896292,0.047629572921057836
39.0,8.192233052,1.786003784,Nano,139.7761666,48.978236836,2.853842351819037,0.7962720285458338,0.16726271873426327,0.03646525271990295
22.0,5.538209038,3.675905542,Micro,80.25905423,31.214114579999997,2.5712423789661125,0.7048093561524948,0.177426433923214,0.11776420992429126
19.0,7.726151916,2.074506079,Macro,66.31751682,28.800657994999998,2.302638947746027,0.6597071498609003,0.26826303473140495,0.07202981540769482
63.0,19.33340894,6.70398406,Nano,225.4610415,89.037393,2.532206232722919,0.70756788667431,0.21713808422041292,0.07529402910527715
66.0,19.53230719,3.884088166,Nano,235.9187645,89.416395356,2.6384284846276733,0.7381196673968952,0.2184421225238907,0.043438210079214196
92.0,31.62614758,2.225636163,Mega,327.8182529,125.85178374300001,2.6047962384818684,0.7310186416417568,0.2512967765684058,0.017684581789837298
84.0,28.27780956,3.840343724,Nano,299.0219882,116.118153284,2.575152805510579,0.7234011015879153,0.24352617364520573,0.03307272476687901
47.0,13.83842892,2.524159498,Mega,166.7838325,63.362588418,2.6322130560660644,0.741762626393089,0.2184006251245378,0.03983674848237321
46.0,14.71086338,0.961338138,Mega,166.2649357,61.672201518,2.6959461736009693,0.7458790000641403,0.23853313191205608,0.015587868023803535
45.0,18.63377368,1.63969465,Nano,168.6752956,65.27346833,2.5841325720158803,0.6894072147736293,0.28547240029891024,0.025120384927460465
59.0,23.06216322,2.518604614,Micro,207.2001801,84.580767834,2.44973160454934,0.6975581034661998,0.2726643870774771,0.029777509456323056
15.0,3.013590798,4.312852977,Micro,51.37877069,22.326443775,2.30125187906241,0.6718490482033787,0.13497854062071737,0.1931724111759039
11.0,0.038150719,0.266766715,Macro,34.05955871,11.304917434,3.012809152198183,0.9730278937656857,0.0033747012503833203,0.023597404983930995
88.0,35.92794676,8.670850647,Micro,311.9081452,132.598797407,2.3522697890134414,0.6636560943301165,0.27095228209138594,0.06539162357849754
21.0,6.326904995,1.731504711,Macro,78.82350018,29.058409706,2.71258823099753,0.7226823564148421,0.217730600504735,0.05958704308042287
65.0,25.28510272,12.05474882,Mega,228.4543835,102.33985154,2.2323110700498483,0.635138697407573,0.2470699570061151,0.11779134558631196
91.0,27.85349299,7.912248122,Macro,327.304958,126.765741112,2.581966982000442,0.717859566802041,0.21972413639258337,0.06241629680537563
74.0,26.3268719,0.204875336,Macro,267.4578554,100.531747236,2.660431781536017,0.7360858836590568,0.2618761995471661,0.0020379167937771103
90.0,28.58855473,4.505421748,Nano,319.4801251,123.093976478,2.595416398438466,0.731148692853263,0.23224982690448298,0.036601480242254035
58.0,20.90685872,4.012199218,Mega,210.1743325,82.91905793800001,2.534692719943236,0.6994773148938521,0.2521357482815641,0.04838693682458368
62.0,27.34392422,1.912193777,Mega,221.5407249,91.256117997,2.4276807929445674,0.6794065029375698,0.2996393537241954,0.02095414333823473
69.0,26.11436417,2.022409609,Nano,244.2670557,97.136773779,2.5146712845924073,0.7103386010841253,0.2688411726481044,0.02082022626777033
14.0,4.432798462,0.637216069,Mega,48.50317794,19.070014531,2.54342637553599,0.7341368291692572,0.23244861480278856,0.033414556027954186
51.0,11.9448119,1.367738794,Macro,180.2701025,64.312550694,2.8030314542759722,0.7930022903718856,0.18573065087767363,0.021267058750440798
17.0,6.644540939,0.889902454,Nano,57.85481043,24.534443393,2.358105684456112,0.6929034308090447,0.27082501251672064,0.036271556674234595
89.0,22.22106752,4.799168916,Micro,321.5551625,116.02023643599999,2.7715437614831857,0.7671075558365621,0.1915275145319822,0.04136492963145577
12.0,3.188129588,1.048343863,Micro,40.58860539,16.236473451,2.49984120705104,0.7390767481753203,0.1963560373883803,0.06456721443629945
77.0,28.84546272,2.077203913,Nano,277.7545,107.922666633,2.5736437827701875,0.7134738456921649,0.2672790028260828,0.01924715148175225
35.0,14.30888641,1.266797266,Mega,123.4672451,50.575683676,2.441237292825558,0.6920321675574062,0.2829202765041432,0.025047555938450743
45.0,16.51570417,6.973442838,Micro,160.1700141,68.489147008,2.3386189067487004,0.6570384063148529,0.24114337660054155,0.10181821708460545
69.0,21.53031815,0.808431096,Macro,244.3593923,91.338749246,2.6753091575829875,0.755429656849847,0.23571943263655842,0.008850910513594575
36.0,12.46065694,1.91697969,Nano,130.308934,50.37763663,2.5866424611590597,0.7146027961653508,0.2473450080939218,0.03805219574072743
90.0,30.76362901,3.521698276,Nano,320.1647752,124.285327286,2.57604644241915,0.7241401858555347,0.24752422254324577,0.028335591601219512
68.0,18.5450234,3.901617087,Mega,246.5262933,90.44664048700001,2.725654507150362,0.7518244971163269,0.20503827781934583,0.04313722506432711
97.0,32.66492942,3.404343568,Micro,342.131861,133.069272988,2.571080861250764,0.7289436383164679,0.24547311852335496,0.025583243160177172
88.0,20.3636207,5.245145153,Macro,313.5980144,113.608765853,2.7603329025312093,0.7745881168523955,0.17924339329897113,0.04616848984863341
37.0,18.11528843,3.862596413,Nano,129.2207028,58.977884843,2.1910026638626907,0.6273537970799486,0.3071539184259179,0.0654922844941335
26.0,12.88857643,4.686955087,Micro,91.42400652,43.575531517,2.0980583216600124,0.5966651259286807,0.29577554148643753,0.10755933258488176
100.0,34.99956608,3.442713665,Micro,354.6234629,138.442279745,2.5615257387641193,0.7223226906129564,0.2528098074119156,0.02486750197512792
85.0,24.15551314,4.220903998,Mega,303.2976855,113.376417138,2.675139091146537,0.7497149949317885,0.21305588719211588,0.03722911787609571
55.0,24.07212451,5.369232218,Macro,194.5590745,84.44135672799999,2.3040732887169018,0.6513396057475057,0.2850750561426958,0.06358533810979865
52.0,20.30070166,4.283666628,Macro,184.9717778,76.58436828800001,2.4152680492760976,0.6789897359269316,0.26507630883182354,0.055933955241244795
34.0,11.61161414,3.240610721,Micro,114.6961146,48.852224861,2.3478176260415293,0.695976490256907,0.2376885428051375,0.06633496693795544
70.0,23.31774328,5.445912683,Micro,249.273605,98.763655963,2.523940639595053,0.7087627459459805,0.2360963965199462,0.05514085753407318
34.0,12.36083061,5.470915563,Mega,121.709956,51.831746173,2.3481739471744962,0.6559686391139019,0.23847991863409299,0.10555144225200519
74.0,28.296297,5.03540586,Nano,260.0953411,107.33170286,2.4232853310755718,0.6894514670704815,0.2636341010717847,0.046914431857733786
20.0,6.660924603,0.657145317,Nano,74.78780996,27.31806992,2.7376681507519915,0.732116143584422,0.24382852165274785,0.024055334762830127
76.0,21.01001801,4.471264224,Micro,275.7361419,101.48128223399999,2.7171133023742793,0.7489065798829371,0.20703343067300015,0.04405998944406282
50.0,11.75894464,0.697241088,Micro,173.1877931,62.456185727999994,2.772948605190878,0.8005612161100047,0.18827510042337245,0.011163683466622857
33.0,10.17684557,1.872567716,Macro,117.5528494,45.049413286,2.60942020828786,0.7325289630410217,0.22590406461880952,0.04156697234016892
14.0,1.171320283,2.402996799,Macro,47.39172408,17.574317082,2.696646695224342,0.796617014173433,0.06664954760601718,0.13673343822054979
34.0,8.964285289,2.893730794,Macro,123.3492232,45.858016083,2.689807229705402,0.7414189034794316,0.19547913439550527,0.06310196212506308
47.0,11.99797611,2.844788545,Nano,172.2701919,61.842764654999996,2.7856159546074224,0.7599918965815518,0.19400775785061805,0.04600034556783028
79.0,28.99004026,5.70656376,Mega,287.583199,113.69660402,2.529391281989497,0.6948316590538041,0.25497718696066296,0.05019115398553309
17.0,7.089038619,0.26723685,Micro,56.96744934,24.356275469,2.3389228542971034,0.6979720697295091,0.29105593866446183,0.010971991606029081
52.0,15.04080543,2.272803588,Mega,182.727109,69.31360901800001,2.636237119791984,0.7502134247041754,0.21699642599902802,0.032790149296796495
38.0,14.03210293,0.298856444,Macro,141.2176727,52.330959374,2.6985492792276666,0.726147589391985,0.268141518861045,0.00571089174697002
86.0,27.93960266,6.37750394,Macro,307.7189371,120.31710659999999,2.557565967099146,0.714777826946181,0.23221637761691322,0.0530057954369059
33.0,3.887493556,2.279986256,Mega,116.0153021,39.167479812,2.96203132437578,0.8425356994730503,0.09925309401216471,0.05821120651478488
33.0,8.231079212,1.830718076,Micro,118.4636653,43.061797287999994,2.7510153491204186,0.7663405170781409,0.19114574240712776,0.04251374051473149
23.0,12.15512676,2.918798045,Macro,85.0929438,38.073924805000004,2.2349401653707446,0.6040879714344437,0.3192506898685618,0.07666133869699435
66.0,16.43219543,3.237042142,Macro,236.891033,85.66923757200001,2.7651819919712355,0.770404895275633,0.19180975453633162,0.037785350188035166
69.0,21.32044497,4.852932371,Nano,249.2061005,95.17337734099999,2.618443386821409,0.7249926600038319,0.2240169001632698,0.050990439832898436
96.0,31.45066121,5.395932867,Mega,343.9108493,132.846594077,2.5887818328309105,0.7226380222014339,0.23674420430960164,0.04061777348896451
20.0,8.556137899,2.255180617,Mega,79.28170883,30.811318516,2.5731358685227907,0.649112110850245,0.2776946366172835,0.0731932525324714
43.0,17.61064561,1.7945904,Nano,149.4068721,62.405236009999996,2.3941400057530204,0.6890447460708193,0.28219820540664275,0.02875704852253791
59.0,21.49268803,1.530348612,Macro,205.6847968,82.023036642,2.507646695619641,0.7193101159801365,0.26203233762007105,0.018657546399792557
40.0,23.74013807,2.669949446,Macro,137.1688236,66.410087516,2.065481747286544,0.6023181341292904,0.3574778916573533,0.04020397421335631
16.0,2.452537089,0.865971168,Macro,61.06091789,19.318508257,3.1607470451490354,0.8282212988263444,0.1269527158294601,0.04482598534419541
100.0,36.07233519,7.343767899,Micro,353.6186338,143.416103089,2.4656829057790968,0.6972717696697059,0.25152220994050106,0.051206020389793085
87.0,26.99627762,1.866030869,Micro,312.1486992,115.862308489,2.694134988943669,0.7508913048134183,0.23300310491019635,0.016105590276385365
37.0,14.07541414,0.27774083,Nano,131.6662526,51.35315497,2.563936970901167,0.7205010095604648,0.2740905431851795,0.005408447254355715
26.0,2.411407696,1.128846504,Mega,93.18048032,29.5402542,3.1543560759202944,0.8801549175565321,0.08163124391800257,0.038213838525465366
21.0,1.086564488,1.233637133,Nano,75.25843567,23.320201621,3.227177744562434,0.9005067941217695,0.04659327160454485,0.05289993427368576
86.0,18.90730836,4.165039776,Micro,305.2043714,109.072348136,2.7981828264983086,0.7884674848364722,0.1733464868329861,0.038186028330541674
95.0,25.73376486,2.270527985,Nano,336.6571388,123.00429284500001,2.7369543860085264,0.77233076832295,0.20921029880174666,0.01845893287530326
88.0,32.8470874,6.447430549,Macro,310.7435048,127.294517949,2.4411381558827068,0.691310210509276,0.25804007846716576,0.05064971102355826
79.0,23.39125587,5.083688528,Nano,281.8609461,107.47494439799999,2.6225735465953415,0.735055044154739,0.21764380527034996,0.04730115057491114
93.0,34.11216622,2.786386971,Nano,329.1673553,129.89855319100002,2.534034038208258,0.7159433089547566,0.2626062060124889,0.021450485032754422
49.0,10.55474179,0.342502633,Macro,178.562485,59.897244423000004,2.9811469078439545,0.8180676836142472,0.17621414627126109,0.005718170114491645
39.0,10.42906573,4.37599992,Macro,138.4315947,53.805065649999996,2.5728357177462158,0.7248388145029613,0.19383055487452974,0.08133063062250906
53.0,25.16287834,5.689885638,Micro,186.5292231,83.85276397799998,2.2244850885170426,0.6320602623654163,0.3000840657631972,0.06785567187138668
49.0,14.16394929,1.040513946,Micro,173.8000165,64.204463236,2.7069771747978546,0.7631868180236616,0.22060692631191023,0.016206255664428244
78.0,21.17355108,1.521428549,Nano,279.8417838,100.694979629,2.7791036338757644,0.7746165726174508,0.21027414830423233,0.015109279078316938
95.0,28.46452027,3.601174633,Mega,344.9207919,127.06569490300001,2.7145075794320976,0.7476447523662585,0.22401420219461576,0.02834104543912565
55.0,20.873105,2.839873992,Mega,193.9000676,78.71297899199999,2.4633811359078033,0.6987411822590266,0.2651799648203054,0.03607885292066803
90.0,24.74690445,7.061842686,Mega,323.8554048,121.80874713600001,2.6587204319441358,0.7388631942787705,0.20316196522709465,0.05797484049413481
20.0,7.833709453,4.783670357,Mega,71.07465941,32.61737981,2.179042578650342,0.6131700374616939,0.24016979593800178,0.14666016660030423
57.0,16.22435758,2.816390044,Nano,209.5364989,76.040747624,2.755581782758091,0.749598100768931,0.21336399347656154,0.037037905754507466
37.0,7.139056221,2.660930829,Nano,129.8872684,46.79998705,2.7753697508768864,0.7905985093643312,0.1525439785565069,0.056857512079162
49.0,18.91431788,0.747304256,Macro,172.2528762,68.661622136,2.5087213328402567,0.7136446602287421,0.27547146850879634,0.010883871262461486
31.0,12.53100733,2.685308786,Nano,114.0487612,46.216316116,2.467716399414979,0.6707587840232003,0.27113816900827775,0.05810304696852182
16.0,1.575240439,2.036787105,Micro,59.08480912,19.612027544,3.012682344415537,0.8158258988829004,0.08032012169399184,0.10385397942310784
24.0,11.01989424,0.759861818,Macro,86.73732416,35.779756058,2.424201104652484,0.6707703641437723,0.30799243634127743,0.021237199514950365
62.0,17.83636305,3.980693917,Micro,222.5440304,83.817056967,2.655116255007842,0.7397062393208378,0.2128011134657524,0.04749264721340976
99.0,35.23872291,2.678608349,Mega,353.0973035,136.917331259,2.5789087491930633,0.7230640495959303,0.2573722594938736,0.019563690910196052
99.0,29.65963013,7.73038091,Micro,353.5486523,136.39001104000002,2.5921887505112995,0.7258596083767865,0.2174618940481024,0.056678497575110974
75.0,21.56510793,6.507939785,Micro,267.8527494,103.073047715,2.5986691510337474,0.7276392972038355,0.2092215997108008,0.06313910308536373
68.0,11.14928351,3.602205534,Mega,240.9624117,82.75148904400001,2.9118800698785883,0.8217374791146482,0.1347321194917929,0.04353040139355875
98.0,34.89357897,6.591226551,Nano,352.3186779,139.484805521,2.5258570392956314,0.7025854868847755,0.25016043030397767,0.04725408281124688
26.0,10.72282034,2.627919227,Macro,90.79028582,39.350739567,2.3072065943110713,0.6607245578124766,0.27249348952496655,0.06678195266255693
15.0,1.619455174,0.263737433,Nano,56.22270792,16.883192606999998,3.3300993022308654,0.8884575535660714,0.09592114546679709,0.015621300967131711
75.0,24.76678077,8.778415289,Micro,264.8282337,108.54519605899999,2.4397969077880886,0.6909564192894688,0.22817021544221966,0.08087336526831157
61.0,9.879165582,1.436028111,Nano,213.0716274,72.315193693,2.94642960239523,0.8435295113633182,0.13661258550920938,0.019857903127472442
16.0,3.815213208,0.3327901,Macro,53.21920964,20.148003308,2.6414135845842694,0.7941233558189368,0.1893593697438557,0.016517274437207474
53.0,19.36161231,1.654827873,Nano,189.6550645,74.016440183,2.5623370163586947,0.7160571336443842,0.2615852945930646,0.02235757176255119
13.0,1.430684248,1.661340041,Micro,46.63333169,16.092024289,2.897915815468727,0.8078536153395188,0.08890641862739236,0.1032399660330888
62.0,21.56658905,1.046840025,Nano,219.9001444,84.613429075,2.5988799509009852,0.7327442071286838,0.25488376119213557,0.01237203167918059
21.0,6.753057335,1.970540402,Macro,75.12415924,29.723597737000002,2.5274248395067356,0.7065093595267962,0.2271951529808849,0.06629548749231882
61.0,26.01795786,4.539550507,Micro,216.5499263,91.557508367,2.365179330044448,0.6662479253529597,0.28417066305156935,0.04958141159547093
13.0,1.523935466,3.518965997,Nano,51.33690796,18.042901463,2.8452689865471443,0.7205049601727684,0.08446177401816918,0.1950332658090624
67.0,23.74360068,2.231237256,Micro,237.0171391,92.974837936,2.5492611158209573,0.7206250797244734,0.25537662885031437,0.02399829142521217
90.0,30.45987894,6.350355454,Mega,315.1792046,126.81023439399999,2.485439807805549,0.7097218961079244,0.24020047818349594,0.050077625708579765
50.0,21.86344116,5.987261805,Nano,176.9233723,77.85070296500001,2.2725982625942494,0.6422549584745422,0.28083806988652793,0.07690697163892975
12.0,7.525871114,4.351137632,Nano,45.3684816,23.877008746,1.900090672270678,0.502575516374525,0.31519321344055595,0.182231270184919
75.0,20.29945501,8.637936045,Nano,268.5657321,103.937391055,2.583918350980009,0.721588248836385,0.19530464257331842,0.08310710859029652
60.0,31.9179502,1.642863312,Macro,215.7581688,93.56081351200001,2.306074099840176,0.6412941246209286,0.3411465655533899,0.017559309825681328
74.0,22.32464234,4.001166429,Macro,266.3627574,100.32580876899999,2.6549774247352427,0.737596844799775,0.222521429071182,0.03988172612904302
10.0,2.687161173,2.552869928,Mega,37.08405319,15.240031101,2.433331857673615,0.6561666399318459,0.17632255178427275,0.16751080828388132
54.0,13.68614516,0.864997463,Nano,199.0335836,68.55114262299999,2.9034320360580113,0.7877330403808929,0.19964868033298228,0.012618279286124981
40.0,9.95269779,0.498155859,Nano,146.8899396,50.450853649,2.911545176657512,0.7928508064162924,0.1972751117204788,0.009874081863228771
51.0,27.45609511,1.952142405,Micro,181.3418933,80.40823751500001,2.255265118404952,0.6342633737057853,0.3414587355540297,0.024277890740184816
80.0,19.32978829,2.659791544,Macro,286.7241475,101.989579834,2.8113082529281637,0.7843938579824467,0.18952709013471275,0.026079051882840605
14.0,2.648968868,2.182940143,Nano,55.57428349,18.831909011,2.951070093719029,0.7434190549573275,0.14066385231856726,0.11591709272410525
29.0,8.943415485,2.715735436,Nano,105.320521,40.659150921000005,2.5903276043475643,0.7132465716351646,0.21996070459948594,0.06679272376534928
61.0,9.574189313,1.846560373,Nano,215.9117227,72.42074968600001,2.9813516655950734,0.8423000350656712,0.13220229498467662,0.02549766994965211
83.0,31.88569222,3.03815294,Micro,296.2449421,117.92384516,2.5121716621269647,0.7038440773991465,0.2703922364195065,0.02576368618134704
15.0,7.631560662,1.459345124,Nano,55.44668068,24.090905785999997,2.301560645852588,0.6226415948509908,0.3167818067859842,0.060576598363025126
39.0,21.55430149,3.285517042,Micro,145.7086026,63.839818532,2.2824094107811868,0.6109039921604895,0.3376309956018407,0.051465012237669805
58.0,20.76268193,4.156663595,Mega,208.8131736,82.919345525,2.5182684725489457,0.6994748889149532,0.25039611442350446,0.05012899666154234
64.0,20.53317132,4.245637001,Micro,226.7806507,88.77880832100001,2.5544457623267802,0.7208927581973551,0.23128460167833792,0.04782264012430683
59.0,21.18724484,1.117233143,Nano,206.6212101,81.304477983,2.541326323295533,0.7256672875058167,0.2605913642841426,0.013741348210040817
89.0,30.51487365,9.431987087,Macro,314.25191,128.946860737,2.437065223642382,0.6902067990745768,0.23664689063069266,0.07314631029473047
64.0,26.37581692,3.715556358,Mega,225.7821031,94.091373278,2.399604716501585,0.6801898810734456,0.2803213089692152,0.03948880995733914
14.0,2.359354088,1.141379612,Micro,50.49789748,17.5007337,2.8854731661907405,0.7999664608347248,0.13481458140237856,0.06521895776289653
54.0,13.09647398,1.75071503,Mega,195.8150488,68.84718901,2.8441981672128698,0.7843457485556389,0.19022525346819533,0.025428997976165886
40.0,6.151431894,5.955430467,Mega,143.1785436,52.106862361,2.7477867043317445,0.7676532070359023,0.11805416053230088,0.1142926324317968
23.0,9.665970142,3.653518074,Nano,77.78736554,36.319488215999996,2.141752798866036,0.6332688352659028,0.26613728928431885,0.10059387544977845
67.0,22.28131803,5.024264569,Mega,237.488704,94.30558259899999,2.518288922616956,0.7104563500221721,0.23626722210861217,0.05327642786921584
37.0,4.539363375,0.807812497,Mega,128.1104963,42.347175872,3.025242974578307,0.87373004782745,0.10719400483094392,0.019075947341605996
33.0,20.81105562,4.438582726,Mega,118.5002089,58.249638346000005,2.034350980792611,0.5665271225201711,0.35727355930320714,0.07619931817662172
97.0,29.94711311,4.767623725,Mega,345.9467083,131.714736835,2.6264844512681216,0.7364399939659949,0.22736342059822026,0.036196585435784884
67.0,16.70537458,2.657607685,Macro,238.3346609,86.362982265,2.759685395864207,0.775795349382612,0.19343211804266428,0.030772532574723725
27.0,2.742980844,0.29066076,Mega,96.01512547,30.033641604000003,3.1969191993425237,0.8989918823698032,0.0913302782315508,0.009677839398645837
46.0,13.78266234,0.176731945,Macro,164.256028,59.959394285,2.739454425094014,0.7671858688457063,0.22986660396347597,0.0029475271908177515
17.0,6.933958113,1.745695372,Macro,60.64135781,25.679653485,2.3614554552078295,0.6620027022533634,0.2700175887128019,0.06797970903383473
70.0,25.1423791,3.418215318,Nano,248.981991,98.560594418,2.5261819134740193,0.7102229893534001,0.2550956520551207,0.034681358591479194
97.0,30.53983841,8.846154241,Mega,348.4529616,136.385992651,2.5549028520227957,0.7112167321186321,0.22392210384939468,0.06486116403197319
100.0,30.10706369,8.054539885,Mega,357.7881952,138.161603575,2.5896355133557596,0.7237900937196039,0.21791194449807183,0.05829796178232438
18.0,1.481611067,2.321315362,Nano,59.54822642,21.802926429,2.731203382899788,0.825577248018333,0.06795468818485367,0.10646806379681335
63.0,15.79820177,4.337964302,Macro,225.7454019,83.13616607200001,2.715369406191926,0.7577929435119597,0.19002802891244686,0.05217902757559338
47.0,15.58848883,4.779978973,Mega,166.45073,67.368467803,2.470751308857699,0.6976557658612362,0.23139147049602077,0.07095276364274299
77.0,25.0517546,4.273356679,Nano,270.1674917,106.325111279,2.540956585421041,0.7241939281676357,0.2356146567696836,0.04019141506268068
60.0,17.59914055,1.792459542,Macro,217.0082053,79.391600092,2.733389994011055,0.7557474585531874,0.22167509572304742,0.02257744572376517
12.0,5.30937103,0.886191819,Micro,40.69035888,18.195562849,2.2362792081607012,0.659501445466937,0.29179482240044,0.04870373213262285
58.0,21.36662978,4.869841897,Macro,209.9160703,84.236471677,2.491985551162581,0.6885378606834072,0.2536505785988893,0.05781156071770354
66.0,18.19837817,6.138034353,Mega,236.411755,90.33641252299999,2.617015092776777,0.7306024022505448,0.20145119406160417,0.06794640368785104
98.0,37.29968791,5.509882621,Mega,346.9490364,140.809570531,2.4639591974582244,0.6959754200686576,0.26489455062849065,0.039130029302851754
23.0,14.80553314,1.818714968,Micro,80.27251748,39.624248108,2.0258432983058485,0.5804526545793655,0.3736483049380768,0.04589904048255764
29.0,4.442709588,3.533258348,Mega,104.4211823,36.975967935999996,2.8240283656870817,0.7842931941685682,0.12015127219089117,0.09555553364054065
57.0,2.451159611,1.932471284,Mega,201.4312428,61.383630895,3.281513977961958,0.9285863212865586,0.039931812036222494,0.03148186667721881
10.0,1.667023998,5.648119947,Micro,34.78708531,17.315143945,2.00905550773924,0.5775291289384659,0.09627549174844587,0.32619537931308834
97.0,34.78643691,5.168134754,Micro,344.0295871,136.95457166399999,2.511997831982063,0.7082640529735417,0.25399982262252585,0.03773612440393256
62.0,13.25095926,2.680226827,Nano,218.1731421,77.931186087,2.7995614214884164,0.7955736735584275,0.1700341022040526,0.03439222423751996
78.0,31.21946728,7.587730571,Nano,270.6535949,116.807197851,2.3170968902554057,0.6677670677409563,0.26727348874359397,0.06495944351544977
32.0,21.47726978,3.45746956,Macro,113.6751386,56.93473934,1.9965866168484683,0.5620470098036985,0.3772261018311356,0.06072688836516591
56.0,21.41117235,3.944672626,Micro,199.0041018,81.355844976,2.446094707254362,0.6883340713444746,0.263179275641674,0.04848665301385143
44.0,12.6133501,2.000279606,Micro,158.6730922,58.613629706,2.7071023070212186,0.7506786428463742,0.21519483033668585,0.03412652681694
25.0,15.66067741,4.894260232,Mega,93.293216,45.554937642,2.0479276414152534,0.5487879315402884,0.34377563049414483,0.10743643796556686
46.0,7.179374076,3.421230648,Macro,166.49574,56.600604724,2.941589419616251,0.8127121649019221,0.12684270973797168,0.06044512536010621
49.0,17.57987378,1.218985086,Macro,173.6120794,67.798858866,2.560693237376353,0.7227260284254236,0.2592945379028498,0.0179794336717266
84.0,28.25584373,5.699994101,Mega,298.8823429,117.955837831,2.5338495185649106,0.712130925816068,0.23954595422808378,0.04832311995584828
12.0,6.299113349,0.91215344,Micro,40.15359647,19.211266789,2.090106649968089,0.6246334576370033,0.3278864126027728,0.0474801297602239
99.0,34.92092671,6.825080712,Nano,355.9261224,140.746007422,2.528854131775288,0.7033947307874064,0.24811308931340612,0.048492179899187485
47.0,12.91493042,1.829351188,Nano,172.8780528,61.744281607999994,2.7999038663622704,0.7612040949539588,0.2091680408882862,0.02962786415775509
31.0,10.82249016,0.857715137,Macro,107.3165162,42.680205297,2.5144329895606967,0.726332026387394,0.25357165188614295,0.020096321726462946
64.0,22.33541786,0.434649663,Mega,225.8049954,86.77006752300001,2.602337440156379,0.7375815396598098,0.2574092483456877,0.00500921199450246
88.0,25.59728155,4.903209547,Micro,314.3113297,118.50049109700001,2.6524052920820105,0.7426129561603803,0.21600991956267115,0.041377124276948514
94.0,21.23189006,4.101766949,Mega,334.2461302,119.33365700899999,2.800937627971894,0.7877073606561026,0.17792038383939512,0.03437225550450239
13.0,11.97337764,0.12416714,Mega,49.49801278,25.097544780000003,1.9722252998805088,0.5179789542744268,0.4770736637769234,0.0049473819486497185
94.0,33.99373618,5.491583816,Nano,334.7914212,133.485319996,2.508076702442129,0.7041972855353442,0.2546627313102194,0.04113998315443646
61.0,26.82343484,5.586457741,Macro,214.3465426,93.40989258100001,2.2946878181465657,0.6530357579322137,0.28715839509974994,0.05980584696803635
75.0,26.57604552,6.141799337,Macro,265.2172358,107.717844857,2.4621476242129345,0.6962634659054465,0.24671906085088155,0.057017473243671915
83.0,24.14078851,5.204844004,Micro,292.313545,112.34563251399999,2.6019128510720986,0.7387915145669497,0.2148796350137749,0.0463288504192755
10.0,5.298172116,0.903993562,Mega,37.069275,16.202165678,2.287920993817157,0.6172014407665533,0.32700394634243785,0.05579461289100886
84.0,27.29955891,5.084324988,Micro,305.1819706,116.38388389800001,2.6222012909232735,0.7217494139791591,0.23456476958550038,0.04368581643534042
27.0,8.356876047,3.829888213,Micro,97.93025316,39.18676426,2.499064544095635,0.6890081513456402,0.21325761911733818,0.09773422953702175
66.0,34.39442709,3.764872969,Mega,240.8906045,104.15930005899999,2.312713356978685,0.6336448110021378,0.3302098523177251,0.0361453366801373
60.0,11.20191354,3.278170228,Micro,210.069569,74.48008376799999,2.820479762809496,0.8055844860069654,0.15040146269025612,0.04401405130277861
44.0,11.82249558,1.840562767,Macro,155.6302295,57.663058347,2.6989589862449064,0.7630535261452909,0.20502720318536627,0.0319192706693428
11.0,2.478502537,1.480315228,Micro,38.86596606,14.958817765000001,2.5981977099110676,0.7353522298892715,0.1656883970335606,0.09895937307716778
38.0,9.953269119,0.713255761,Nano,134.3960949,48.66652488,2.7615716394665246,0.7808241926806754,0.2045198243257019,0.014655982993622783
35.0,14.57976711,3.274513943,Nano,124.1763504,52.854281053,2.3494095071595296,0.6621980150463782,0.27584836685944203,0.0619536180941797
49.0,16.59159546,0.394758957,Micro,177.3087891,65.986354417,2.6870523559992296,0.7425777713123091,0.251439795493923,0.005982433193767993
63.0,18.66286971,2.145018859,Nano,225.8508972,83.807888569,2.69486442214869,0.7517192125432366,0.22268631305076542,0.025594474405997963
26.0,17.17752921,2.97097749,Nano,94.50404095,46.148506700000006,2.047824462974443,0.5633985118742747,0.37222286133041865,0.06437862679530647
39.0,5.04461794,2.012805814,Macro,138.8562113,46.057423754,3.0148497241542005,0.8467690292080856,0.10952887784049982,0.043702092951414626
31.0,18.12941166,3.425164997,Macro,113.5480982,52.554576657000005,2.160574880872453,0.589862995231091,0.34496351817887305,0.06517348659003583
32.0,11.85926874,1.787562176,Mega,110.3772781,45.646830916,2.418071000440709,0.7010344279734751,0.25980486491655047,0.039160707109974394
14.0,11.24439034,2.602426966,Mega,53.87149398,27.846817306000002,1.934565569487634,0.5027504524541659,0.40379445221473237,0.09345509533110159
77.0,25.46734474,1.829690923,Mega,273.7988825,104.297035663,2.6251837433298384,0.7382760162886989,0.24418090675452145,0.017543076956779643
69.0,21.04661271,5.599101966,Nano,245.6431449,95.64571467600001,2.5682608544681433,0.7214123521763374,0.22004762870239855,0.058540019121263984
88.0,29.43758471,5.523007979,Micro,317.1594292,122.960592689,2.5793583315117914,0.7156764462137506,0.2394066592087391,0.04491689457751033
93.0,24.64119515,4.856110743,Mega,326.0358817,122.497305893,2.6615759369009195,0.7592003703431195,0.20115703745781807,0.03964259219906238
10.0,0.573244039,1.072542455,Micro,33.71960742,11.645786494000001,2.8954341072088696,0.8586796611076527,0.049223299714050206,0.09209703917829698
85.0,29.57319313,5.647527894,Nano,298.3137084,120.220721024,2.4813834575193305,0.7070328581961441,0.24599081487871147,0.04697632692514436
91.0,29.48179455,2.502110175,Nano,324.8713637,122.983904725,2.6415762650115355,0.739934223128481,0.23972075545920588,0.020345021412313105
92.0,26.8926879,3.890886001,Nano,327.8695387,122.783573901,2.6703045715574314,0.749285894497413,0.21902512726729625,0.03168897823529073
25.0,13.96921225,5.209408375,Mega,90.62518481,44.178620625,2.0513357711923805,0.565884575985446,0.31619847003767787,0.11791695397687622
33.0,7.841799099,2.114598916,Nano,113.3965237,42.956398015,2.63980521971146,0.7682208361249631,0.18255252910781097,0.04922663476722607
77.0,28.46882717,3.439719406,Macro,274.9067731,108.90854657599999,2.524198345702474,0.7070152198410512,0.26140122208070704,0.03158355807824182
69.0,26.94994463,2.112651668,Nano,245.3328876,98.062596298,2.5017988189346316,0.7036321962179912,0.2748238946081183,0.021543909173890468
25.0,1.247191596,1.757639591,Mega,90.04268581,28.004831187,3.2152554396327986,0.8927031137257896,0.04453487284647348,0.06276201342773693
67.0,28.20812272,4.03044572,Micro,239.6004589,99.23856844000001,2.4143885050585276,0.6751407346278724,0.28424556262170114,0.040613702750426334
47.0,19.60088777,8.160758956,Mega,166.9758535,74.761646726,2.2334426917047896,0.6286645901775559,0.2621783846179429,0.10915702520450125
81.0,32.48179976,5.065837233,Macro,287.9154222,118.547636993,2.4286896770198876,0.6832696294467927,0.2739978677256805,0.04273250282752686
98.0,33.80416617,6.854701422,Macro,349.6410831,138.658867592,2.5215919412295325,0.7067705203562051,0.24379375626712785,0.049435723376666935
78.0,24.73579762,4.85653667,Nano,279.5227695,107.59233429,2.5979803426012276,0.7249587111825455,0.22990297388035227,0.04513831493710219
35.0,15.07233814,0.928096772,Macro,123.5652911,51.000434912,2.422828183979389,0.6862686575201101,0.29553352174362724,0.018197820736262506
26.0,8.871762171,1.900113447,Nano,91.7104474,36.771875618,2.494037789987175,0.7070621110029232,0.2412648803439668,0.05167300865311004
58.0,27.23205765,4.969437558,Micro,211.7283823,90.201495208,2.3472824016028255,0.643004862239312,0.30190250823674575,0.055092629523942296
46.0,23.82047528,1.627421268,Micro,159.4508481,71.447896548,2.2317080810472567,0.6438258118501272,0.3333964529522149,0.0227777351976579
60.0,17.22084922,5.41143896,Mega,216.6682401,82.63228818,2.622077215482961,0.7261084174421079,0.20840339290238932,0.06548818965550277
51.0,16.17484875,1.898537466,Micro,185.0487647,69.07338621599999,2.6790168375607415,0.7383451542467812,0.2341690430438648,0.02748580270935418
27.0,12.24599734,2.026165043,Mega,99.96302723,41.272162383,2.422044822908885,0.6541939758194326,0.29671324769365914,0.04909277648690821
55.0,14.65663336,3.817979653,Micro,191.5212661,73.474613013,2.6066318452893897,0.7485578725031019,0.19947887792762892,0.051963249569269294
88.0,31.06040008,5.598760009,Micro,313.1249453,124.659160089,2.511848668613245,0.7059248589287196,0.249162597099359,0.04491254397192139
33.0,5.338710726,2.31694426,Macro,120.252124,40.655654986,2.9578203583587444,0.8116951998772061,0.13131532938870163,0.05698947073409228
43.0,14.62315899,3.608015493,Nano,154.2647062,61.231174483000004,2.519381793710808,0.7022566586884327,0.2388188551578399,0.0589244861537274
84.0,31.21585735,1.944918744,Micro,296.6152122,117.160776094,2.531693815018951,0.7169634992226872,0.2664360752010981,0.01660042557621469
97.0,31.41745386,4.01690321,Nano,343.4816646,132.43435707,2.59359936650312,0.7324383350819554,0.23723038760549026,0.03033127731255425
49.0,18.60629352,5.167471593,Nano,175.5391351,72.77376511300001,2.412121110230181,0.6733195667960133,0.2556730916850178,0.07100734151896868
54.0,26.81127265,7.62812867,Mega,193.8712032,88.43940132,2.1921360876077896,0.6105875796763026,0.3031598162112027,0.08625260411249468
15.0,5.559327554,1.207829519,Mega,48.27654502,21.767157073,2.2178617473148234,0.6891115798767314,0.2553997995859457,0.05548862053732284
68.0,16.84529732,4.987388927,Macro,243.3928083,89.832686247,2.709401426901316,0.7569627809306536,0.18751857507280717,0.05551864399653924
37.0,13.33891846,2.531478926,Micro,132.8755737,52.870397386,2.5132319836730646,0.699824511056116,0.2522946510618081,0.04788083788207599
79.0,26.74288882,4.026507794,Nano,285.6838804,109.769396614,2.6025822243024326,0.7196905734828858,0.24362791128423866,0.03668151523287556
96.0,24.60359711,4.14617113,Nano,342.9582007,124.74976824,2.749169040861058,0.7695405078052753,0.1972235897277688,0.03323590246695596
56.0,14.68210758,3.733367354,Micro,204.1140192,74.415474934,2.742897487129273,0.7525316481506983,0.1972991181339868,0.05016923371531485
31.0,12.32745975,1.450388739,Mega,106.7625412,44.777848489,2.38427134850454,0.692306599045628,0.2753026365933667,0.03239076436100539
34.0,18.15111996,3.103474045,Micro,120.1130232,55.254594005,2.173810619061484,0.6153334507701447,0.3284997435391074,0.05616680569074792
62.0,26.56556136,2.245302708,Mega,216.2518814,90.810864068,2.3813437259893115,0.6827376948376335,0.29253726008055014,0.024725045081816388
38.0,15.20246594,2.346264462,Micro,128.9935813,55.548730402,2.3221697483720645,0.6840840416153208,0.2736780090198541,0.04223794936482517
32.0,14.48736052,0.931805763,Macro,111.1881219,47.419166282999996,2.3447928467662975,0.6748326153400162,0.3055169809089155,0.019650403751068413
91.0,35.48887371,6.478934029,Micro,324.6273336,132.967807739,2.441397952782713,0.6843761775678981,0.266898238855381,0.0487255835767209
30.0,11.87771692,0.521646686,Nano,105.5402871,42.399363605999994,2.489195075679505,0.7075577897531146,0.28013903770761234,0.012303172539273231
53.0,17.7104836,0.670137979,Nano,185.0330295,71.380621579,2.5922025531147272,0.7424984376374842,0.24811332835479788,0.00938823400771776
87.0,34.45287378,5.827060764,Mega,308.2204699,127.279934544,2.421595132054769,0.6835327210977199,0.2706858225802263,0.04578145632205378
92.0,27.8684782,2.766438696,Micro,323.4020966,122.634916896,2.6371126982885285,0.7501941724967303,0.22724749936948008,0.02255832813378971
97.0,38.91395638,9.088162781,Nano,349.3943713,145.002119161,2.409581137997421,0.6689557405178205,0.26836819079032026,0.06267606869185928
99.0,34.47576407,4.93427199,Macro,347.5524099,138.41003606,2.5110347471431758,0.7152660516400995,0.24908427922853035,0.03564966913137006
68.0,16.41037116,3.082835585,Macro,243.3430795,87.493206745,2.7812796964823376,0.7772031970229051,0.1875616607335953,0.035235142243499676
73.0,17.20243034,5.265145607,Mega,263.0079568,95.467575947,2.754945374815132,0.7646575214240995,0.18019133898979628,0.05515113958610419
73.0,31.85438735,5.430961826,Mega,260.1410479,110.285349176,2.3587996940994516,0.661919289782564,0.28883607467357114,0.04924463554386489
20.0,7.325061924,1.587892055,Nano,70.88148393,28.912953979,2.4515476343746303,0.6917314645375343,0.25334879062583243,0.05491974483663325
38.0,17.17151486,4.116564215,Macro,139.0004943,59.288079075,2.344493133673011,0.6409382896674664,0.2896284569833653,0.06943325334916833
79.0,28.23216199,4.76982045,Macro,280.3209694,112.00198244,2.502821497379917,0.7053446580047873,0.252068413209776,0.042586928785436594
48.0,7.395379413,2.925949505,Nano,172.524878,58.321328918,2.958178100546553,0.8230265134645367,0.1268040277922667,0.05016945874319661
79.0,26.65916629,5.058853639,Mega,286.0745214,110.71801992900001,2.583811755154677,0.7135243210695081,0.24078434844748567,0.045691330483006144
28.0,15.98710355,0.831085792,Mega,95.67204115,44.818189342000004,2.134669930994822,0.624746345425442,0.35671016131430755,0.018543493260250326
61.0,21.98199898,4.021468949,Macro,220.8382216,87.003467929,2.5382691846285614,0.7011214777068384,0.25265658373455435,0.04622193855860732
59.0,19.15990669,4.831583416,Nano,212.4086283,82.991490106,2.559402512579342,0.7109162629161481,0.23086591969282888,0.058217817391023
99.0,33.3817234,8.147554697,Micro,349.6352619,140.529278097,2.487988742521434,0.7044795315298317,0.23754283699485274,0.05797763147531556
66.0,22.43386587,0.874304744,Micro,232.4095312,89.308170614,2.6023322345779563,0.7390141299082191,0.2511961191878143,0.00978975090396649
12.0,2.689973086,1.873918167,Mega,46.74453019,16.563891253,2.8220742020105796,0.7244674464900629,0.1623998277284512,0.11313272578148578
14.0,4.702788925,1.325031956,Mega,47.20872537,20.027820881,2.357157358781154,0.699027621785929,0.23481281128599685,0.06615956692807412
37.0,11.56440578,3.196670639,Micro,129.1776006,51.761076419,2.4956513569061447,0.7148228468142592,0.2234189584155371,0.06175819477020371
95.0,24.08392299,3.537059462,Micro,338.2973414,122.620982452,2.758886241450777,0.7747450566805543,0.1964094766523964,0.028845466667049274
74.0,20.71704181,3.564433801,Nano,263.5298439,98.28147561099999,2.681378583926195,0.7529394480491263,0.2107929462923253,0.0362676056585485
85.0,27.47012019,5.023978417,Nano,304.9218522,117.494098607,2.5952099366276897,0.7234405898487902,0.2337999994525972,0.04275941069861261
17.0,14.6946038,0.474445692,Mega,60.56969734,32.169049492,1.8828562949944434,0.5284582624745461,0.4567932230529331,0.014748514472520803
42.0,12.05907089,1.472850958,Micro,146.8234527,55.531921848,2.643946901421491,0.756321744364636,0.21715565549860957,0.026522600136754407
60.0,17.8876588,4.215976155,Macro,219.1544568,82.10363495499999,2.669241829793722,0.730783722704668,0.21786683147224858,0.05134944582308354
32.0,11.21930355,0.656788657,Micro,114.7290885,43.876092207,2.614842907128728,0.7293265737757456,0.2557042568209862,0.014969169403268229
29.0,22.05660505,4.372790192,Nano,102.160097,55.429395242,1.8430671407107682,0.5231881003461878,0.3979225274550218,0.07888937219879041
56.0,22.65913506,0.484667648,Mega,201.9764459,79.143802708,2.552018464985684,0.7075727736587444,0.2863033400555768,0.006123886285678929
11.0,7.322336297,1.174883484,Micro,36.9690515,19.497219781,1.896119134689463,0.5641830026822325,0.3755579707900509,0.060259026527716614
57.0,23.27044919,5.741407966,Micro,204.2368808,86.01185715599999,2.374520066803986,0.662699328728816,0.2705493167970354,0.0667513544741487
95.0,38.05125413,3.180587039,Micro,337.0168508,136.23184116899998,2.4738478751228192,0.6973406450709966,0.2793124852713118,0.023346869657691696
70.0,18.39714752,1.654340278,Macro,248.034799,90.05148779800001,2.7543664748369507,0.7773330759067665,0.20429587528045917,0.018371048812774217
46.0,15.43266188,1.018386283,Mega,154.8304186,62.451048162999996,2.479228502232433,0.7365769086843501,0.2471161387030698,0.01630695261258012
84.0,28.06256577,3.420994554,Nano,294.0207823,115.483560324,2.545996862887644,0.727376258268537,0.24300052484758722,0.029623216883875748
72.0,26.44800535,3.509245812,Micro,256.3737002,101.957251162,2.51452150070864,0.7061783166907777,0.2594028874707178,0.03441879583850446
14.0,6.167699608,0.901902768,Nano,45.77378949,21.069602376,2.172503717589853,0.664464366728968,0.2927297581574446,0.04280587511358739
52.0,18.25418226,2.745603394,Nano,182.7775529,72.999785654,2.5038094463224603,0.7123308587023321,0.25005802546489764,0.03761111583277034
13.0,2.879753335,0.221099517,Micro,40.56580781,16.100852852,2.519481929490526,0.807410645851917,0.1788571923158894,0.013732161832193609
76.0,31.36438375,7.209496962,Macro,269.9524569,114.573880712,2.3561430862115005,0.6633274488715128,0.27374811392519255,0.0629244372032945
93.0,23.00790846,4.42627669,Micro,330.7429786,120.43418514999999,2.7462549623104255,0.7722059968618471,0.19104134288237015,0.03675266025578287
31.0,7.682984504,1.443827375,Nano,110.0272035,40.126811879,2.7419871738572317,0.7725507845845976,0.1914676034360163,0.035981611979386124
31.0,20.5097048,1.575745303,Macro,110.6422897,53.085450103,2.084230038274599,0.5839641547703126,0.38635265897163307,0.02968318625805436
62.0,16.99203482,3.781429364,Mega,219.1695306,82.773464184,2.6478235840510487,0.749032321060987,0.2052836013028018,0.04568407763621116
47.0,18.76508582,6.298226829,Macro,160.5020705,72.063312649,2.2272369198701725,0.6522042669468124,0.2603972136473856,0.08739851940580196
87.0,37.93348578,7.081628466,Macro,305.2916435,132.015114246,2.3125506896968826,0.659015450593651,0.2873419910792477,0.053642558327101325
52.0,12.04481355,0.370684494,Nano,187.710916,64.415498044,2.914064498450065,0.8072591469289051,0.1869862675248215,0.005754585546273324
94.0,34.83022342,6.007376739,Mega,330.30906,134.837600159,2.449680649985618,0.6971349229677445,0.25831239490267055,0.04455268212958494
14.0,3.492288507,1.662926385,Micro,51.36711319,19.155214892,2.6816255249348835,0.7308714665397449,0.18231528733507044,0.08681324612518473
45.0,14.18460355,5.545421141,Macro,153.5787045,64.730024691,2.372603830033042,0.6951951619795498,0.21913483916795437,0.08566999885249589
20.0,6.533529151,0.389875207,Mega,68.65396305,26.923404358,2.54997332941665,0.7428481084360795,0.24267098856161673,0.014480903002303747
63.0,27.00388098,4.800652099,Nano,221.1447837,94.80453307900001,2.332639342421754,0.664525186232419,0.28483744503543773,0.05063736873214329
80.0,31.5992473,5.409547295,Mega,280.2136399,117.008794595,2.3948083635071824,0.6837092910571574,0.27005873711778494,0.04623197182505767
85.0,28.20271003,7.586978644,Macro,300.0219219,120.78968867399999,2.4838371983036645,0.7037024512034882,0.23348607269049645,0.06281147610601549
88.0,24.62803209,9.751647012,Micro,314.4924171,122.37967910200001,2.5698091334091457,0.7190736292636826,0.20124282291566747,0.07968354782064983
26.0,8.09305976,2.677550763,Macro,91.56749737,36.770610523,2.490235981062228,0.7070864375160976,0.2200958767039724,0.07281768577992996
47.0,11.6137875,1.815052726,Nano,164.6803039,60.428840226,2.725193852539718,0.7777743180941915,0.19218948198517757,0.030036199920630925
75.0,30.5037236,3.850431399,Macro,269.8695308,109.354154999,2.467848897030642,0.6858449960194548,0.27894434921360733,0.035210654766937854
63.0,20.16504866,3.549288353,Micro,225.4633762,86.71433701299999,2.6000703455323553,0.7265234581745715,0.23254572836066206,0.0409308134647665
90.0,32.90465972,5.083271911,Nano,321.5275916,127.987931631,2.5121711672549814,0.7031912997819013,0.25709189374875524,0.039716806469343544
69.0,17.55118962,3.143709747,Micro,246.2388495,89.694899367,2.7452937818958594,0.7692745126751996,0.19567656292457278,0.035048924400227534
45.0,10.90863806,3.192073711,Mega,158.3131509,59.100711771,2.678701256821112,0.7614121497277966,0.1845771012414902,0.05401074903071323
40.0,18.15010991,3.230139036,Macro,145.522259,61.380248945999995,2.370832010277849,0.6516754279571345,0.29569951607670697,0.05262505596615865
60.0,14.86021668,4.607362648,Nano,212.9957539,79.46757932800001,2.6802849124278283,0.7550248857128493,0.18699722334141963,0.057977890945730845
46.0,13.18020546,3.23549134,Micro,160.0951532,62.4156968,2.5649822305596692,0.7369940953699327,0.2111681217344032,0.05183778289566415
68.0,25.61370018,6.464483068,Nano,241.0343466,100.07818324799999,2.408460453390744,0.6794687692470571,0.2559369020171724,0.06459432873577059
38.0,9.060266838,0.887353031,Macro,139.2286275,47.94761986900001,2.903765147892496,0.7925315188495617,0.1889617641658541,0.018506716984584004
76.0,27.59610149,3.303434183,Micro,275.4277547,106.89953567299999,2.5765102997502147,0.7109478962797366,0.2581498723662843,0.030902231353979216
20.0,7.75687576,2.572286867,Mega,67.57490362,30.329162627,2.228050422989346,0.6594313283873968,0.25575634432763994,0.08481232728496325
78.0,30.88048795,10.18875485,Mega,280.1919658,119.0692428,2.3531850813113593,0.6550810113995282,0.259348990753807,0.08556999784666473
85.0,22.85941276,7.506443292,Nano,300.249264,115.365856052,2.6025834183093624,0.7367864540587044,0.1981471255212318,0.06506642042006386
56.0,22.81045197,2.525908541,Mega,205.4840995,81.33636051100001,2.526349817093305,0.6884989646472626,0.2804459386514484,0.03105509670128889
39.0,18.17030662,4.848508766,Nano,133.4247192,62.01881538600001,2.15135871863362,0.6288414210633855,0.29298054964303183,0.0781780292935826
78.0,28.71579999,6.852004197,Nano,278.8508346,113.567804187,2.4553687252845537,0.6868143710128067,0.2528515911315566,0.060334037855636756
54.0,16.17955891,2.089970315,Micro,190.2520081,72.269529225,2.632534211032146,0.7472028748364937,0.22387801724330383,0.028919107920202452
25.0,19.23206627,4.730563384,Macro,85.6443847,48.962629654000004,1.749178614490598,0.510593490926965,0.3927907141815214,0.09661579489151348
65.0,23.25107396,2.460484219,Micro,232.107967,90.711558179,2.558747437035358,0.7165569780174683,0.25631875834520385,0.02712426363732786
85.0,33.41836523,4.973469351,Mega,304.3024959,123.39183458100001,2.4661477555084246,0.6888624380100462,0.270831253489976,0.040306308499977676
59.0,23.46416167,3.671607869,Macro,210.486536,86.135769539,2.4436600163500866,0.6849651464864009,0.2724090328046126,0.04262582070898656
57.0,12.48040325,1.319113037,Mega,203.9487779,70.79951628699999,2.8806521371311757,0.8050902462234221,0.17627808641245785,0.01863166736412028
28.0,4.501081536,1.91382614,Micro,99.73547127,34.414907676,2.898031057033832,0.8136009041083793,0.13078871454125474,0.055610381350366056
18.0,1.864835189,1.06921254,Macro,65.06488853,20.934047729,3.1080892416169195,0.8598432674376941,0.08908144345236388,0.05107528910994202
29.0,6.043136607,2.687085163,Macro,101.7190725,37.73022177,2.695957450769047,0.7686146181907269,0.1601670046849555,0.07121837712431765
95.0,28.03957327,2.83256978,Mega,335.6043224,125.87214305,2.666231894269794,0.7547341111230885,0.2227623411389912,0.022503547737920238
60.0,22.60144502,6.898288302,Macro,213.7171527,89.499733322,2.387908262598879,0.6703930589841361,0.25253086440699285,0.07707607660887104
60.0,22.51866848,8.211918044,Macro,208.827418,90.730586524,2.301620941740094,0.6612984914864276,0.24819269160178276,0.0905088169117896
64.0,21.4781953,7.187973139,Nano,233.4035373,92.66616843899999,2.518756750514015,0.6906511953402901,0.23178033215151872,0.07756847250819136
71.0,28.98931813,4.510760387,Nano,250.1517552,104.500078517,2.39379490187948,0.6794253268283408,0.27740953443670413,0.04316513873495505
100.0,30.4451489,7.897284137,Mega,353.7459182,138.34243303699998,2.5570312046296735,0.7228440168697539,0.22007093725073767,0.05708504587950867
72.0,24.49953205,3.518819199,Macro,257.4434401,100.018351249,2.573962046815623,0.7198678952500716,0.2449503690478496,0.03518173570207879
99.0,30.96792254,5.586192961,Nano,352.8213765,135.55411550099998,2.6028082968635298,0.7303356274658417,0.22845431454105536,0.04121005799310306
43.0,15.03138623,0.742116974,Mega,152.049374,58.773503204,2.587039494178932,0.7316222048352141,0.2557510682633088,0.012626726901477144
89.0,41.55373951,6.947762673,Micro,313.0552815,137.501502183,2.276740810317522,0.6472656559166196,0.3022057130306573,0.050528631052723046
68.0,29.22260357,4.406522888,Macro,238.0909092,101.629126458,2.3427428484135913,0.6690995226462187,0.28754161910539244,0.043358858248388775
40.0,21.78629319,7.451511141,Micro,139.5172092,69.23780433099999,2.0150438123805965,0.5777190710550987,0.3146589265865205,0.10762200235838096
51.0,20.67313753,2.285148533,Micro,183.6163499,73.958286063,2.4827015291239953,0.689577905531188,0.2795242917391294,0.030897802729682493
17.0,0.000683948,0.672619169,Nano,58.09863066,17.673303117,3.287366842257957,0.9619028139480985,3.869950034083377e-05,0.03805848655156068
47.0,2.014777418,1.070821747,Nano,165.5760459,50.085599165000005,3.3058613385962072,0.9383934860230996,0.04022668095399233,0.021379833022907992
32.0,0.084174691,0.64327624,Mega,113.3008572,32.727450931,3.461951785944914,0.97777245369541,0.002571990442441342,0.01965555586214867
45.0,11.86478335,1.576683416,Nano,159.5095337,58.441466766,2.729389635935682,0.7700012078783082,0.20301994468254309,0.02697884743914882
46.0,11.41002235,2.694955186,Mega,158.8004728,60.104977536,2.6420519449472573,0.7653276298530883,0.18983489916731014,0.0448374709796015
49.0,20.77180963,3.689627871,Nano,170.2013952,73.461437501,2.316880815158063,0.667016623508531,0.2827580066033589,0.050225369888109994
65.0,26.9743057,5.266266037,Nano,231.3513943,97.240571737,2.3791653027886395,0.6684452676378858,0.2773976460458869,0.05415708631622729
74.0,21.97087596,8.203744409,Macro,263.4299319,104.174620369,2.5287342633637353,0.7103457611641149,0.2109043055033588,0.07874993333252645
75.0,19.52474885,2.011565642,Micro,272.4127729,96.536314492,2.8218683749582643,0.7769097090009095,0.20225289263159124,0.0208373983674993
33.0,10.39803735,1.31512554,Macro,117.7516434,44.71316288999999,2.6334894646053972,0.7380377022574796,0.2325498058721652,0.029412491870355363
80.0,24.74200406,1.469919578,Mega,284.1730009,106.211923638,2.6755282379456866,0.7532111015394318,0.2329494016540712,0.013839496806496961
17.0,13.33245508,3.854678784,Mega,61.39875271,34.187133864,1.7959608124580042,0.49726309516403977,0.3899845811303721,0.11275232370558806
100.0,36.76158596,6.258340608,Micro,356.4412903,143.019926568,2.4922491491458505,0.699203267682103,0.25703821028408513,0.04375852203381199
13.0,2.807795774,0.60165589,Mega,48.15867528,16.409451664000002,2.9348131958396433,0.7922263501662367,0.17110844600370795,0.03666520383005529
87.0,29.11492788,6.434981931,Nano,310.0488048,122.54990981099999,2.5299798692480984,0.7099148431375748,0.23757608573439085,0.05250907112803441
80.0,24.00926522,0.277916714,Macro,288.6605546,104.287181934,2.767938966676499,0.7671124918365272,0.23022259087597832,0.002664917287494493
25.0,5.308684631,1.459211679,Nano,89.75857399,31.767896309999998,2.8254490984895817,0.7869579954568922,0.16710847262898287,0.04593353191412504
65.0,22.50506462,6.523355861,Macro,227.624483,94.028420481,2.4208051335499707,0.6912803561677857,0.23934321670911743,0.06937642712309681
15.0,7.650640038,3.483067269,Micro,56.34621181,26.133707306999998,2.1560741898608273,0.5739713781818548,0.2927498937722759,0.1332787280458693
90.0,30.82298689,1.891624828,Nano,322.8478529,122.714611718,2.6308835466302023,0.7334089945769566,0.2511761758317068,0.01541482959133654
87.0,24.73827816,3.608007687,Mega,313.1932687,115.34628584699999,2.7152436370203743,0.7542505539831629,0.21446965525022504,0.031279790766612185
87.0,29.32736229,1.618873632,Nano,310.1228399,117.946235922,2.6293576685659548,0.737624217677745,0.24865026052543737,0.013725521796817582
35.0,14.82454522,1.765247886,Nano,122.065538,51.589793105999995,2.3660792310059398,0.678428772297779,0.2873542289565002,0.03421699874572085
58.0,18.24844637,0.464631537,Macro,207.2787158,76.713077907,2.7019997301018996,0.7560640451725058,0.23787921001061602,0.0060567448168782545
11.0,1.5308523,2.412231941,Micro,36.97050118,14.943084241,2.4740877173510407,0.7361264798212684,0.1024455377022993,0.16142798247643234
85.0,32.61828343,7.461405498,Mega,301.7104781,125.079688928,2.412146054134133,0.6795667684217603,0.26078001719988414,0.05965321437835548
64.0,25.28047404,1.795472681,Macro,223.8618866,91.07594672100001,2.4579693613921294,0.7027102358436762,0.2775757480451302,0.019714016111193555
69.0,13.21271627,2.51343887,Mega,245.4635049,84.72615514,2.8971396671358502,0.8143884245187997,0.15594613314114797,0.029665442340052348
38.0,5.433861834,4.68229946,Macro,134.7842978,48.116161294,2.8012271589256508,0.7897554372181085,0.11293215601298587,0.09731240676890562
42.0,9.042435583,0.400175497,Nano,150.4635226,51.44261108,2.9248811333858913,0.8164437830475693,0.1757771503654398,0.00777906658699098
10.0,3.779924037,1.188229762,Macro,40.69590144,14.968153799000001,2.7188323948621393,0.668085064750476,0.2525310795011026,0.07938385574842127
88.0,25.78893457,5.871907356,Mega,315.0931833,119.66084192599999,2.6332188394166427,0.7354118405285873,0.21551690724312514,0.04907125222828763
18.0,4.32467821,1.383422123,Mega,60.91377507,23.708100333,2.5693233204860504,0.7592341751205293,0.18241352741283762,0.058352297466633125
77.0,28.53692221,3.714551546,Mega,271.690631,109.251473756,2.4868372174712103,0.7047959844639736,0.2612040023710232,0.03400001316500319
24.0,10.26587715,4.105277331,Nano,84.1969111,38.371154481000005,2.194276201454695,0.6254698438089457,0.2675415240655135,0.10698863212554065
87.0,21.65560783,4.342996442,Macro,306.9010938,112.99860427200001,2.715972429723605,0.7699210141620996,0.19164491428471614,0.03843407155318425
64.0,25.13907969,3.249423621,Nano,231.6576938,92.38850331100001,2.5074298803195165,0.6927268838262477,0.27210181774864706,0.03517129842510519
20.0,3.655618827,0.901505113,Nano,59.49157912,24.55712394,2.422579259092178,0.8144276198167855,0.14886184701155195,0.03671053317166261
68.0,18.70863089,1.950714199,Mega,244.4055513,88.659345089,2.7566812167928307,0.7669806260325827,0.21101702106212814,0.022002352905289235
20.0,1.957628612,0.873307408,Macro,68.32842672,22.83093602,2.9928000612915735,0.8760043820577444,0.085744562127681,0.038251055814574525
43.0,14.92235288,2.357322546,Macro,152.2054523,60.279675426,2.524987920461667,0.7133415980779008,0.24755197791864103,0.03910642400345827
70.0,23.17539059,4.579829006,Macro,245.5141816,97.755219596,2.5115199230757606,0.716074295462626,0.23707573555436318,0.0468499689830107
64.0,22.85908473,7.595223422,Micro,226.7274918,94.45430815200001,2.40039333552833,0.6775762932592593,0.24201209216644898,0.08041161457429166
41.0,8.207210536,0.054399134,Nano,143.4926191,49.26160967,2.9128690690630457,0.832291114209545,0.1666045951599941,0.0011042906304608378
23.0,12.3698842,0.564642432,Micro,82.77529468,35.934526632,2.3035031330087956,0.6400529561872204,0.3442339543436343,0.015713089469145285
52.0,17.29692445,1.341983961,Micro,182.6859507,70.638908411,2.586194419045579,0.7361382157471515,0.24486398274108231,0.01899780151176606
23.0,4.523879459,3.658953779,Nano,83.35221964,31.182833238,2.673016239538663,0.73758531896235,0.14507595972668427,0.11733872131096569
61.0,29.98807828,5.491511053,Micro,215.1537313,96.47958933299999,2.2300440205792684,0.6322580809238114,0.3108230299000956,0.05691888917609309
51.0,13.87461816,3.553056769,Nano,188.0915735,68.42767492899999,2.7487646437667554,0.7453124785098602,0.20276325586681404,0.05192426562332599
18.0,7.929312525,2.364400595,Mega,68.20662226,28.29371312,2.4106635269368986,0.6361837318296808,0.2802499796110183,0.08356628855930098
77.0,21.26509998,5.22210992,Micro,272.8654886,103.4872099,2.636707365708968,0.7440532996725424,0.2054852962076041,0.05046140411985347
39.0,10.88633139,0.109931925,Nano,133.678656,49.996263315,2.6737729409448363,0.7800582966427239,0.21774290053260553,0.0021988028246706583
33.0,0.94680009,0.659368424,Macro,118.0929681,34.606168514,3.4124831835175637,0.9535872191875209,0.02735928681665438,0.019053493995824792
10.0,7.085628089,0.620930871,Nano,36.56273,17.70655896,2.0649257759566404,0.5647624714994314,0.4001696831669433,0.03506784533362546
16.0,5.671721291,0.712198048,Nano,53.79021764,22.383919339000002,2.4030741366316537,0.7147988588451909,0.2533837441559233,0.03181739699888578
37.0,7.770454122,1.797070674,Micro,135.7213798,46.567524796,2.9145070603292624,0.7945451290805601,0.16686422901024486,0.03859064190919511
33.0,7.047832451,1.939791634,Macro,114.6774526,41.987624085,2.7312203321589776,0.785945876175194,0.16785499547991392,0.046199128344892156
71.0,24.37537742,3.050471293,Macro,253.8599728,98.42584871300001,2.5792002418006112,0.7213552225191265,0.2476521944055182,0.030992583075355247
75.0,20.62311544,6.519578952,Macro,265.8166987,102.142694392,2.6024053925957458,0.7342669042209458,0.20190494839359985,0.06382814738545438
19.0,12.52181267,1.924052672,Micro,66.91309675,33.445865342,2.000638825331069,0.5680821771455424,0.37439045280959143,0.05752737004486622
77.0,19.19058531,1.96627845,Micro,279.2244259,98.15686376000001,2.844675504126967,0.7844586415094728,0.19550935690979537,0.02003200158073184
74.0,20.40464594,3.936969494,Macro,263.2191068,98.34161543399999,2.6765790417247546,0.7524789955241646,0.20748739839131655,0.040033606084518905
70.0,15.29255881,2.437563019,Micro,251.7579931,87.730121829,2.8696870339552984,0.7979015478451195,0.1743136620715931,0.027784790083287464
33.0,3.92726748,2.376656144,Mega,118.5082625,39.303923624,3.015176388843677,0.839610831623165,0.09992049439058823,0.06046867398624681
58.0,11.7731273,0.101324028,Micro,209.2938943,69.87445132799999,2.99528497644363,0.8300601850559122,0.1684897280228416,0.0014500869212463866
13.0,11.95248101,3.326804424,Nano,52.44377341,28.279285434,1.8544942916749656,0.4597004415242468,0.4226585228928596,0.11764103558289365
80.0,18.78109394,4.054434455,Micro,283.5399283,102.83552839500001,2.7572175951768245,0.7779412548230724,0.18263234733292003,0.0394263978440075
34.0,7.767692583,2.769472522,Macro,117.971425,44.537165105,2.6488310318331383,0.7634073682023144,0.17440922799390196,0.06218340380378371
19.0,0.194576476,1.235674585,Mega,64.57192004,20.430251061,3.160603354662808,0.9299934662217512,0.00952393954528702,0.06048259423296178
78.0,26.82739706,2.389919757,Micro,277.9719036,107.217316817,2.592602686322083,0.7274944226885615,0.250215150466686,0.02229042684475259
38.0,7.882629022,0.921557242,Nano,137.5862512,46.804186264,2.939614213650502,0.8118931880507482,0.16841717912876134,0.019689632820490393
94.0,26.87287001,2.585689594,Macro,333.0484425,123.458559604,2.697653719339274,0.761389087168278,0.21766712730325205,0.02094378552846995
68.0,30.35777737,4.303529107,Macro,241.2753185,102.66130647700001,2.3502069745630476,0.6623722445538384,0.2957080755328326,0.04191967991332891
27.0,14.02210263,1.088194757,Nano,98.92909094,42.110297386999996,2.3492850223978876,0.6411733394296868,0.33298512478158865,0.02584153578872468
57.0,16.68509976,0.667511487,Mega,201.0811349,74.352611247,2.7044259983285155,0.7666173257943224,0.22440502734425774,0.008977646861419853
76.0,31.20750747,4.292261144,Mega,271.222418,111.49976861399999,2.4324931017475233,0.6816157642721546,0.2798885401999082,0.038495695527937274
97.0,25.47353261,1.533320645,Nano,343.6733749,124.00685325500001,2.771406304402317,0.7822148329216548,0.20542036138613892,0.012364805692206176
53.0,15.31054288,2.280185979,Macro,191.4832078,70.590728859,2.7125829538107507,0.7508068107054648,0.21689169565852948,0.03230149363600581
15.0,11.35623505,0.85939064,Mega,51.32043539,27.215625690000003,1.885697428916983,0.5511539646693311,0.4172689314349546,0.031577103895714255
87.0,29.35332175,6.940423544,Macro,303.5941572,123.29374529399999,2.4623646274680424,0.7056319020283164,0.23807632479657068,0.05629177317511297
54.0,14.11905996,4.21564213,Nano,190.2844643,72.33470209000001,2.6306110179764755,0.7465296522934777,0.19519068375276968,0.05827966395375251
37.0,6.460701926,1.332038473,Nano,132.4269998,44.792740398999996,2.95643889211468,0.8260267103645668,0.14423546915080543,0.029737820484627857
25.0,5.739965646,0.235851848,Macro,83.4309074,30.975817494,2.6934206794109796,0.807081201483786,0.18530473480197346,0.007614063714240451
67.0,22.05171417,3.380999278,Mega,240.361592,92.432713448,2.6003952825124035,0.7248515974562652,0.23857045138467847,0.036577951159056404
93.0,32.52159528,6.428194995,Micro,326.6530006,131.949790275,2.4755855990313735,0.7048135492006184,0.246469473064117,0.04871697773526454
58.0,16.22488015,3.386847875,Mega,210.5247184,77.611728025,2.712537444497906,0.7473097362465277,0.20905191216427627,0.04363835158919591
59.0,15.41542077,1.707459574,Mega,211.176946,76.122880344,2.7741586372676577,0.7750626320677628,0.20250706095641116,0.02243030697582612
90.0,26.77426032,5.958191412,Macro,318.5450016,122.732451732,2.5954423390447583,0.7333023884874804,0.21815143380712856,0.04854617770539103
99.0,28.34481642,5.939716823,Mega,348.2742503,133.284533243,2.61301324186684,0.7427718550021587,0.21266395830281867,0.04456418669502262
47.0,14.26513655,0.454169997,Mega,166.3548254,61.719306547,2.695345017742848,0.7615121204287824,0.23112924217865158,0.0073586373925660364
100.0,27.31829646,3.269504966,Macro,356.2562363,130.587801426,2.7280973598585256,0.765768309964747,0.2091948571129013,0.025036832922351676
20.0,14.13534024,3.890982839,Micro,69.83370712,38.026323079,1.8364569978254246,0.5259514562701694,0.37172513920511624,0.10232340452471439
53.0,15.73860438,4.224996581,Mega,190.6822352,72.963600961,2.613388493557523,0.7263895874372921,0.21570487438541433,0.05790553817729358
38.0,16.08943737,2.525347278,Micro,138.0269028,56.614784648,2.4380010214324113,0.6712027650774153,0.2841914434548394,0.04460579146774537
19.0,7.529380566,0.663731937,Nano,68.48861968,27.193112503000002,2.5186017110929906,0.6987063359482619,0.27688557406473213,0.024408089987005926
69.0,22.99736022,5.937954803,Macro,241.1762462,97.935315023,2.4626075501300018,0.7045466692356626,0.23482193542338733,0.06063139534095008
23.0,17.88277776,0.724534451,Nano,80.75858475,41.60731221099999,1.9409709605959438,0.5527874495560264,0.4297989177794622,0.017413632664511555
25.0,1.833772485,1.466704533,Macro,90.30092951,28.300477018000002,3.1907917825047876,0.883377336152292,0.06479652211634675,0.05182614173136125
39.0,5.906967275,3.5879983,Mega,140.0247392,48.494965575,2.8874077451079825,0.8042071901192395,0.12180578344497567,0.07398702643578482
100.0,31.6462889,6.52108481,Micro,356.5177011,138.16737371,2.5803320387944577,0.7237598668546047,0.22904313840706353,0.047196994738331846
12.0,2.201477322,0.166173465,Micro,44.99813919,14.367650787,3.1319065209125756,0.8352096092743098,0.1532245844944895,0.011565806231200682
46.0,17.94687212,1.643429846,Micro,158.6679165,65.590301966,2.4190758655486686,0.701323192929421,0.27362081865857407,0.025055988412004928
15.0,0.61637615,1.584732553,Micro,48.19920075,17.201108703,2.802098491569541,0.8720368122191967,0.035833512864929425,0.09212967491587394
91.0,23.74340747,6.509060472,Mega,318.145612,121.252467942,2.6238279302668053,0.7505001881159978,0.19581793156867902,0.053681880315323144
79.0,17.40233918,4.550484424,Macro,282.6928978,100.952823604,2.80024755829414,0.7825437385474954,0.17238090584036397,0.045075355612140586
23.0,7.568249276,1.344170818,Micro,79.20466841,31.912420093999998,2.481938636327103,0.7207225253444297,0.2371568578536901,0.04212061680188034
96.0,33.98063924,6.003671155,Macro,347.4850616,135.98431039500002,2.5553320128671007,0.7059637962728516,0.24988646955883984,0.044149734168308495
70.0,29.74677107,4.842879655,Nano,245.158013,104.589650725,2.343998773306928,0.669282280940517,0.2844140970334998,0.046303622025983204
95.0,27.60890998,5.965674717,Micro,342.374752,128.574584697,2.6628493711011654,0.7388707513532152,0.21473069537858822,0.046398553268196516
75.0,28.10015017,6.641151306,Macro,265.4659135,109.741301476,2.419015538630698,0.6834254650825533,0.2560581093176245,0.060516425599822087
62.0,22.15719329,1.174740673,Macro,223.0432993,85.331933963,2.6138315275581565,0.7265744150001716,0.25965886697947543,0.013766718020352951
99.0,34.85208783,4.438102223,Micro,351.0736614,138.290190053,2.5386736489800925,0.7158859204840057,0.25202140380776733,0.032092675708226936
33.0,20.90396594,5.870763969,Nano,114.9270444,59.774729909,1.922669405197864,0.5520727580072485,0.3497124281753147,0.0982148138174367
16.0,6.352914129,5.654725259,Nano,64.56053498,28.007639387999998,2.305104478303918,0.5712727080760428,0.22682790366552405,0.2018993882584333
49.0,15.76031391,2.761035651,Macro,179.3932673,67.52134956100001,2.6568377034279043,0.7256963955634879,0.2334123060701245,0.04089129836638751
14.0,4.269271761,1.705284552,Nano,49.11321626,19.974556312999997,2.458788845689441,0.7008916634052297,0.213735499006876,0.08537283758789442
72.0,26.13477794,2.501086045,Mega,258.4322606,100.63586398499999,2.5679936591841646,0.7154507066261365,0.2596964631206967,0.02485283025316693
63.0,24.33760554,3.647264547,Mega,223.2373898,90.984870087,2.4535660663859797,0.692422816450243,0.26749068847082275,0.040086495078934276
66.0,20.88661089,4.727851849,Micro,237.1121183,91.614462739,2.5881515997698696,0.7204102717714678,0.22798377314620907,0.05160595508232313
76.0,18.62923764,3.880480663,Macro,271.1326152,98.509718303,2.75234382831184,0.771497485824051,0.18911065792208917,0.039391856253859825
88.0,35.50607789,5.870154103,Macro,311.5114489,129.376231993,2.4077950339197893,0.6801867595337087,0.2744405007244382,0.045372739741853116
25.0,7.690011836,0.572313335,Mega,87.90067563,33.26232517099999,2.6426497599944354,0.7516010943755801,0.23119285246795057,0.01720605315646952
76.0,16.70931471,1.792285775,Mega,269.7375692,94.501600485,2.8543174699227953,0.8042191836958708,0.17681515047623167,0.018965665827897646
20.0,4.636437872,5.109243538,Micro,72.46791334,29.745681410000003,2.4362498993093324,0.6723665100936748,0.1558692775631392,0.17176421234318598
19.0,4.906580811,3.263641471,Nano,66.57050729,27.170222282,2.450127444636413,0.6992949782596114,0.18058670113459324,0.12011832060579533
15.0,3.773286785,0.135074302,Nano,55.67421374,18.908361087,2.9444230244935135,0.7932998492562583,0.19955652251607542,0.007143628227666288
14.0,5.478510793,2.250340619,Macro,49.66101465,21.728851411999997,2.285487332412525,0.6443046498200243,0.2521307127156492,0.10356463746432656
24.0,11.79796872,5.560012566,Macro,82.13347229,41.357981286,1.985915891833019,0.5802991164881683,0.2852646176904603,0.13443626582137141
75.0,31.22615523,4.872158084,Mega,262.6487631,111.09831331400001,2.3641111666355283,0.6750777555733504,0.2810677705047125,0.043854473921937
27.0,3.349022876,0.783864614,Mega,93.19571336,31.132887489999998,2.993481198617854,0.8672501067776801,0.10757186840044049,0.025178024821879443
14.0,2.470891055,1.029124697,Nano,49.76578638,17.500015752,2.8437566620082895,0.7999992799092196,0.14119364748100943,0.05880707260977099
72.0,18.15760992,3.376908824,Macro,254.4566617,93.534518744,2.720457271998556,0.7697692891012883,0.19412736777634582,0.03610334312236594
72.0,8.623786376,2.562239937,Micro,256.173987,83.186026313,3.0795314832818996,0.8655299837149224,0.10366869002194792,0.03080132626312964
82.0,33.96648288,9.127437448,Mega,294.9693245,125.093920328,2.357982895784077,0.6555074761826438,0.2715278471642656,0.07296467665309063
66.0,18.74451161,3.009174444,Micro,234.7771716,87.753686054,2.6754109389265746,0.7521051589717419,0.21360369521646533,0.034291145811792774
83.0,26.01949395,4.824377926,Nano,295.053625,113.843871876,2.5917391963036507,0.7290686677487965,0.22855419023643822,0.04237714201476533
61.0,11.73759835,1.040604116,Macro,218.9726225,73.778202466,2.9679853287413924,0.826802469579159,0.1590930377493158,0.014104492671525207
64.0,13.46172084,1.849160984,Mega,229.4978002,79.31088182399999,2.893648323180697,0.8069510580152593,0.16973359178975103,0.02331535019498966
18.0,6.498471407,1.634970554,Nano,59.63995335,26.133441961,2.282131585996331,0.6887726472028497,0.24866496409841207,0.06256238869873831
61.0,26.14881955,1.866911198,Nano,219.0783537,89.015730748,2.461119533132881,0.685272136592223,0.29375504003922936,0.02097282336854765
34.0,12.35039071,6.24012692,Mega,118.3347584,52.59051763,2.250115871316249,0.6465043801091029,0.23484063794334628,0.11865498194755075
68.0,29.3015032,0.673080227,Nano,238.6757108,97.974583427,2.436098245600964,0.6940575567812054,0.2990724958971864,0.006869947321608223
30.0,9.253700544,1.377505526,Micro,106.9208496,40.63120607,2.6314958363725482,0.7383487447632145,0.22774860603590252,0.03390264920088305
48.0,14.29858127,1.588769981,Mega,167.8567745,63.887351251,2.627386661258282,0.7513224301852501,0.22380926724953543,0.024868302565214453
22.0,2.685571253,2.783753323,Macro,84.11566339,27.469324575999998,3.0621671514811113,0.8008933725011005,0.09776619172305345,0.10134043577584614
25.0,11.1329506,2.882927209,Nano,89.41418055,39.015877809,2.2917382760865204,0.6407647707527194,0.285344101560414,0.0738911276868665
88.0,31.64099255,4.554771672,Nano,310.4803676,124.195764222,2.4999271878952025,0.7085587866161035,0.2547670828245133,0.0366741305593832
78.0,19.51895384,1.820807646,Micro,282.9319733,99.339761486,2.848124145535358,0.7851840877531459,0.19648682006097645,0.018329092185877728
10.0,3.986323355,0.030038227,Macro,38.67562299,14.016361582,2.759319725289319,0.7134519141431207,0.2844050028018177,0.0021430830550615574
20.0,8.995115117,0.684036129,Macro,65.54022346,29.679151245999996,2.2082917033833027,0.6738737180934545,0.3030785834285714,0.023047698477974193
38.0,9.608401774,0.266972471,Micro,137.5672188,47.875374245,2.8734442491458374,0.7937274767929074,0.20069611831814518,0.0055764048889473065
51.0,23.05943072,4.309633654,Micro,177.4958727,78.36906437399999,2.264871657175056,0.6507669883184155,0.29424149572532454,0.05499151595626016
89.0,21.76612646,2.193168407,Micro,317.4710443,112.959294867,2.810490669880644,0.7878944367065142,0.1926899993987017,0.019415563894784136
40.0,9.790167854,5.124846848,Micro,141.2633298,54.915014702,2.572399016308653,0.7283982389345186,0.1782785255931734,0.09332323547230796
38.0,22.37705463,5.517499206,Nano,134.1887091,65.894553836,2.036415777758693,0.5766789178749938,0.339588832875211,0.0837322492497952
44.0,16.23221563,0.81339399,Nano,161.4546797,61.04560962,2.6448204990503297,0.7207725547159505,0.2659030801894382,0.013324365094611369
99.0,32.67209561,1.801486331,Micro,349.3763302,133.473581941,2.6175691482861123,0.7417198112189832,0.24478323826240173,0.013496950518615138
36.0,10.60419906,3.560618087,Micro,135.3563456,50.164817147,2.698232611979025,0.7176344308104969,0.21138717657289738,0.0709783926166057
14.0,1.304559995,2.523884417,Mega,49.64602089,17.828444412,2.7846524207453665,0.7852620047196521,0.07317295692505424,0.1415650383552936
41.0,9.632766329,3.042221761,Macro,146.9465532,53.67498809,2.737710028991643,0.7638567135078427,0.17946471292826702,0.056678573563890285
43.0,4.246828009,1.182699755,Micro,151.641576,48.429527764,3.1311801498242664,0.8878880712928192,0.08769088209356589,0.02442104661361488
34.0,8.35330882,0.260972544,Micro,114.3825324,42.614281364,2.6841361332125833,0.7978545903327791,0.1960213466618909,0.006124063005330092
75.0,28.55660496,4.744486496,Micro,264.7857008,108.301091456,2.444903345296162,0.6925137964142366,0.26367790551401626,0.04380829807174719
39.0,11.37745937,1.56084676,Micro,143.5997589,51.938306129999994,2.7648140572889344,0.7508908723820178,0.21905718953410933,0.030051938083872975
56.0,24.39503194,7.606384879,Micro,210.5689447,88.001416819,2.3927903926035086,0.6363533909366478,0.2772118088754791,0.0864348001878731
30.0,5.927109027,3.881455379,Mega,104.5832771,39.808564406,2.62715520292003,0.7536066785537827,0.14889029824212044,0.0975030232040968
80.0,27.70590537,7.419605849,Nano,286.5328686,115.125511219,2.4888738001339825,0.6948937655340202,0.24065826137610663,0.06444797308987313
15.0,7.094611415,3.51582302,Mega,54.92793416,25.610434435,2.1447482392150996,0.5856987720403737,0.2770203462579412,0.1372808817016852
25.0,11.09535068,0.337279593,Micro,90.70924854,36.432630272999994,2.489780393572739,0.6861980541253249,0.304544321858164,0.009257624016511262
49.0,10.05574197,3.472817536,Micro,179.1315561,62.528559506,2.8647958231440023,0.7836419131852566,0.16081838522179756,0.05553970159294589
93.0,25.98992347,4.655323383,Macro,333.3198427,123.645246853,2.6957756257001857,0.7521518405844287,0.21019751370547252,0.037650645710098705
54.0,21.73992856,5.195618185,Nano,188.3637431,80.935546745,2.3273302112045924,0.6671975685805321,0.26860791622863833,0.06419451519082958
22.0,4.85349411,0.017377461,Micro,80.92197504,26.870871571,3.011512850492497,0.8187304212247132,0.18062287623145293,0.0006467025438339103
46.0,19.51073972,3.107126419,Mega,163.2310879,68.617866139,2.3788423785919095,0.6703793427037977,0.28433906237301043,0.045281594923191844
30.0,10.55740569,3.122487155,Mega,108.6490758,43.679892845,2.4873933685127385,0.6868148716952285,0.24169944114706082,0.0714856871577108
40.0,19.53033704,2.761218278,Micro,140.7327718,62.291555318,2.259259237974643,0.6421416160794022,0.3135310547360252,0.0443273291845726
11.0,1.77342788,1.882742602,Nano,40.81688385,14.656170482,2.7849624088454297,0.7505371211060671,0.12100213232222144,0.12846074657171144
18.0,11.60578187,1.587599101,Micro,63.09085922,31.193380971,2.0225720090635444,0.5770454961818444,0.37205911987513357,0.050895383943021955
97.0,27.20282364,8.986277187,Nano,343.7695329,133.189100827,2.5810635462320897,0.7282878208329808,0.2042421149410257,0.0674700642259934
79.0,17.94459692,2.623383499,Macro,277.9127111,99.567980419,2.7911855792443845,0.79342776329854,0.18022457465227176,0.0263476620491882
44.0,17.26939778,4.424545391,Micro,158.5720707,65.693943171,2.413800466920369,0.6697725524782231,0.2628765597925536,0.06735088772922335
88.0,31.53306437,4.70058828,Micro,312.5797894,124.23365265000001,2.5160637454701766,0.7083426923614645,0.2538206331165133,0.03783667452202211
29.0,15.36355775,6.625992213,Micro,106.9995338,50.989549963,2.0984600546120333,0.5687439881513668,0.30130796920444275,0.12994804264419038
40.0,15.21581134,2.527104197,Micro,143.5374924,57.742915537,2.485802648950507,0.6927256725436586,0.2635095785949732,0.043764748861368184
32.0,10.99662027,0.740323295,Micro,111.4535967,43.736943565000004,2.5482712694443856,0.7316469188671803,0.2514263543280587,0.016926726804760893
65.0,18.05932459,1.510221039,Mega,231.3045141,84.569545629,2.735080487658227,0.7685981935524394,0.21354406548694074,0.017857740960619817
13.0,13.86154644,1.778025776,Mega,45.80862974,28.639572215999998,1.599487219798912,0.45391739450414426,0.4839997726033074,0.0620828328925484
45.0,10.97413389,0.165895992,Macro,155.5045801,56.140029882,2.7699411707983246,0.8015670831416534,0.19547787760473923,0.002955039253607357
80.0,23.62942306,4.262442573,Macro,282.8596166,107.891865633,2.6216954813086857,0.7414831463951538,0.21901023697538755,0.039506616629458695
76.0,18.66574964,2.119379814,Nano,271.825973,96.785129454,2.8085510091629655,0.7852445972717457,0.19285761919522412,0.021897783533030228
90.0,32.03602195,2.232688226,Nano,316.3712379,124.26871017599998,2.545864018801901,0.7242370172872503,0.2577963664757431,0.017966616237006693
32.0,12.97443837,5.112082652,Nano,117.097778,50.086521022,2.337909992761645,0.6388944439951084,0.25904051839218595,0.1020650376127056
52.0,12.8135709,3.97040315,Micro,182.977191,68.78397405,2.6601718427462684,0.7559900502724733,0.18628715593963271,0.057722793787893974
24.0,5.095979276,2.833283442,Nano,82.39930061,31.929262718,2.5806828468841436,0.751661578031681,0.1596021593422876,0.08873626262603136
15.0,7.033246644,4.29895887,Macro,53.62777047,26.332205514,2.0365848368260613,0.5696446502373291,0.26709675497028323,0.16325859479238758
10.0,4.952233443,2.039853759,Macro,37.94248252,16.992087202,2.2329500825263007,0.5885092208579874,0.2914435045046799,0.1200472746373327
59.0,17.56421199,2.188043777,Micro,210.812733,78.75225576700001,2.6769104065249905,0.749184889059687,0.22303122391777924,0.027783887022533618
47.0,7.617127951,2.274600961,Micro,163.3418086,56.891728912,2.871099397465258,0.8261306326742064,0.1338881432621279,0.0399812240636657
77.0,31.41643985,5.671164791,Mega,272.4063387,114.087604641,2.3876944349667286,0.6749199463192891,0.2753711934688984,0.0497088602118125
29.0,12.86904427,5.144390057,Macro,100.2770539,47.013434327000006,2.1329446643384333,0.6168449596405081,0.2737312101151746,0.10942383024431712
38.0,16.84811459,3.975007849,Mega,142.2229816,58.823122439,2.4178074148900586,0.6460044694058237,0.28641992963688073,0.06757560095729552
48.0,10.37404092,2.612899858,Micro,166.2003482,60.986940778,2.725179293793237,0.7870537427795556,0.17010266112154718,0.04284359609889728
30.0,21.09502383,7.972159086,Mega,108.2983242,59.067182916,1.833477048567088,0.507896238130457,0.35713610821764485,0.13496765365189808
36.0,7.870507587,1.157604556,Mega,129.358352,45.028112143,2.8728353431559497,0.7995005405883201,0.1747909741808604,0.025708485230819506
86.0,30.72875275,3.691274704,Macro,307.2977603,120.42002745399999,2.5518824966003817,0.7141669190604668,0.2551797520702133,0.03065332886931996
70.0,17.12263904,0.29907415,Micro,250.7257902,87.42171318999999,2.868003623482868,0.8007164060931166,0.19586254278483559,0.003421051122047909
86.0,21.64940648,0.404270733,Nano,309.6652149,108.053677213,2.865846150608783,0.7959007246969776,0.20035788728710982,0.003741388015912539
21.0,10.86014433,1.318393616,Mega,75.89440591,33.178537946,2.2874548008571858,0.6329392824415205,0.3273243790210261,0.03973633853745341
81.0,22.41030226,2.189639013,Nano,287.637807,105.59994127300001,2.7238443841212985,0.7670458811202978,0.21221888942214695,0.020735229457555113
41.0,13.32463678,5.088006037,Mega,141.314699,59.412642817,2.3785290857245793,0.6900888103275636,0.22427274984285608,0.0856384398295803
76.0,29.04312897,1.68483329,Micro,273.9691943,106.72796226,2.5669860877937842,0.7120907997367775,0.27212295967244304,0.01578624059077955
57.0,25.31524585,3.522263977,Nano,203.7718264,85.83750982699999,2.3739251850465966,0.6640453586652252,0.2949205528098527,0.04103408852492224
98.0,26.1898417,0.681756659,Mega,345.962898,124.871598359,2.7705491284364987,0.784806163193768,0.2097341752982566,0.005459661507975428
72.0,22.29004916,2.95721943,Macro,254.3806868,97.24726858999999,2.6158131790054013,0.7403806918583605,0.22921002803663426,0.030409280105005366
99.0,41.96460607,9.476641246,Mega,357.392992,150.441247316,2.375631672670863,0.6580642062349544,0.27894348670118285,0.06299230706386282
23.0,5.564666466,0.327746146,Nano,82.64871392,28.892412611999998,2.8605681024253817,0.7960567471076238,0.19259957763751462,0.011343675254861754
10.0,1.294193924,0.12850286,Macro,41.21001616,11.422696784,3.607730900965847,0.8754500087936503,0.11330020821464887,0.011249782991700921
27.0,5.595845332,1.583301743,Macro,98.55411089,34.179147074999996,2.883457292651005,0.7899553473570698,0.1637210349257962,0.046323617717134044
87.0,27.02176623,1.799590879,Micro,309.1409745,115.82135710899999,2.669118910505133,0.7511568001929377,0.23330555697572855,0.01553764283133375
53.0,14.34088963,1.005351601,Nano,187.4408659,68.346241231,2.74251901090622,0.7754632741377538,0.20982704200996152,0.014709683852284768
80.0,18.86747737,2.041285539,Nano,281.5009425,100.908762909,2.7896580473774995,0.7927953697355736,0.18697560871908397,0.02022902154534231
63.0,18.44423052,0.952442375,Macro,220.344136,82.39667289500001,2.674187297353494,0.7645939791802318,0.22384678740006786,0.011559233419700323
42.0,23.23917706,3.820399478,Nano,147.2263754,69.059576538,2.13187486487104,0.6081705406474585,0.33650911611386225,0.055320343238679244
70.0,21.5538865,2.029129901,Micro,247.150991,93.58301640100001,2.6409812432307858,0.7479989713096274,0.23031835613892096,0.021682672551451516
64.0,22.35807756,2.546508726,Mega,226.9880817,88.904586286,2.553165041112669,0.7198728735333896,0.2514839615593687,0.028643164907241735
75.0,27.70803536,2.231371578,Macro,266.9140375,104.93940693799999,2.5435062507804855,0.7146981499934651,0.2640384214899402,0.021263428516594657
22.0,0.215380634,2.2912306,Macro,77.9952183,24.506611233999998,3.1826194799136878,0.8977169380921025,0.008788674694491627,0.09349438721340596
82.0,26.01084466,4.803605016,Micro,290.4587084,112.81444967600001,2.5746587359526143,0.7268572442227191,0.23056305938381502,0.04257969639346574
66.0,29.88664663,5.667107554,Mega,230.667327,101.553754184,2.2713815836100535,0.6499021186397306,0.29429386308899946,0.05580401827127002
28.0,14.07938991,5.9702183,Nano,97.31993362,48.04960821,2.025405351791109,0.5827310782145501,0.2930177879591913,0.1242511338262585
74.0,26.87738758,3.516430061,Micro,265.1394241,104.393817641,2.5398000580052376,0.7088542374652748,0.2574614875416155,0.03368427499310979
29.0,6.276701916,3.998939566,Mega,103.3118478,39.275641482,2.630430564637569,0.7383711355367851,0.15981156969458052,0.10181729476863444
32.0,9.28981776,1.167053883,Mega,113.1278448,42.456871643,2.664535572739301,0.753706025942586,0.21880598830063924,0.027487985756774802
23.0,5.939914052,0.572550121,Macro,80.29530381,29.512464172999998,2.7207251600311837,0.7793317381149745,0.2012679801042922,0.01940028178073343
17.0,6.782228139,2.37336051,Nano,61.89592054,26.155588649000002,2.366451062165884,0.6499566967555118,0.25930321163921893,0.09074009160526922
76.0,30.98988307,8.301339322,Nano,268.3858364,115.29122239200001,2.3278947939979786,0.6592002272436102,0.26879655213153825,0.07200322062485154
10.0,7.109840315,0.35804823,Macro,35.87378251,17.467888545,2.0536988438862287,0.5724790362749592,0.4070234531600052,0.020497510565035494
73.0,28.96041023,2.673042346,Nano,261.3611269,104.63345257600001,2.4978734856346403,0.6976736235189869,0.2767796485446635,0.0255467279363495
74.0,27.15731801,4.948756954,Nano,266.65539,106.106074964,2.513102007500246,0.697415299030776,0.25594498730835175,0.0466397136608722
72.0,19.8837268,6.352685239,Macro,257.8459605,98.236412039,2.624749368875919,0.732925791013376,0.2024068915719981,0.064667317414626
65.0,24.69295619,1.758171533,Nano,231.1410974,91.451127723,2.527482199017956,0.7107621482468879,0.2700125936641644,0.019225258088947754
78.0,28.99112621,6.265845002,Micro,275.4868697,113.25697121200001,2.432405411798714,0.6886993283088574,0.25597652753518346,0.05532414415595911
83.0,26.50247528,5.901473185,Macro,296.3267871,115.403948465,2.5677352555217876,0.7192128268052497,0.22964964052367529,0.05113753267107506
25.0,7.431420102,1.020490189,Nano,87.52421849,33.451910291,2.616419144037576,0.7473414756443991,0.22215233860648526,0.03050618574911567
51.0,12.78804679,3.632374533,Macro,185.5518229,67.420421323,2.7521605362127914,0.7564473641549568,0.1896761624899168,0.053876473355126325
50.0,14.7442409,2.676620177,Mega,176.9105105,67.420861077,2.6239728724015268,0.7416102256969992,0.21868959643159855,0.039700177871402245
73.0,30.6636907,4.071548218,Nano,261.9545474,107.73523891800001,2.4314657862259925,0.6775870247576296,0.2846208075274136,0.037792167714956824
64.0,21.06923812,4.019544084,Macro,226.4382638,89.088782204,2.541714660342872,0.7183844970902123,0.23649709423297083,0.045118408676816844
25.0,4.097286683,2.29020686,Mega,89.30548354,31.387493543,2.845256930683361,0.7964955840054794,0.13053882997655836,0.07296558601796221
16.0,10.08901804,1.471514796,Nano,53.55799661,27.560532836,1.9432859636168465,0.5805402999720146,0.36606759746029166,0.05339210256769362
30.0,9.444382492,1.526273315,Mega,108.423201,40.970655807,2.646362350428266,0.732231383879249,0.23051577540007037,0.037252840720680636
99.0,32.49040456,8.220533067,Micro,347.693601,139.710937627,2.4886641440219357,0.7086059379567692,0.2325544807861989,0.05883958125703203
78.0,34.10820913,5.137124807,Nano,272.7931535,117.24533393700001,2.3266866521663134,0.6652716776081862,0.2909131475400763,0.04381517485173743
21.0,11.16659227,1.464148126,Macro,69.80773201,33.630740396,2.0757120178746598,0.6244287147034596,0.33203527898922325,0.0435360063073171
76.0,17.48860583,2.950997206,Nano,268.9224504,96.439603036,2.7885064012510896,0.7880579928520642,0.18134257379171986,0.030599433356215913
74.0,26.13517633,5.781930642,Macro,263.3726776,105.91710697200001,2.4865924412911364,0.6986595661035423,0.24675122911834282,0.054589204778114804
23.0,14.39672785,3.09997532,Mega,84.3023981,40.496703169999996,2.081710151715543,0.567947467314782,0.35550370087076893,0.07654883181444916
95.0,36.20915318,6.000879589,Mega,341.2521798,137.21003276899998,2.487078917724007,0.692369195479585,0.26389581322351213,0.04373499129690308
35.0,7.886447626,1.758378079,Mega,124.2568582,44.644825705,2.78323089490937,0.7839654304234448,0.17664863736082984,0.03938593221572529
90.0,36.33821886,6.054413782,Nano,321.1344333,132.392632642,2.425621629327159,0.6797961352076669,0.2744731193484261,0.045730745443907046
41.0,7.143984704,1.185990305,Mega,142.4169063,49.329975008999995,2.887025713554827,0.8311376600640841,0.14482035927844314,0.024041980657472914
31.0,11.05497474,0.739569127,Micro,114.7531983,42.794543867,2.681491328816083,0.7243914106514152,0.2583267337620762,0.01728185558650857
96.0,34.00593633,4.602944767,Nano,340.1997788,134.608881097,2.527320456328954,0.7131773120587921,0.25262773193616483,0.03419495600504316
38.0,10.84290228,0.306923754,Mega,133.9282262,49.14982603400001,2.7248972581785638,0.773146174997914,0.22060916904363584,0.006244655958450019
55.0,15.3353317,0.111007824,Macro,198.5276446,70.446339524,2.818139962153245,0.7807360946165605,0.21768812692922795,0.0015757784542116816
41.0,9.144210529,0.180242273,Mega,152.7138975,50.324452801999996,3.0345863491223266,0.8147132798703889,0.18170511590016913,0.00358160422944205
64.0,14.11271658,3.313544954,Nano,227.1903317,81.42626153399999,2.7901358532239064,0.7859872084791274,0.17331897982455152,0.040693811696321226
58.0,19.21888874,0.582177191,Micro,209.0179563,77.801065931,2.686569313656619,0.7454910714390326,0.24702603376983032,0.007482894791137177
75.0,30.9009463,7.483428371,Macro,263.4491801,113.384374671,2.323505164308867,0.6614668045541776,0.27253266942348314,0.06600052602233926
77.0,32.71817895,4.068253588,Micro,271.5422959,113.78643253800001,2.386420681651268,0.6767063373244007,0.28754024728803645,0.03575341538756275
89.0,28.3891393,2.447626741,Macro,318.3029878,119.83676604099999,2.6561379976750903,0.7426769174457717,0.23689840971081585,0.020424672843412588
40.0,12.18911788,2.852072048,Mega,145.9098049,55.041189927999994,2.6509202488330335,0.7267284746627836,0.22145447611043154,0.05181704922678503
85.0,22.61804745,4.160026631,Mega,301.3706769,111.778074081,2.696151990251788,0.7604353599651819,0.20234780063941546,0.03721683939540268
16.0,10.15692231,2.584043071,Macro,51.48248853,28.740965381,1.7912581518237347,0.5566966797356514,0.3533953078943727,0.089908012369976
17.0,5.063592359,1.535619761,Mega,63.19952192,23.59921212,2.678035249593748,0.7203630321875338,0.2145661614994628,0.0650708063130033
59.0,9.284500795,0.800781459,Mega,212.2717173,69.085282254,3.072604039157842,0.8540169204647626,0.13439187757624643,0.01159120195899084
53.0,25.68728247,5.371543508,Nano,192.0977956,84.058825978,2.2852781176158246,0.6305108283795355,0.3055869763958268,0.06390219522463766
72.0,34.51243521,6.146297355,Mega,258.3754259,112.65873256500001,2.2934345169463604,0.6390982603897004,0.30634496256282284,0.05455677704747662
51.0,14.28433335,1.914859941,Nano,181.2581603,67.199193291,2.6973264324034067,0.7589376821705156,0.21256703615686268,0.028495281672621768
90.0,30.45575787,4.061587268,Macro,319.1462523,124.517345138,2.5630666309685357,0.7227908682140216,0.24459048525525912,0.03261864653071929
16.0,6.004431969,2.725432887,Macro,56.85809932,24.729864856,2.2991674095705785,0.6469910002811057,0.24280084035894742,0.11020815935994697
50.0,18.90277978,0.953107406,Macro,180.3298596,69.855887186,2.58145543438378,0.7157592869283697,0.27059680352593607,0.013643909545694163
25.0,7.340897283,3.250947615,Micro,87.33887423,35.591844898000005,2.453901293408586,0.702408095777154,0.20625222727390857,0.09133967694893722
79.0,23.67214647,2.209946727,Micro,283.4302118,104.882093197,2.702369900909902,0.7532267672386584,0.22570246024301419,0.021070772518327393
82.0,31.74991035,4.827938725,Macro,286.0666786,118.57784907499999,2.412479909456479,0.6915288195869984,0.2677558295893723,0.04071535082362937
88.0,23.86766113,5.853575844,Micro,314.6008061,117.721236974,2.672421851712983,0.747528672498028,0.20274728454706456,0.049724042954907316
19.0,4.182629353,3.338355193,Mega,68.17931746,26.520984546,2.5707687187006436,0.7164138257026229,0.15771018401467454,0.12587599028270252
67.0,10.44756548,2.178328312,Mega,236.9798995,79.625893792,2.9761662722310227,0.8414348248952589,0.1312081407499336,0.027357034354807536
77.0,18.65217152,1.370781655,Mega,272.3489452,97.022953175,2.8070568487929353,0.7936266365868635,0.19224493699297254,0.014128426420163953
82.0,24.48892201,2.559907081,Nano,297.2994034,109.048829091,2.7262961544677116,0.7519567214387229,0.2245684086122949,0.02347486994898209
26.0,12.27610125,0.022498266,Mega,90.01227664,38.298599515999996,2.350275931170684,0.6788759988243953,0.3205365576062753,0.0005874435693294974
34.0,13.35447854,0.734024403,Macro,117.2463276,48.088502943,2.4381363615950735,0.7070297039668857,0.2777062649637743,0.01526403106934
62.0,23.86330204,4.208564348,Micro,221.4837689,90.071866388,2.4589672422898476,0.6883392393905148,0.26493624476709227,0.04672451584239287
10.0,7.931488441,5.022012056,Nano,34.77154801,22.953500497,1.5148690725645355,0.4356633970189858,0.345545919762288,0.21879068321872616
72.0,23.69108173,1.627593518,Mega,253.2699162,97.318675248,2.602480105227336,0.7398374445246024,0.24343818562703745,0.016724369848360104
17.0,4.755853353,5.440347967,Mega,58.43598521,27.19620132,2.148681888416025,0.625087298037401,0.1748719718993461,0.20004073006325282
92.0,36.50269966,5.544405637,Nano,327.5925024,134.047105297,2.443861071629807,0.6863258986172153,0.2723124798489545,0.0413616215338302
40.0,11.38543827,0.766831031,Mega,140.4416289,52.152269301000004,2.6929150117980982,0.7669848414291919,0.21831146415294506,0.01470369441786297
68.0,20.71881535,0.144885367,Mega,244.4277846,88.863700717,2.7505920035720495,0.7652168371487967,0.2331527404646609,0.0016304223865423917
49.0,19.77045829,2.139144069,Macro,173.8782046,70.90960235899999,2.452110839935221,0.6910206568628546,0.27881214436807084,0.030167198769074685
72.0,23.0710855,0.934353612,Nano,253.6512936,96.00543911199999,2.6420512831995935,0.7499575093449108,0.24031019193699285,0.009732298718096406
89.0,22.66199853,3.082472526,Macro,314.8244547,114.74447105600001,2.743700431076568,0.7756365006603616,0.1974996993008928,0.02686380003874546
20.0,0.898598086,0.364684826,Mega,71.64470129,21.263282912,3.3694092105395015,0.9405885291924012,0.04226055260229235,0.01715091820530634
41.0,18.82047294,2.036738638,Micro,146.0486457,61.857211578000005,2.36106093330504,0.6628168155995892,0.3042567302968058,0.03292645410360499
17.0,12.91914773,1.904300714,Macro,58.44532347,31.823448444,1.8365490331082988,0.5341972926006133,0.40596316118078585,0.05983954621860087
23.0,12.8642464,0.024461348,Micro,84.68370693,35.888707748,2.359619842670965,0.6408701077090673,0.3584483033027818,0.0006815889881508252
70.0,28.84317427,5.226574958,Macro,253.9130819,104.06974922799999,2.4398356273898334,0.672625816044212,0.2771523375809167,0.05022184637487133
22.0,3.268480628,0.009526957,Macro,78.80989575,25.278007584999997,3.1177257734808927,0.8703217579954691,0.12930135482432248,0.00037688718020851094
35.0,7.820341463,0.16292609,Micro,120.9375094,42.983267553,2.8135950634948697,0.8142703426826189,0.18193920351348866,0.0037904538038925485
60.0,22.22851939,1.901751815,Micro,212.5162269,84.130271205,2.5260375826218637,0.7131796812326703,0.26421547288057384,0.02260484588675587
61.0,21.00894901,5.042353102,Nano,220.0359021,87.051302112,2.527657792147696,0.7007362155423884,0.2413398593736132,0.0579239250839984
40.0,7.852243612,0.349657474,Micro,144.1559099,48.201901086,2.9906685556406276,0.8298427883297284,0.16290319334065942,0.007254018329612238
19.0,10.36054593,1.354422273,Mega,70.07419924,30.714968203,2.2814348618845615,0.6185909057247283,0.3373126047705972,0.04409648950467448
59.0,25.75238399,3.388303521,Mega,209.8044787,88.140687511,2.3803363080622253,0.6693843861001966,0.2921736228434353,0.038441991056368134
10.0,2.296818223,0.334893148,Mega,40.51910041,12.631711371,3.2077284874497787,0.7916583672864861,0.1818295364374028,0.02651209627611115
58.0,20.79986713,4.461833955,Nano,209.1945385,83.261701085,2.512494169275235,0.696598787247802,0.24981314168402446,0.05358807106817352
48.0,10.45590551,1.708632243,Nano,170.3719886,60.164537753,2.8317675987048485,0.79781216298976,0.173788512311451,0.028399324698789065
35.0,17.76937744,1.421504768,Mega,123.8685578,54.190882208,2.285782270983471,0.6458651081866513,0.32790345379128694,0.026231438022061734
28.0,19.75022142,4.689765848,Micro,98.1061183,52.439987268,1.8708265087597846,0.5339436841756481,0.37662521386712855,0.08943110195722331
56.0,11.62903347,6.679102573,Nano,194.5256135,74.30813604299999,2.6178238865719035,0.7536186881015883,0.15649744549197966,0.08988386640643219
89.0,26.90236509,3.092274781,Nano,317.3168665,118.994639871,2.6666484040289347,0.7479328488785993,0.22608047823972896,0.02598667288167165
70.0,16.12366782,4.368896191,Nano,253.1724036,90.49256401100001,2.797714998651437,0.7735442217273345,0.178176715360171,0.048279062912494446
29.0,6.870957676,0.228259393,Mega,102.7241955,36.099217069000005,2.845607296791315,0.8033415224648621,0.19033536552515415,0.006323112009983631
85.0,29.82247184,7.304243425,Nano,303.2443019,122.12671526499999,2.4830300335352264,0.6959984129234986,0.24419285964818505,0.059808727428316465
96.0,30.36214848,6.714957659,Macro,340.8595692,133.077106139,2.561368961870645,0.7213862908900898,0.228154559119181,0.05045914999072928
67.0,24.34232653,3.136783252,Nano,233.9109001,94.47910978200001,2.4757949205885117,0.7091514743798393,0.25764771266544745,0.033200812954713235
56.0,16.82069081,2.86187438,Micro,201.5816832,75.68256519,2.663515470094493,0.7399326365248429,0.22225318034308025,0.03781418313207679
46.0,15.79668978,0.59689445,Macro,160.986847,62.39358423,2.580182706070515,0.7372552894289784,0.2531781107776888,0.009566599793332629
65.0,16.42661311,4.59993881,Nano,235.1325966,86.02655192,2.733256086082126,0.7555806730513441,0.1909481752247359,0.05347115172391999
21.0,9.750389723,4.396804065,Macro,74.25911521,35.147193787999996,2.1128035329908372,0.5974872454019317,0.2774158808185987,0.1250968737794698
48.0,18.0594551,1.632843105,Micro,173.4901605,67.69229820500001,2.562923184770603,0.7090910084724311,0.26678744227753315,0.024121549250035536
28.0,18.92451704,1.884703111,Mega,103.6206304,48.809220151,2.1229724646169545,0.573662105507464,0.38772422467422435,0.038613669818311706
77.0,28.06346238,5.958229036,Nano,273.3941501,111.02169141600001,2.4625291383427754,0.6935581598327465,0.2527745886598482,0.053667251507405186
71.0,14.15400564,2.185417096,Micro,248.9141465,87.33942273599999,2.8499632663292305,0.8129204175600175,0.16205746725374146,0.02502211518624114
77.0,29.79930364,4.062496317,Mega,273.202171,110.861799957,2.4643490463438895,0.694558450520071,0.26879685925682484,0.03664469022310409
64.0,17.95098004,0.156159603,Micro,231.2788009,82.10713964300001,2.8167928137016465,0.7794693650061438,0.21862873457838694,0.0019019004154690864
35.0,9.413349211,0.104001063,Macro,123.2758262,44.517350273999995,2.769163605678442,0.7862103154068779,0.21145349292043988,0.0023361916726823027
21.0,1.551312742,0.198567755,Nano,70.55455871,22.749880497,3.1013155747918737,0.9230817719138896,0.0681899292703788,0.008728298815731578
50.0,23.18930833,2.019916653,Micro,173.833527,75.209224983,2.311332513256089,0.6648120627662605,0.30833063809980255,0.026857299133937015
40.0,13.84088825,4.726136465,Nano,141.6677011,58.567024715,2.4188987197042384,0.6829781808901644,0.2363256169722263,0.0806962021376093
26.0,5.770653662,0.878954101,Micro,93.03341835,32.649607763,2.8494498012141407,0.7963342221055522,0.17674496134497406,0.026920816549473845
94.0,28.42763576,4.239315357,Micro,326.2694128,126.666951117,2.5758053692997693,0.7421035966451414,0.22442819937887273,0.03346820397598597
22.0,0.861286937,0.129393639,Mega,76.14281235,22.990680576,3.3118990148332355,0.9569094715258594,0.03746243762349074,0.005628090850649902
26.0,7.202913475,1.408307077,Micro,89.79028845,34.611220552000006,2.5942537425138994,0.7512014770163196,0.20810920158618273,0.04068932139749752
45.0,24.60749369,2.55372225,Macro,162.6508972,72.16121594,2.253993299326325,0.6236036825850637,0.34100719298383814,0.0353891244310981
37.0,16.69619826,4.790839785,Micro,131.2500263,58.487038045000006,2.2440874198316565,0.6326188030163564,0.2854683502206749,0.0819128467629686
54.0,18.61129829,5.139317624,Macro,192.1091752,77.75061591400001,2.4708379855471763,0.6945282601970565,0.23937171521041026,0.06610002459253315
80.0,23.68899056,8.226684392,Micro,285.2438359,111.915674952,2.5487389145652695,0.7148239067879593,0.2116682097495286,0.07350788346251208
74.0,19.41571685,2.783297563,Mega,258.443524,96.199014413,2.686550642717134,0.7692386502246732,0.20182864625457356,0.028932703520753274
97.0,28.90739759,3.861604872,Micro,344.2288883,129.769002462,2.652627991039693,0.7474820501020982,0.22276042075968716,0.029757529138214545
89.0,36.89091987,10.29764311,Nano,317.8664887,136.18856298,2.3340174956297934,0.6535056839763418,0.2708811890130423,0.07561312701061587
34.0,5.161887001,0.592363282,Macro,126.0282242,39.754250283,3.1701823906334137,0.8552544635595688,0.1298449087645696,0.014900627675861635
62.0,24.31903081,0.722076955,Nano,220.6699758,87.041107765,2.5352385954896284,0.712307110881357,0.2793970738017066,0.008295815316936413
43.0,7.640104606,2.263525827,Mega,150.1102653,52.903630433000004,2.837428434899335,0.8127986614162048,0.1444155069031763,0.042785831680618794
26.0,2.208687393,0.194148665,Micro,94.32551695,28.402836058,3.320989381390739,0.9154015446523267,0.07776291735408924,0.0068355379935841195
81.0,20.57784486,4.50390565,Micro,290.3717146,106.08175051,2.7372447494880614,0.7635620604918691,0.19398100767634097,0.04245693183178977
92.0,22.48136498,3.371126652,Nano,326.3936019,117.852491632,2.7695095570756325,0.7806368683937067,0.19075850386090376,0.028604627745389577
32.0,10.83204359,5.108585918,Mega,106.450803,47.940629508,2.2204715309847196,0.6674922780198383,0.22594704535935273,0.10656067662080897
46.0,16.88243352,4.72763659,Mega,168.5041441,67.61007011,2.4922935862342355,0.6803720203981313,0.24970294354868552,0.0699250360531833
19.0,9.22885874,1.70702226,Micro,66.80199669,29.935881,2.2315026135359104,0.634689855962482,0.30828752759940486,0.05702261643811318
40.0,15.5960957,3.286725772,Nano,133.021187,58.882821471999996,2.2590831022466262,0.6793152739635758,0.26486665058019115,0.05581807545623313
76.0,32.02831924,6.749787308,Macro,274.0390217,114.778106548,2.3875548215756406,0.6621471836897478,0.279045544514239,0.058807271796013215
43.0,11.1208882,0.769497292,Mega,152.4371646,54.89038549199999,2.7771195854001967,0.7833794500544552,0.2026017507496065,0.014018799195938432
18.0,0.0262955,2.08232788,Micro,62.97088923,20.10862338,3.1315365572280163,0.8951383523301135,0.001307672807983139,0.10355397486190324
85.0,40.19445822,5.326762155,Macro,296.2102472,130.521220375,2.2694412935226893,0.6512350999767458,0.30795343549897447,0.04081146452427965
70.0,19.74894387,5.599312885,Nano,247.890795,95.34825675500001,2.599846116085397,0.734150810747038,0.20712433076511783,0.05872485848784409
46.0,22.8870475,1.144771295,Nano,169.4468283,70.03181879499999,2.419569150360234,0.6568442858046153,0.3268092688981262,0.016346445297258684
29.0,11.39467134,2.510669081,Nano,102.9582036,42.905340421000005,2.399659403462212,0.6759065355371463,0.26557699410357977,0.05851647035927383
20.0,13.07810577,0.249820404,Mega,71.48069286,33.327926174,2.1447686989826567,0.6000973446587424,0.3924068272871589,0.007495828054098714
83.0,33.36304269,2.612161332,Mega,300.0458537,118.975204022,2.5219192197772387,0.6976243552787038,0.2804201342981581,0.021955510423138074
18.0,9.71688467,1.20773669,Nano,64.97856795,28.92462136,2.2464794661014706,0.6223071955193262,0.3359381804540241,0.04175462402664966
99.0,41.46858112,7.520477072,Macro,357.133617,147.98905819200002,2.4132433935531723,0.6689683765103638,0.28021383220237095,0.05081779128726519
28.0,4.27751947,0.617684626,Nano,99.01487053,32.895204096,3.0100093083793946,0.8511879092856807,0.13003474480707475,0.018777345907244555
24.0,4.583280072,1.76559653,Mega,88.89097675,30.348876602,2.928970911039984,0.7908035712405379,0.15101976037221623,0.058176668387245896
59.0,17.85584792,4.287900392,Macro,209.5932192,81.143748312,2.5829866571372593,0.7271046904703408,0.2200520470331708,0.05284326249648836
11.0,8.231312431,0.304835686,Mega,35.63796975,19.536148117,1.8242065701267125,0.5630587940940108,0.42133753192817275,0.015603673977816411
65.0,22.01819072,3.352790007,Micro,233.5250041,90.370980727,2.5840707074481273,0.7192574372558518,0.24364226815811968,0.037100294586028454
83.0,25.39696363,2.810283955,Nano,293.4955055,111.207247585,2.6391760597767697,0.7463542332217141,0.2283750760991375,0.02527069067914833
25.0,8.441300609,3.061993427,Mega,94.78572882,36.503294036,2.596634942767662,0.6848696990289339,0.2312476402999435,0.08388266067112256
52.0,23.79065914,0.464672096,Micro,182.0172522,76.255331236,2.3869446142287556,0.6819195347675691,0.3119868310108195,0.006093634221611369
93.0,25.01357137,4.893950399,Micro,336.3264626,122.907521769,2.73641887623536,0.7566664648465531,0.2035153830292995,0.0398181521241474
80.0,26.88480845,6.158385471,Nano,280.6608775,113.04319392100001,2.482775545922201,0.7076940877653176,0.23782774988460068,0.054478162350081634
87.0,25.71992906,4.324441808,Mega,311.6053074,117.044370868,2.6622835860378236,0.7433078528664709,0.2197451177639833,0.03694702936954575
90.0,31.10307277,6.854287446,Macro,322.6051055,127.957360216,2.521192254634063,0.7033593053816865,0.24307372954159162,0.05356696507672193
18.0,8.838122541,2.715304509,Nano,66.89880637,29.55342705,2.263656470595345,0.6090664195914294,0.2990557584420654,0.09187782196650524
70.0,17.63694287,4.824467434,Macro,252.7448024,92.461410304,2.7335166267636515,0.7570725967714523,0.19074923053858073,0.05217817268996693
56.0,11.11142837,2.25649175,Nano,199.6925537,69.36792012,2.8787450071236185,0.8072895929865744,0.16018108011279958,0.032529326900626127
36.0,15.54358234,4.829662566,Mega,129.3323791,56.373244906,2.2942156215356464,0.6386008124958653,0.27572623087278847,0.08567295663134628
76.0,28.33102033,5.703993932,Micro,270.4629073,110.035014262,2.457971302262128,0.6906892366009916,0.25747277373493255,0.0518379896640759
100.0,29.08925518,2.287391235,Micro,354.7647676,131.376646415,2.700364008983369,0.761170289612313,0.22141876789967074,0.01741094248801616
30.0,10.83082132,3.734457823,Macro,103.3493972,44.565279143,2.319056431092352,0.6731697989310629,0.24303272700808898,0.08379747406084817
46.0,8.763920379,8.357128383,Micro,163.6670703,63.121048762,2.592907968261302,0.7287584871006266,0.1388430729667476,0.13239843993262576
76.0,21.01323375,3.657839506,Micro,268.536964,100.671073256,2.667468969136029,0.7549338408932716,0.20873159558520563,0.03633456352152273
28.0,5.200063473,2.294252711,Macro,100.8682615,35.494316184,2.841814474664229,0.7888586965544004,0.14650411761824747,0.06463718582735213
93.0,27.81154194,4.878628858,Macro,330.0737233,125.690170798,2.626090180356825,0.739914660068867,0.2212706193604961,0.03881472057063693
81.0,32.15203051,8.363874342,Macro,286.3104178,121.515904852,2.3561559134889465,0.6665794086679744,0.2645911294423515,0.06882946188967412
12.0,7.46670429,1.363468221,Mega,38.13925808,20.830172511,1.8309621804552705,0.5760874036767116,0.3584561907039887,0.06545640561929958
16.0,2.2842643,1.365836702,Mega,59.33841514,19.650101002,3.01975115211675,0.8142451786060291,0.11624694955855473,0.06950787183541622
53.0,14.10567486,1.324027483,Micro,188.1229704,68.42970234299999,2.74914202398608,0.7745174710002466,0.20613380413809354,0.01934872486166004
56.0,19.91416231,6.070675656,Mega,198.1224608,81.984837966,2.4165744022347586,0.6830531277408124,0.24290055093185178,0.07404632132733585
79.0,26.37176232,4.775905732,Micro,279.998199,110.147668052,2.542025663837156,0.7172189969805317,0.2394218850602453,0.04335911795922294
71.0,32.11362476,2.522217397,Nano,255.7732487,105.635842157,2.421273343188386,0.6721203575437691,0.3040031120523611,0.023876530403869785
84.0,31.46617665,3.115435233,Macro,300.6009998,118.581611883,2.5349714430985446,0.7083728975018457,0.26535460389125504,0.026272498606899376
66.0,15.63237993,5.234691726,Nano,232.1468805,86.867071656,2.672438198668867,0.7597815690318751,0.1799574871351181,0.06026094383300689
13.0,3.084029135,1.00780763,Mega,50.59803638,17.091836765,2.9603627202672973,0.7605970135767325,0.18043871922035642,0.058964267202911126
62.0,17.79116447,0.878425861,Nano,216.1390948,80.669590331,2.67931315769855,0.7685671855479155,0.22054363232787047,0.010889182124214103
34.0,7.110267429,3.588867403,Mega,119.8437713,44.699134832000006,2.681120602231525,0.760641120410668,0.15906946422394236,0.08028941536538954
28.0,4.164198677,0.357389068,Nano,99.89737179,32.521587745000005,3.071724928477965,0.8609665745579974,0.1280441382398441,0.010989287202158398
72.0,19.4392213,2.993106463,Mega,256.1426344,94.432327763,2.7124464732337197,0.7624507592431781,0.205853458878905,0.031695781877916857
36.0,14.29764842,4.724222889,Mega,128.1369482,55.021871309000005,2.328836608998438,0.6542852713573817,0.2598539104514483,0.08586081819116996
40.0,8.565813523,0.975294751,Micro,143.4349155,49.541108274,2.895270624683966,0.8074102779205016,0.1729031469305155,0.019686575148982907
93.0,25.48811975,2.778442938,Nano,332.9933237,121.266562688,2.745961593359746,0.7669055503723193,0.21018258607343368,0.02291186355424703
98.0,30.37795016,3.96458204,Micro,351.3836194,132.34253220000002,2.6551072701932172,0.74050268172215,0.22954034243573282,0.02995697584211706
66.0,26.21942701,2.934109357,Micro,236.0969659,95.153536367,2.481221139163886,0.6936158394097197,0.27554863446034894,0.030835526129931335
70.0,17.89838701,2.524896129,Micro,248.1270603,90.42328313899999,2.744061614292145,0.7741368989267396,0.19794002593874344,0.02792307513451699
37.0,11.26805079,2.303197825,Micro,132.8280043,50.571248615,2.6265518043903255,0.7316410215947364,0.22281535652370207,0.04554362188156148
81.0,20.55172834,5.130861803,Macro,287.1502956,106.682590143,2.6916322074210663,0.7592616554531118,0.19264369483766708,0.048094649709221206
88.0,25.79314124,3.094833521,Nano,317.0374264,116.887974761,2.712318585793313,0.7528575987387323,0.22066548156676555,0.026476919694502228
82.0,22.56523143,2.541684877,Micro,294.1029625,107.10691630699999,2.7458820834409443,0.7655901488654928,0.21067949865460972,0.02373035247989758
97.0,23.98940195,4.887500214,Mega,347.3104195,125.876902164,2.759127477156239,0.7705941148251533,0.1905782676375779,0.038827617537268835
63.0,20.91620696,4.093511379,Mega,218.830545,88.009718339,2.4864361473933836,0.7158300377389417,0.23765792408781453,0.046512038173243765
81.0,23.874,3.774874678,Mega,289.3677748,108.648874678,2.663329699986237,0.7455208371007772,0.21973536376474018,0.034743799134482556
47.0,11.1915046,1.468351074,Micro,170.671078,59.659855674,2.8607356835155593,0.7877994250744188,0.1875885295659088,0.024612045359672454
31.0,9.957561981,0.387034004,Micro,116.3549948,41.344595985,2.8142733536981255,0.749795693039229,0.24084313182338624,0.009361175137384766
66.0,24.83128365,7.701144623,Mega,237.953122,98.53242827300001,2.4149726762108457,0.6698302392095355,0.2520112828357474,0.07815847795471695
86.0,22.51839983,0.449688118,Macro,308.9307731,108.96808794799999,2.835057299045414,0.7892218870632982,0.20665132566835412,0.004126787268347711
60.0,17.74524356,5.489125047,Mega,214.1153027,83.23436860700001,2.5724386005853948,0.7208560718865596,0.21319610945553114,0.06594781865790912
76.0,20.75626701,1.645051456,Macro,270.6672913,98.401318466,2.750646998632665,0.7723473748602241,0.21093484654041278,0.01671777859936302
84.0,17.79784434,2.45772109,Mega,299.0457753,104.25556543,2.868391476911488,0.8057123823897906,0.17071361386409586,0.02357400374611349
29.0,17.56867227,2.001044064,Micro,104.6554025,48.569716334,2.1547460104628744,0.5970798717574408,0.36172070985931404,0.04119941838324511
88.0,28.50814283,5.1302272,Nano,311.0813249,121.63837003,2.5574276013668813,0.7234559290649515,0.23436801087493164,0.04217606006011687
57.0,18.17476033,2.498876616,Mega,199.278153,77.673636946,2.565582877734198,0.7338397201566259,0.23398879007861312,0.03217148976476099
29.0,5.765039526,6.088674508,Micro,103.7651204,40.85371403400001,2.539918899751507,0.7098497819773523,0.1411142086421351,0.1490360093805125
14.0,6.754820647,4.942437287,Nano,47.02611484,25.697257934,1.8300051686752081,0.5448052097993157,0.2628615342675417,0.19233325593314254
56.0,21.46041579,2.388734762,Micro,202.760593,79.849150552,2.53929555415817,0.7013224262608935,0.26876197982875694,0.029915593910349605
64.0,24.05736443,8.153003774,Mega,226.6036939,96.210368204,2.3552939057412194,0.6652089706620534,0.25004960358315936,0.08474142575478714
62.0,22.7802953,6.853968812,Nano,218.216213,91.63426411200001,2.3813822822136177,0.6766028035563256,0.248600188158403,0.07479700828527126
92.0,34.42143164,8.177003715,Micro,326.096435,134.59843535500002,2.422735703724406,0.6835146319298013,0.255734262803385,0.06075110526681351
79.0,20.6830343,2.820506276,Macro,281.4104149,102.503540576,2.74537263121513,0.7707050854641104,0.20177873060555224,0.027516183930337217
33.0,10.89567751,2.858010734,Nano,121.3269117,46.753688243999996,2.5950233287866897,0.7058266682144582,0.23304423499462135,0.06112909679092055
34.0,11.56340328,1.727947024,Nano,121.9495696,47.291350304000005,2.5786865635275644,0.7189475407540691,0.24451412796775104,0.03653833127817978
38.0,6.110769556,1.937174888,Macro,133.4760122,46.047944444,2.898631281192657,0.8252268469054618,0.1327045024437834,0.04206865065075476
40.0,23.49000867,5.241414394,Micro,147.5658151,68.731423064,2.1469919946600338,0.581975437388421,0.34176520174952624,0.07625936086205289
74.0,27.4972281,4.245206285,Mega,260.7008823,105.742434385,2.465432953347833,0.6998136597704168,0.26003967338112083,0.0401466668484625
35.0,10.35124977,0.936024016,Nano,125.2761007,46.287273786,2.7064912329723527,0.7561473627030949,0.22363057755047197,0.020222059746433128
38.0,12.76650992,0.102854565,Nano,142.3570945,50.869364485000006,2.7984838407402797,0.7470114947318669,0.2509665699433791,0.002021935324753841
75.0,29.03335197,1.937485672,Mega,265.9656193,105.97083764199999,2.509800103671054,0.7077418813407099,0.2739749219316641,0.018283196727625996
74.0,15.5431867,1.502156333,Mega,263.1378881,91.04534303300001,2.8901850367527735,0.8127818242518806,0.17071918433396716,0.016498991414152103
62.0,18.54551399,0.811841133,Nano,221.3185087,81.357355123,2.720325757461018,0.7620700046881488,0.2279512892468295,0.009978706065021646
80.0,24.29031744,7.600781837,Nano,281.1765126,111.891099277,2.512947986183543,0.7149809101611406,0.21708891589192783,0.06793017394693159
99.0,37.95497728,3.772530977,Nano,348.6417083,140.727508257,2.477424013386935,0.7034871946940451,0.2697054595089234,0.026807345797031465
88.0,33.12247008,10.45510884,Nano,313.3414466,131.57757892,2.3814197614208537,0.6688069557314514,0.2517333906876237,0.07945965358092484
14.0,0.50890917,1.278568268,Nano,47.78985827,15.787477438,3.0270737334497277,0.886778781156159,0.03223498953512804,0.08098622930871294
45.0,10.77079934,4.423494837,Macro,161.5821401,60.194294176999996,2.6843431310095816,0.7475791620328414,0.17893389211157956,0.07348694585557912
29.0,14.54674449,1.244351752,Nano,101.0405115,44.791096242,2.2558168916896406,0.6474501057825661,0.32476866409801586,0.027781230119417983
55.0,18.05470687,3.922401368,Nano,193.6525137,76.977108238,2.5157156216009007,0.7144981314438241,0.23454644222510862,0.05095542633106726
43.0,5.738747528,0.043311281,Mega,152.0515512,48.782058809,3.1169564161967553,0.8814716116915253,0.11764053564178877,0.0008878526666859195
97.0,35.88463577,2.264974023,Micro,346.3527557,135.149609793,2.5627358912133475,0.7177231229048214,0.26551786442419034,0.016759012670988217
20.0,3.799751394,2.624138468,Mega,66.45367692,26.423889862000003,2.5149089428943823,0.7568908326688816,0.14379984982697017,0.09930931750414816
50.0,22.22292707,3.600054733,Nano,174.8927672,75.82298180299999,2.306593107277143,0.6594306740653889,0.2930895955495216,0.04747973038508967
32.0,10.36859883,2.023882836,Mega,111.453157,44.392481665999995,2.510631368585133,0.720842782360344,0.2335665509311065,0.0455906667085495
100.0,33.65814441,6.51658012,Nano,356.3362079,140.17472453,2.5420860222467385,0.7133953737758061,0.24011564511972008,0.04648898110447388
69.0,20.7102426,5.120845126,Mega,250.4564617,94.831087726,2.6410797103124644,0.7276094965752686,0.21839085785706785,0.05399964556766345
64.0,11.24505485,1.363032749,Micro,229.217894,76.608087599,2.99208479396883,0.8354209327741451,0.1467867845606785,0.017792282665176365
16.0,9.561229256,1.786776024,Micro,49.16942945,27.348005280000002,1.797916482265649,0.5850518104039213,0.34961340536935864,0.06533478422672001
87.0,36.25456287,5.905905777,Macro,311.2083867,129.160468647,2.409470869531631,0.6735807086437104,0.28069395574186845,0.04572533561442119
11.0,5.584323781,0.170465605,Mega,39.21297668,16.754789386000002,2.340404034727267,0.656528694367916,0.33329716371523954,0.010174141916844263
34.0,17.36318028,4.198920401,Macro,118.859904,55.562100681000004,2.1392262449257125,0.6119279073914969,0.31250042865887373,0.07557166394962926
24.0,12.01662106,2.06448085,Nano,84.99258673,38.08110191,2.231883597561581,0.630233863944406,0.3155533967583135,0.05421273929728048
74.0,21.16288162,2.039521432,Nano,262.6597435,97.20240305200001,2.7021939299122666,0.7612980510411095,0.21771973691513133,0.02098221204375909
63.0,20.91947204,0.450401007,Mega,219.6017346,84.369873047,2.6028453838927343,0.7467120397929784,0.24794954981556475,0.0053384103914568505
99.0,26.53623007,3.80369576,Nano,351.6684932,129.33992583,2.71894769494627,0.7654249015893378,0.2051665786856745,0.029408519724987692
72.0,11.3926569,4.185864342,Mega,258.2394533,87.57852124200001,2.948661950872906,0.8221193847410041,0.13008505668324105,0.047795558575754835
95.0,28.5315743,5.572196695,Mega,331.594008,129.103770995,2.5684300733000445,0.73584217771361,0.22099721859483862,0.04316060369155137
55.0,14.18862454,4.034137594,Nano,196.161492,73.222762134,2.6789687562047737,0.7511325494570695,0.193773413163988,0.055094037378942334
16.0,1.656750399,0.038167672,Nano,56.4627635,17.694918071,3.1909027933017775,0.9042144154497227,0.0936285995986175,0.002156984951659797
24.0,6.371852119,1.305288031,Nano,84.80889175,31.67714015,2.6772900378129623,0.757644152418854,0.20114985408491806,0.04120599349622791
28.0,8.992457813,3.349611025,Mega,103.7700567,40.342068838,2.572254217221858,0.694064553616188,0.22290522206758026,0.08303022431623168
26.0,11.36433328,1.521586172,Macro,93.32296279,38.885919451999996,2.399916579192528,0.668622482543942,0.2922480280819361,0.039129489374122056
87.0,33.30849773,7.820146668,Nano,310.8965435,128.128644398,2.4264405899298884,0.6790050765678592,0.25996136840826456,0.061033555023876196
27.0,8.244629705,1.142500735,Mega,91.69977322,36.38713044,2.5201155494030214,0.7420205900688222,0.22658092587418663,0.03139848405699122
97.0,33.35293523,5.652608391,Macro,344.2254063,136.00554362100002,2.530965996939331,0.7132062224632927,0.24523217467475436,0.0415616028619528
30.0,19.17715593,3.393101262,Nano,110.2396605,52.570257192,2.0969967884573326,0.5706648892820201,0.36479098551791617,0.06454412520006375
38.0,7.908774227,0.143314224,Micro,139.5053064,46.052088451,3.029293808215351,0.8251525886916611,0.17173540859965633,0.0031120027086825415
66.0,15.01433754,3.656985086,Macro,230.8171989,84.671322626,2.726037479295534,0.779484693909026,0.1773249439638439,0.043190362127130046
87.0,22.69202611,2.513637746,Macro,309.6042336,112.205663856,2.759256734110436,0.7753619292485281,0.20223601314031692,0.022402057611154963
42.0,13.48211131,1.979575976,Nano,150.7074655,57.461687286,2.622746957462185,0.7309218017033917,0.23462783546359228,0.03445036283301596
63.0,15.49398588,0.383257582,Macro,222.6903721,78.877243462,2.823252465805091,0.7987094532575921,0.19643163477770878,0.004858911964699155
58.0,18.8625911,7.744558511,Macro,207.6358469,84.607149611,2.4541170321261445,0.6855212622889173,0.22294322863640859,0.0915355090746741
98.0,29.72194699,5.393795763,Macro,348.4970199,133.115742753,2.6180000403607107,0.736201428720882,0.2232789779429012,0.040519593336216735
92.0,28.84839121,2.581624373,Micro,331.3565856,123.430015583,2.684570556318051,0.7453616493966574,0.23372265711658294,0.020915693486759687
25.0,4.132424517,2.2690036,Mega,92.56307125,31.401428117000002,2.9477344439595248,0.7961421342638102,0.131599890985939,0.07225797475025075
99.0,35.34863664,3.077833251,Micro,350.3274806,137.42646989099998,2.5491994437306205,0.7203852363996689,0.2572185450738626,0.02239621852646865
34.0,17.91425703,3.047221413,Mega,116.2559525,54.961478443000004,2.1152260782170895,0.6186150912090376,0.32594205136928217,0.05544285742168022
58.0,16.21319014,1.808076507,Macro,204.6553016,76.02126664699999,2.692079606490959,0.762944404350948,0.21327177058605107,0.023783825063000995
53.0,14.44984131,1.122940162,Mega,192.4357787,68.572781472,2.8062997383090895,0.7729014174762802,0.21072269492087375,0.016375887602846105
85.0,24.36995576,3.57934547,Mega,305.1813506,112.94930123,2.7019321702447328,0.7525500297422247,0.21576012861182,0.03168984164595526
36.0,13.80111588,1.731192518,Nano,129.2366754,51.532308398,2.507876697505283,0.6985908669559461,0.2678148196546854,0.03359431338936854
34.0,1.383724862,1.830701441,Micro,124.8653926,37.214426303,3.3552953788228654,0.9136241876516346,0.037182485381709415,0.04919332696665593
94.0,29.84551294,2.783840955,Mega,332.5900956,126.629353895,2.626484976585926,0.7423239328690251,0.23569189940547,0.021984167725504922
45.0,16.6104103,0.00097659,Mega,155.2336339,61.61138689,2.51956077822354,0.7303844674092841,0.2695996817870042,1.5850803711716285e-05
43.0,18.68496658,1.243232714,Nano,158.2727043,62.928199294,2.5151316274052475,0.6833184563108881,0.29692517487595665,0.01975636881315525
74.0,25.67430718,3.229394656,Micro,255.856644,102.903701836,2.4863696780098796,0.7191189304145298,0.24949838268129299,0.031382686904177275
99.0,48.87116125,8.292207745,Mega,349.1560315,156.163368995,2.2358382362459097,0.6339514870684543,0.3129489429212093,0.053099570010336404
85.0,20.84691258,8.21413169,Macro,297.1053817,114.06104427000001,2.604792754629757,0.7452149903063481,0.1827697853673175,0.07201522432633432
19.0,7.174030772,0.31830096,Mega,65.32239428,26.492331732,2.465709509484108,0.7171886639578035,0.2707965023454131,0.012014833696783486
58.0,14.69851591,1.463555453,Micro,202.8868815,74.162071363,2.735722961497833,0.7820709283605127,0.19819451695268045,0.019734554686806908
55.0,20.04545281,3.068510586,Macro,196.5427867,78.113963396,2.516103115951538,0.7040994670975356,0.2566180480227236,0.03928248487974084
50.0,15.86048486,2.900916224,Nano,184.5395186,68.761401084,2.6837661201022307,0.7271521407616349,0.23065971038932997,0.04218814884903516
51.0,12.40064246,0.276897522,Macro,184.5479788,63.677539982,2.898164389707375,0.8009103369008348,0.19474123000834112,0.004348433090824046
23.0,12.42231673,0.151505969,Macro,85.69000563,35.573822699,2.4087938581986803,0.6465428299513772,0.3491982527463713,0.004258917302251549
63.0,22.72019,2.46555663,Macro,222.9110745,88.18574663,2.5277449363247517,0.7144011635386888,0.2576401614574616,0.027958675003849656
76.0,22.22593968,2.580100287,Nano,272.9416164,100.80603996699999,2.7075918912135677,0.7539230786655191,0.22048222197078582,0.025594699363695125
68.0,18.20170852,3.65305148,Micro,242.8010569,89.85476,2.702150191041632,0.7567768251787663,0.20256810568521913,0.040655069136014604
95.0,33.91345228,6.737153756,Mega,337.8234552,135.650606036,2.4903939987584414,0.700328607266142,0.25000590318778076,0.04966548954607724
13.0,9.975807172,4.087393544,Micro,53.3680028,27.063200716,1.9719767576659315,0.4803570773620389,0.3686115059591682,0.15103141667879283
83.0,26.74193614,3.619405288,Macro,300.5207358,113.361341428,2.6509984092846315,0.7321719993293867,0.23589996204292268,0.03192803862769054
78.0,20.62100212,1.426906349,Macro,277.9782531,100.047908469,2.7784514174639843,0.7796264928833412,0.20611127644301977,0.01426223067363901
44.0,15.83934271,0.993123152,Micro,157.7260806,60.832465862,2.592794462052642,0.7232979853194694,0.2603764697938097,0.016325544886720937
16.0,3.886887275,1.722977656,Mega,54.57855736,21.609864931,2.525631582347626,0.7404025916445003,0.17986633824000184,0.07973107011549789
54.0,17.88647662,2.236199275,Mega,191.6377878,74.122675895,2.585413781761852,0.7285219988076902,0.24130910553387813,0.030168895658431626
25.0,8.077997265,0.739072022,Macro,89.39045885,33.817069287,2.6433532158377657,0.7392716319628126,0.2388733688435075,0.02185499919367983
89.0,29.55612297,6.364723126,Macro,310.4725062,124.920846096,2.48535385328247,0.7124511463171221,0.23659880551310478,0.050950048169773006
43.0,13.20914931,1.987019937,Mega,151.1689243,58.196169247,2.5975751712866,0.7388802485864074,0.2269762680415761,0.034143483372016455
80.0,23.59775824,7.812127296,Macro,282.5939877,111.409885536,2.5365252494464245,0.7180691337677526,0.21181027272822062,0.0701205935040267
91.0,25.30746615,3.608188794,Macro,320.4397694,119.915654944,2.6722096422660053,0.7588667221347917,0.2110438888218428,0.030089389043365573
46.0,6.828532561,4.305234817,Macro,158.6215801,57.133767378,2.776319283315439,0.8051280724350206,0.11951833170429793,0.07535359586068148
32.0,14.80241086,4.810377057,Nano,108.8853159,51.612787917000006,2.1096577087659276,0.620001385150132,0.2867973511487924,0.09320126370107548
95.0,27.71756398,7.05784165,Mega,340.6237637,129.77540563,2.6247173880630776,0.7320339284536899,0.21358102365732518,0.054385047888984975
98.0,33.92428664,7.869647949,Nano,350.2593982,139.793934589,2.505540739158514,0.7010318458245279,0.24267352328081196,0.05629463089466001
78.0,21.96746823,2.471420712,Micro,277.4594362,102.438888942,2.708536172791713,0.7614295782157781,0.21444461626714623,0.024125805517075615
50.0,13.42866192,2.739675375,Mega,178.1463431,66.168337295,2.6923200791001527,0.7556484270880756,0.20294694515491074,0.04140462775701367
54.0,15.39714942,2.588692921,Nano,192.9638874,71.98584234100001,2.6805810854573573,0.750147504619029,0.21389135584554314,0.035961139535427684
31.0,17.93169575,6.166019182,Mega,109.8232067,55.097714932,1.9932443085079048,0.5626367633986146,0.3254526212589901,0.11191061534239527
34.0,14.99603995,1.984357576,Micro,115.6900484,50.980397526,2.2693045565405425,0.666923006684285,0.2941530603474016,0.038923932968313514
61.0,22.40469773,6.194422557,Mega,218.13099,89.59912028699999,2.43452155893152,0.6808102557771489,0.2500548851175575,0.06913485910529363
49.0,16.67239093,2.471372347,Nano,175.1861676,68.143763277,2.5708320053866047,0.7190680062798728,0.24466495726436188,0.0362670364557653
15.0,3.578435619,0.504868131,Mega,54.32301471,19.08330375,2.8466252710566433,0.7860274193874842,0.18751656766978833,0.02645601294272749
86.0,34.12647526,6.036185407,Micro,304.7199358,126.16266066700001,2.4152941463742024,0.6816596887330449,0.2704958430614832,0.04784446820547172
40.0,5.903771109,3.454079966,Nano,139.4600968,49.357851075,2.8254896386815602,0.8104080532035197,0.11961159127509687,0.06998035552138349
79.0,24.13102522,4.384600824,Micro,283.4678628,107.515626044,2.6365271098732457,0.7347769148241746,0.2244420286417209,0.04078105653410448
47.0,14.73574073,0.827430976,Nano,168.4997705,62.563171706000006,2.6932741084774694,0.751240685508477,0.23553378654213586,0.013225527949386985
14.0,5.599582378,2.536887018,Macro,45.55690769,22.136469396000003,2.058002424642839,0.6324405102527217,0.2529573383103192,0.11460215143695897
51.0,11.85768831,0.976363129,Mega,184.2395531,63.834051439,2.8862268483155864,0.7989466256694633,0.18575804046107336,0.015295333869463313
47.0,18.34351719,1.261528644,Micro,167.4081017,66.605045834,2.513444733860432,0.7056522431819696,0.27540732027596854,0.018940436542061883
51.0,19.80563998,1.57626412,Macro,179.2364139,72.3819041,2.4762600007368416,0.7045959986012581,0.27362695450284513,0.021777046895896733
53.0,17.97812572,3.066072741,Nano,190.3354223,74.04419846100001,2.5705649633070444,0.7157886924512493,0.242802624563075,0.04140868298567562
96.0,30.85279773,10.12766664,Mega,344.6565241,136.98046437,2.516099837193157,0.7008298624298204,0.22523502071553095,0.07393511685464875
47.0,10.45375486,0.938999298,Nano,164.5722371,58.392754158,2.8183674408420254,0.8048943859169013,0.17902486379926644,0.01608075028383216
98.0,27.33731038,2.839123372,Mega,350.1683343,128.176433752,2.731924457950806,0.7645711238121481,0.21327875631875615,0.022150119869095666
96.0,32.98619486,5.525464692,Mega,342.0394521,134.51165955200003,2.542823820917718,0.7136927781556955,0.24522926094185962,0.04107796090244463
50.0,18.73230444,2.183080952,Mega,178.6355576,70.915385392,2.518995794954136,0.7050656176175913,0.264150075987787,0.030784306394621586
80.0,23.19605289,8.143661019,Nano,283.1998889,111.33971390900001,2.5435658037658015,0.7185216953708491,0.20833584060543356,0.07314246402371721
86.0,30.95791818,4.851285555,Macro,309.7449531,121.80920373500001,2.542869862066092,0.7060221835707576,0.254150895258703,0.039826921170539244
65.0,17.07409018,1.832808412,Micro,236.7067244,83.906898592,2.821063921704389,0.774668127302197,0.20348851484814512,0.02184335784965775
19.0,9.174730453,1.239992811,Nano,70.87944522,29.414723264000003,2.409658747554756,0.6459350247654262,0.3119094601249824,0.04215551510959134
18.0,10.86748903,0.690997745,Macro,67.39598752,29.558486775000002,2.2800892357250926,0.6089621615956353,0.36766053393475856,0.023377304469606088
37.0,10.40371072,0.263531928,Nano,133.9506811,47.667242648,2.81012019279492,0.776214396818114,0.21825702814040396,0.005528575041482018
18.0,7.745910759,1.059993514,Macro,56.79460661,26.805904273,2.1187349634463124,0.6714938551105076,0.2889628598279371,0.03954328506155522
34.0,10.64010399,0.805867329,Micro,116.151319,45.445971319,2.5558111231619685,0.7481411225946296,0.23412645128241757,0.017732426122952814
35.0,13.51560013,2.032471444,Micro,125.1482062,50.548071574,2.4758255320737392,0.6924101931121477,0.2673811227439962,0.04020868414385616
24.0,18.9731144,5.827214413,Macro,91.0654531,48.800328813,1.8660827767976211,0.49179996495446976,0.3887907082082144,0.11940932683731588
59.0,18.05024365,2.889912691,Macro,210.5037124,79.940156341,2.6332662085630183,0.738052096725008,0.22579695207253833,0.03615095120245357
20.0,9.02380286,1.837913545,Nano,70.50156181,30.861716405,2.2844342448360333,0.6480520959216559,0.2923947178303416,0.05955318624800253
79.0,31.03149745,0.39838658,Macro,279.7149704,110.42988403,2.532964449405843,0.715386063237542,0.28100633920406737,0.003607597558390735
19.0,10.87774957,4.665977177,Mega,67.66277336,34.543726747,1.9587571965111226,0.5500275097460375,0.3148979740856911,0.13507451616827137
62.0,16.05487189,1.791704679,Macro,219.7573225,79.846576569,2.7522447666882135,0.7764891453601926,0.2010715121408626,0.02243934249894465
65.0,22.2209252,5.664413416,Mega,229.7089662,92.885338616,2.473037937124249,0.6997875118776108,0.2392296301127154,0.06098285800967382
81.0,29.27447207,6.035831622,Macro,292.177771,116.310303692,2.512054063358932,0.6964129353018902,0.25169285214422105,0.05189421255388875
30.0,17.31812448,0.263189631,Macro,110.0161747,47.581314111000005,2.312171842151079,0.630499610204429,0.3639690244703927,0.00553136532517825
84.0,27.30421498,6.617741832,Macro,298.9910789,117.92195681199999,2.5354996387710385,0.7123355333554979,0.2315447921503747,0.0561196744941275
22.0,11.34566071,0.030706718,Mega,79.61416319,33.376367428,2.385345360358489,0.659149023555626,0.3399309626631786,0.000920013781195362
58.0,17.39836485,3.796159847,Macro,207.624235,79.194524697,2.621699363616044,0.7323738632425572,0.21969151171203471,0.04793462504540802
62.0,21.34402806,1.262535921,Mega,222.592925,84.606563981,2.630917916132222,0.7328036630103933,0.25227390235104225,0.014922434638564524
21.0,14.65992703,3.07256704,Macro,71.92646932,38.73249407,1.8570058821931161,0.542180422516747,0.37849168719952764,0.07932789028372528
15.0,2.524965192,4.075476124,Mega,54.68286208,21.600441316,2.5315622620865157,0.6944302563341201,0.11689414836768605,0.18867559529819375
83.0,24.96773561,6.371890502,Micro,294.6586689,114.339626112,2.5770476860871545,0.7259075687259844,0.21836467774997928,0.05572775352403629
22.0,8.277327114,0.572917278,Nano,71.99035308,30.850244392,2.3335423916015507,0.7131223895816197,0.2683066950402005,0.018570915378179866
28.0,7.492119318,1.454800109,Nano,99.43162185,36.946919427,2.691201956538156,0.7578439673522067,0.2027806224224725,0.03937541022532082
24.0,5.369133391,0.821603124,Macro,89.40602806,30.190736514999998,2.9613728706346536,0.7949458267795426,0.1778404242749227,0.027213748945534796
73.0,23.60921933,3.105811614,Nano,256.9016473,99.715030944,2.5763582969179044,0.7320862191879259,0.23676690571613968,0.03114687509593438
31.0,7.231927741,5.155800945,Macro,111.7938657,43.387728686,2.5766240613575313,0.7144877351001512,0.16668140877661428,0.11883085612323449
38.0,15.1755205,3.707866988,Micro,139.3446605,56.883387488,2.4496547525302685,0.6680333517060039,0.26678299535521505,0.06518365293878119
34.0,14.60687996,2.153001784,Mega,118.692777,50.759881744,2.3383186272696532,0.6698203154111746,0.2877642629994225,0.04241542158940299
39.0,14.01002933,5.185134443,Nano,146.0565226,58.195163773000004,2.5097707976167567,0.670158780755838,0.24074215831144438,0.08909906093271748
63.0,22.61215309,5.02351081,Nano,228.6158922,90.6356639,2.522361313006281,0.6950906220481715,0.24948405646312036,0.055425321488708164
25.0,11.50047978,0.639035727,Mega,95.2140988,37.139515507,2.563687153701674,0.6731374833171434,0.3096561606419558,0.017206356040900844
50.0,13.41767007,5.549605841,Macro,180.8107207,68.967275911,2.6216885952307334,0.724981512457058,0.19455125481996796,0.08046723272297406
25.0,9.788056925,0.503682531,Macro,92.84837436,35.291739456,2.630881214448462,0.7083810655229609,0.27734696775723583,0.014271966719803271
43.0,12.51243715,2.496333383,Mega,149.2324311,58.008770532999996,2.572583933926073,0.7412672188171646,0.21569905783267604,0.04303372335015939
55.0,12.20695949,5.385105587,Micro,196.4569343,72.592065077,2.7063141693463852,0.7576585669750584,0.16815831698756342,0.07418311603737819
97.0,38.15692117,8.104644048,Micro,338.2614835,143.26156521800002,2.361146082588656,0.6770832068768469,0.26634443866320257,0.056572354459950416
32.0,3.523750421,0.028430966,Macro,115.1220044,35.552181387000005,3.238113665849361,0.9000854167474828,0.09911488644374697,0.0007996968087701097
71.0,17.55050904,4.041451356,Macro,252.3732128,92.591960396,2.7256493082190167,0.7668052355338965,0.1895467918050279,0.04364797266107556
66.0,24.52006676,7.789470963,Macro,235.6225023,98.30953772299999,2.39674102592057,0.6713488998998617,0.2494169673454116,0.07923413275472677
58.0,17.11009877,1.23426039,Nano,211.9927344,76.34435916000001,2.7767963046976734,0.7597155918022116,0.22411739332491107,0.016167014872877215
64.0,20.36203851,1.527641801,Macro,228.7836731,85.889680311,2.663692218571448,0.7451419049210669,0.2370720025533988,0.01778609252553421
73.0,20.36512667,4.010355503,Nano,259.5772624,97.375482173,2.665735322766647,0.7496753635612933,0.209140188223343,0.041184448215363816
45.0,10.52286115,1.8555802,Micro,162.7540906,57.378441349999996,2.836502469755568,0.7842666852085902,0.1833939874004612,0.032339327390948726
78.0,20.72400777,5.503499783,Macro,274.793308,104.227507553,2.636475863727882,0.7483629018024515,0.19883434091966345,0.052802757277885144
54.0,23.65763584,3.84699715,Mega,186.2853227,81.50463299,2.28557955377648,0.6625390240898992,0.29026124003162634,0.04719973587847451
15.0,5.993082777,0.052900571,Macro,54.19133015,21.045983347999996,2.5749013127081946,0.7127250721418751,0.28476135697263694,0.0025135708854880923
81.0,34.258988,2.933485172,Mega,286.823796,118.192473172,2.4267517913987526,0.685322828316863,0.28985761174609226,0.024819559937044686
16.0,5.381920952,1.304031365,Nano,54.26761664,22.685952317,2.3921242485965153,0.705282272325425,0.23723583990639838,0.0574818877681766
11.0,0.401648899,1.160768013,Nano,35.10150553,12.562416912,2.7941681744752462,0.8756276819226138,0.031972263125285456,0.09240005495210077
50.0,22.72817663,3.794120277,Mega,184.0402125,76.52229690700001,2.4050534280703824,0.6534043281628961,0.2970137796258557,0.049581892211248126
41.0,12.26171856,1.62291368,Mega,146.6595162,54.88463224,2.6721417310165436,0.7470214944816399,0.22340895911230396,0.02956954640605605
41.0,11.53355109,0.506740109,Macro,148.1300442,53.040291199,2.7927833888437017,0.7729972644036501,0.21744886442511552,0.009553871171234329
54.0,22.28131461,1.493831312,Nano,190.9775407,77.775145922,2.4555086131439685,0.6943092084218797,0.28648373906422153,0.019207052513898853
28.0,6.008656035,2.789498789,Micro,100.8050371,36.798154824,2.7394046680366237,0.7609077176265973,0.16328688391411175,0.07580539845929096
23.0,7.696523878,0.088922876,Macro,84.19134063,30.785446754000002,2.7347772895016016,0.7471062604284465,0.25000526838220977,0.002888471189343585
13.0,12.37241338,6.51582713,Micro,46.12759555,31.888240509999996,1.4465393766562509,0.4076737942290439,0.3879929774149838,0.20433322835597242
26.0,0.205639537,3.980317771,Mega,90.03770827,30.185957308,2.9827680252545066,0.861327660895796,0.006812423899688635,0.13185991520451534
98.0,32.97063473,7.890909685,Micro,349.0638325,138.861544415,2.513754502519372,0.7057389460333117,0.2374353163714235,0.05682573759526481
64.0,22.69323068,0.34962043,Micro,226.0179062,87.04285111,2.5966280207707224,0.7352700329073584,0.2607133198259043,0.004016647266737262
24.0,8.526778372,1.872740701,Nano,83.14710788,34.399519073,2.4171008816591777,0.6976841725336059,0.24787492970192784,0.05444089776446625
38.0,10.83336646,0.830750887,Nano,137.6605628,49.664117347,2.7718314580761496,0.7651399446907803,0.218132668789983,0.016727386519236755
41.0,17.50679395,1.258508241,Micro,148.0600815,59.765302191,2.4773585353391923,0.6860167772426012,0.29292571622998215,0.02105750652741646
32.0,16.29046631,5.212856081,Mega,112.8582906,53.503322391,2.1093697653995473,0.5980936990444325,0.30447578920333146,0.09743051175223606
75.0,21.53695515,1.232423551,Micro,264.9989865,97.769378701,2.7104497340667826,0.7671113491409851,0.22028323628673852,0.012605414572276447
82.0,28.92043035,3.213066798,Micro,285.3921433,114.133497148,2.500511685276096,0.7184569127297341,0.2533912573667842,0.028151829903481612
12.0,2.595316198,0.334169058,Mega,44.02356801,14.929485256,2.948766635628472,0.8037785492421669,0.17383829070442802,0.022383160053405127
91.0,30.72941231,8.1039854,Nano,327.0055885,129.83339770999999,2.5186554019822394,0.7008982403992885,0.23668341776465093,0.062418341836060695
30.0,6.767266093,2.455374837,Nano,110.2188976,39.222640930000004,2.810083538145885,0.7648643561136157,0.17253468742906494,0.06260095645731929
36.0,15.3930559,3.601161957,Nano,119.2207147,54.994217857,2.1678772668429698,0.654614274060772,0.27990316982098284,0.0654825561182451
72.0,24.32547288,3.671370321,Nano,259.992715,99.996843201,2.6000092270652795,0.72002272967033,0.24326240810526642,0.03671486222440355
90.0,34.618359,4.361735086,Nano,321.9573372,128.980094086,2.4961784954609243,0.6977820929483175,0.2684007888606247,0.03381711819105767
65.0,8.880265456,1.010124863,Macro,231.3702065,74.890390319,3.0894512034783776,0.8679351212235468,0.118576835000779,0.013488043775674207
91.0,27.70783425,3.169181243,Mega,326.5119941,121.877015493,2.6790284679948795,0.746654318961614,0.22734257265752786,0.026003108380858096
95.0,27.53643281,8.981325852,Macro,336.4318516,131.517758662,2.558071662889483,0.7223359108799104,0.20937425553889263,0.06828983358119692
13.0,4.074671666,2.969846102,Nano,48.53912162,20.044517768,2.4215659454521834,0.6485563858639596,0.20328110225255686,0.1481625118834837
77.0,25.12131765,5.518115349,Nano,272.5367838,107.63943299900001,2.5319418377327567,0.7153512226389687,0.23338396487310914,0.051264812487922196
100.0,26.45201531,3.438501994,Nano,353.7470106,129.890517304,2.723424449623824,0.7698791418772837,0.2036485484778757,0.02647230964484049
59.0,15.35208505,0.201442064,Mega,210.3493507,74.553527114,2.82145404574024,0.7913777159031381,0.20592030510541887,0.0027019789914429454
53.0,23.78936741,2.363466948,Micro,187.8129057,79.15283435799999,2.3727881284773944,0.6695906777044337,0.30054978577776736,0.02985953651779905
14.0,0.936349062,0.389304514,Mega,47.04218287,15.325653576,3.0695058215114646,0.9135010086567547,0.06109684375655758,0.02540214758668769
71.0,26.92055929,5.625046446,Micro,248.1605299,103.545605736,2.3966302397487573,0.6856881998548706,0.2599874625161467,0.054324337628982776
18.0,4.855549489,2.078003457,Mega,64.19337778,24.933552946000002,2.5745780362320287,0.7219187750331295,0.19473957440064546,0.0833416505662249
21.0,17.91700078,4.655722638,Micro,77.38879735,43.572723417999995,1.7760835513446587,0.48195289053988416,0.41119763408220755,0.10684947537790833
87.0,35.10610721,7.594133849,Mega,312.3512598,129.700241059,2.408255044475306,0.6707774734236933,0.2706711022536219,0.05855142432268469
65.0,23.20506523,2.070453608,Nano,229.998704,90.275518838,2.5477417018531257,0.7200180163643581,0.25704715440784826,0.022934829227793663
67.0,18.22410861,3.249878409,Nano,233.5076225,88.473987019,2.6392799778521754,0.7572847371014442,0.2059826760840599,0.036732586814495885
72.0,23.9201259,4.595566086,Micro,260.143266,100.51569198600001,2.5880861073535977,0.7163060670171607,0.23797404591644888,0.045719887066390366
49.0,13.38629377,0.812175296,Mega,171.4453032,63.198469066,2.712807853319274,0.7753352371372774,0.21181357662351447,0.012851186239208133
67.0,20.0109313,6.373311471,Micro,239.525809,93.38424277099999,2.564948881015969,0.7174657952123644,0.21428595131484318,0.06824825347279252
44.0,11.68347203,0.391381397,Nano,155.3376613,56.07485342700001,2.770183991692879,0.7846654482526748,0.20835492767198951,0.0069796240753355245
98.0,39.52760349,3.778663467,Mega,347.9878618,141.306266957,2.4626498830790995,0.6935290423447514,0.27973001014900767,0.0267409475062409
46.0,8.337110578,0.799469099,Mega,162.3714748,55.136579677,2.9448956709175884,0.8342918670232407,0.1512083380369311,0.014499794939828219
60.0,20.78911569,7.601170729,Mega,211.2108061,88.390286419,2.3895250785678983,0.6788076205068462,0.23519683589950738,0.08599554359364632
61.0,20.78954416,2.473938172,Macro,225.8221508,84.263482332,2.6799527452503766,0.7239197611090726,0.246720685932356,0.029359552958571407
23.0,9.64461029,2.980151081,Micro,80.4419939,35.624761371000005,2.2580360065368192,0.6456183596705557,0.27072771630832876,0.08365392402111536
12.0,3.812578426,0.346377813,Nano,41.90670866,16.158956239,2.593404427871228,0.7426222227793238,0.2359421221030513,0.021435655117625078
28.0,14.92757909,4.441420338,Mega,98.41240438,47.368999428,2.077569836145368,0.5911038936458745,0.3151339329573478,0.09376217339677771
26.0,15.39340935,2.025059397,Nano,91.25692569,43.418468747,2.101799725406148,0.5988235133648391,0.3545359796011601,0.04664050703400086
59.0,19.63437742,3.460642502,Mega,214.538217,82.09501992199999,2.613291490809513,0.7186794041350743,0.23916648584353822,0.042154110021387664
57.0,21.06609239,1.367707729,Mega,199.4783271,79.433800119,2.511252474402093,0.7175786619122859,0.26520312963047005,0.01721820845724406
77.0,24.50900907,5.51559835,Mega,272.5490106,107.02460742000001,2.546601358044953,0.7194607096088332,0.22900349425079908,0.05153579614036766
32.0,16.97849321,3.037709099,Mega,119.2234816,52.01620230899999,2.2920450995587505,0.6151929318081583,0.3264077817357753,0.05839928645606653
89.0,26.23719393,2.72964696,Macro,316.0589847,117.96684089,2.6792188577357434,0.7544492954845626,0.22241160085371173,0.0231391036617256
67.0,30.71360454,3.644550892,Micro,242.6519857,101.358155432,2.3940055407065137,0.6610222898634882,0.3030205552685437,0.035957154867968036
23.0,7.152598827,2.853751524,Mega,84.82326317,33.006350351,2.56990737442833,0.6968356014951881,0.21670371764636184,0.08646068085845
81.0,29.25634134,6.17428655,Mega,290.4388997,116.43062789000001,2.4945231762762416,0.6956932335409738,0.2512770210913959,0.053029745367630166
28.0,7.515169009,1.384553635,Mega,101.4529068,36.899722644,2.7494219341102966,0.7588132916373798,0.20366464760466127,0.03752206075795891
34.0,9.103024458,2.079436044,Macro,124.7625062,45.182460502,2.7613039399321204,0.7525043926834173,0.20147252621616424,0.046023081100418466
94.0,33.41641605,4.995088425,Mega,333.055041,132.41150447500002,2.5153028984946135,0.709908103323059,0.25236792061606095,0.03772397606087995
30.0,15.00373423,1.25841303,Macro,104.9549191,46.26214726,2.2686996889733217,0.6484783300566581,0.3243198839361439,0.027201786007197973
81.0,24.00515281,5.328289074,Micro,288.9235024,110.333441884,2.618639439380149,0.7341382505329621,0.2175691467618496,0.04829260270518835
66.0,14.56091329,6.555528147,Nano,234.6848944,87.116441437,2.693921956967412,0.7576067032964061,0.16714311385790495,0.0752501828456889
60.0,23.52912897,2.915714279,Nano,214.5606694,86.444843249,2.4820528482187054,0.6940842014968207,0.27218661155096935,0.03372918695220989
43.0,13.11223201,1.482339505,Mega,151.6920999,57.594571515,2.6337916214984447,0.7465981405695679,0.22766437296238995,0.02573748646804218
71.0,25.19676618,8.050997952,Mega,249.577754,104.247764132,2.3940825597370234,0.6810697628977327,0.24170078264791844,0.07722945445434888
42.0,14.75288398,5.193192475,Mega,153.4022709,61.946076455,2.4763839726223384,0.678009042760124,0.2381568748864516,0.0838340823534245
36.0,20.63387374,3.44271492,Micro,129.5227154,60.07658866,2.1559598886851976,0.5992350897907991,0.34345947731446974,0.05730543289473121
90.0,25.32989622,4.301506554,Nano,318.9592326,119.631402774,2.6661831693352074,0.7523108307107479,0.211732836300947,0.03595633298830518
37.0,11.42740433,0.01459412,Macro,130.2634105,48.44199845,2.6890593837587637,0.763800032696628,0.23589869732139426,0.00030126998197779764
11.0,2.565648922,2.035296833,Mega,37.59292526,15.600945755,2.409656815065312,0.7050854590962585,0.16445470436801732,0.13045983653572418
10.0,3.493645464,0.455395626,Nano,32.82550766,13.94904109,2.3532447462307964,0.7168951568412076,0.25045775128618536,0.032647091872607
14.0,4.248346436,2.679145923,Micro,50.93199643,20.927492359,2.433736233481236,0.6689764717070468,0.20300312923889194,0.12802039905406137
33.0,1.029264173,1.512697044,Macro,112.3154077,35.541961217,3.1600790686327866,0.9284799957582487,0.028959127120641134,0.04256087712111016
31.0,6.304845298,0.802279711,Micro,110.4393737,38.107125009,2.898129252047139,0.8134961635830185,0.16545056328733654,0.021053273129644928
77.0,17.33138261,0.414472802,Micro,272.7812221,94.745855412,2.8790834270672594,0.8127004570824488,0.18292496842880263,0.004374574488748614
60.0,16.68841769,2.946457918,Macro,211.4791456,79.63487560799999,2.65560966831918,0.7534387357537669,0.20956167210140667,0.03699959214482661
54.0,21.01929195,4.458744221,Macro,194.3872685,79.478036171,2.445798586187616,0.6794329930827299,0.26446667485311537,0.05610033206415472
41.0,10.00619167,2.910335869,Mega,146.9844593,53.916527539,2.7261484744854942,0.7604347288564355,0.1855867231576091,0.053978547985955444
82.0,28.98362002,5.778260941,Mega,292.9578942,116.761880961,2.509019996841707,0.702283993072954,0.2482284439189611,0.049487563008084934
40.0,4.588934853,2.298753596,Mega,141.7106381,46.887688448999995,3.0223421709973928,0.8531024096764384,0.09787078452356231,0.04902680579999945
65.0,18.7429314,7.643730103,Mega,233.2927075,91.386661503,2.552809169994043,0.7112635359577745,0.20509482556581538,0.08364163847641021
26.0,9.175047221,0.906720708,Micro,92.1842394,36.081767929,2.554870359495571,0.7205855337011637,0.2542848576337563,0.025129608665079888
88.0,31.64818367,2.021944599,Nano,311.9119717,121.670128269,2.5635871034046667,0.7232670931803503,0.26011465690271285,0.016618249916936806
85.0,32.78584244,3.253216367,Macro,303.0606747,121.039058807,2.5038254402096625,0.7022526516463975,0.27086993870530585,0.026877409648296588
77.0,23.07796216,2.215638886,Macro,273.2603079,102.29360104599999,2.6713333493570013,0.752735256288164,0.22560513975475519,0.021659603957080935
45.0,12.98767686,2.977329727,Mega,158.5387703,60.965006587,2.6004880369160226,0.7381283545960556,0.2130349455710459,0.04883669983289852
16.0,5.33194285,0.326301556,Macro,59.78506486,21.658244406,2.760383701434161,0.7387487046534348,0.24618536710772768,0.015065928238837512
35.0,13.462027,1.42884286,Nano,119.121765,49.89086986,2.3876465841199104,0.7015311638825773,0.26982947055796236,0.0286393655594603
27.0,15.96407307,2.807301417,Macro,98.350313,45.771374486999996,2.1487297268718355,0.5898883374732072,0.34877853787270735,0.06133312465408551
36.0,10.86043151,0.898713087,Micro,130.9007509,47.759144596999995,2.7408520819324425,0.753782344800651,0.22740004247651874,0.018817612722830317
32.0,10.39891437,1.174828669,Mega,115.4899963,43.573743039,2.6504492899917382,0.7343872196464485,0.23865093161018125,0.026961848743370244
64.0,23.62140255,3.370604572,Nano,226.5081159,90.992007122,2.4893188211169264,0.7033584819619405,0.2595986537403111,0.037042864297748376
63.0,19.29607338,2.482620404,Nano,226.5692067,84.778693784,2.672478149725393,0.7431112368929866,0.22760522153316878,0.029283541573844545
23.0,10.69072552,3.635755458,Nano,84.80777196,37.326480978,2.2720537735658817,0.6161845263033517,0.28641128871218935,0.09740418498445895
31.0,17.07433788,4.8192763,Mega,109.5943019,52.89361418,2.071976052289494,0.5860820910158497,0.3228052789490817,0.09111263003506864
40.0,12.1535313,4.060535456,Micro,144.9858839,56.214066755999994,2.5791744356322517,0.7115656686719007,0.21620089065523435,0.07223344067286504
72.0,17.91038389,1.864167533,Micro,255.4199022,91.77455142299999,2.7831234066483073,0.7845312113610156,0.19515632179392386,0.02031246684506064
43.0,10.50127161,0.545957832,Micro,153.887538,54.047229442,2.847278937121877,0.795600448791641,0.19429805594881208,0.010101495259546777
34.0,20.27248327,4.340842223,Mega,122.2917091,58.613325493,2.086414788299376,0.5800728710412534,0.34586816392837283,0.07405896503037374
11.0,7.398527379,1.313158384,Micro,37.99292289,19.711685763000002,1.9274314407606357,0.5580446103015527,0.37533712072903846,0.06661826896940878
44.0,22.68889721,1.209024214,Mega,161.1069719,67.89792142399999,2.3727820899544247,0.6480316197786763,0.33416188204518615,0.01780649817613775
51.0,14.59833479,1.9868408,Micro,178.5226415,67.58517558999999,2.641446736529815,0.7546033513234822,0.21599906580933692,0.02939758286718095
16.0,8.816320663,1.782789571,Nano,53.2142485,26.599110233999998,2.00060257775012,0.601523880281837,0.3314517134385436,0.06702440627961948
14.0,17.13933034,1.23397456,Mega,46.9175841,32.3733049,1.4492676680656105,0.4324550750454891,0.5294278848867234,0.038117040067787454
77.0,27.90609645,4.144917168,Macro,277.7334087,109.05101361800001,2.546820973832353,0.7060915570186901,0.2558994687362888,0.03800897424502103
44.0,19.00284737,4.362036251,Mega,154.2330303,67.364883621,2.2895167631807523,0.6531592965787245,0.28208832775413784,0.06475237566713765
65.0,28.94536709,3.995953974,Mega,235.6033258,97.94132106400001,2.4055559312503494,0.6636626838791115,0.29553784628946933,0.0407994698314191
60.0,12.84059374,2.482908311,Nano,214.7866392,75.323502051,2.851522212211699,0.7965641315956768,0.1704726066945997,0.03296326170972339
37.0,10.52698932,0.830311194,Macro,134.409246,48.357300513999995,2.779502672219823,0.7651378304148321,0.21769183159742997,0.017170337987738073
79.0,24.06313015,2.173279578,Nano,284.7087359,105.23640972800001,2.705420458906517,0.7506907562143926,0.22865784011631457,0.02065140366929261
11.0,3.335733398,1.314762104,Mega,39.78811714,15.650495502,2.542291209560452,0.702853145997473,0.21313915572664913,0.08400769827587788
11.0,2.611100506,0.010188713,Micro,37.72268433,13.621289219,2.769391628318233,0.8075593890669593,0.1916926117652535,0.0007479991677871443
67.0,23.6283028,4.805357168,Mega,235.9204286,95.433659968,2.4720882409739584,0.7020583725120243,0.2475887732684971,0.05035285421947865
53.0,24.70222638,0.169467336,Mega,192.1249092,77.871693716,2.467198285177722,0.6806067451581613,0.3172170168802239,0.002176237961614802
43.0,14.23410457,7.556928483,Nano,154.9981773,64.791033053,2.3922782211731253,0.6636720850680892,0.21969250834997947,0.11663540658193122
42.0,13.68202657,1.153591556,Macro,151.7320042,56.835618126,2.6696640100512736,0.738973224622795,0.24072979270970618,0.020296982667498756
61.0,18.08794359,3.124233649,Micro,217.3924532,82.212177239,2.6442853175876344,0.741982538945127,0.22001538211810548,0.03800207893676752
60.0,13.99300627,2.410218362,Macro,210.9592176,76.40322463199999,2.7611297640393553,0.785307168499668,0.18314680221153,0.03154602928880213
60.0,15.56981304,0.539963086,Macro,219.1485184,76.109776126,2.879374103494916,0.7883349952398991,0.20457047481290866,0.007094529947192187
18.0,9.845450771,3.252628408,Mega,65.27423647,31.098079179,2.098979685989049,0.5788138841756855,0.31659353345683366,0.1045925823674809
66.0,16.78678642,3.787461161,Micro,238.7115434,86.574247581,2.7573042800823466,0.7623514133143293,0.19390045988322407,0.04374812680244668
88.0,35.54456113,7.522555177,Macro,309.9038963,131.067116307,2.3644671907948944,0.6714117352965683,0.2711935848710028,0.05739467983242901
85.0,24.18110445,2.542531154,Mega,301.9941161,111.723635604,2.7030459084808713,0.7608058898233417,0.21643678456462845,0.02275732561202986
55.0,23.71846209,4.222897828,Mega,194.2077346,82.941359918,2.341506514867896,0.6631191007041091,0.2859666409310055,0.05091425836488537
12.0,6.240949586,2.19481368,Mega,41.71036588,20.435763266,2.0410476152557324,0.5872058627712232,0.30539351551323657,0.1074006217155403
41.0,6.723993053,2.762772605,Nano,149.3456181,50.486765658,2.95811419395877,0.8120940104924952,0.13318328012035235,0.054722709387152395
14.0,0.021882615,0.301150118,Micro,53.70202085,14.323032733000002,3.749347072723749,0.977446624676369,0.0015277920122030344,0.021025583311427874
60.0,21.84186431,5.092528304,Macro,210.6800156,86.934392614,2.423436907593599,0.6901756393054679,0.2512453777296255,0.058578982964906504
54.0,26.07759747,3.808178699,Macro,188.7232018,83.885776169,2.249764029360471,0.643732495139691,0.3108703127150295,0.045397192145279486
93.0,25.28514889,2.805839643,Macro,327.4662875,121.090988533,2.7042993988834945,0.7680175141575909,0.20881115264088565,0.023171333201523463
99.0,36.02417394,4.288754978,Macro,355.8071214,139.312928918,2.5540136451328874,0.710630382757021,0.2585845708635121,0.030785046379466857
19.0,1.49019226,1.485684144,Micro,66.3938002,21.975876404,3.021212850829246,0.864584403857571,0.06781036772343507,0.06760522841899397
16.0,2.339222151,0.563120609,Mega,52.42379978,18.90234276,2.7734022414901975,0.8464559236465776,0.12375302790245245,0.029791048450969897
26.0,4.472360044,0.717090273,Micro,94.6858656,31.189450317,3.0358298924040636,0.8336152043637827,0.14339335892567215,0.022991436710545217
71.0,20.61068542,6.54557309,Nano,249.1019155,98.15625851,2.537809807355502,0.7233364543206039,0.20997831144817133,0.06668523423122477
44.0,19.80007236,5.096191875,Micro,163.6314574,68.896264235,2.37504107395236,0.6386413035388869,0.28738963686715197,0.07396905959396101
71.0,17.5346403,1.94087322,Macro,253.6104113,90.47551352,2.803083413767398,0.784742713665893,0.19380536918559618,0.0214519171485107
42.0,15.96668752,5.046547629,Micro,148.2024141,63.013235149,2.3519251749186205,0.6665266415966031,0.25338625262209513,0.08008710578130167
